ordem,celula,arquivo,imagem_base,variacao,em_m25,sha256
0,casada__alto,04.05.2022-13-46-07_v01.png,04.05.2022-13-46-07,1,1,bd4d099347d998293a427b8c54d7f44024acdc2e673674129b93b95fc774f40a
1,casada__alto,20.04.2022-11-31-35_v00.png,20.04.2022-11-31-35,0,1,3dd97c0b9b2de5f8b4fe40460c0c6e810bd671f592abdfe3c1df32dfc1b06bb1
2,casada__alto,13.04.2022-13-37-52_v00.png,13.04.2022-13-37-52,0,1,608169b29dd92babb0f280fa7e01ae34015cfe62ef06526b0ad56c6b1d891d4f
3,casada__alto,07.07.2022-09-26-33_v01.png,07.07.2022-09-26-33,1,1,1984d89290ac80cb133f1174523c98b61ee4b61b443e59d5bbc2279008b17ff3
4,casada__alto,24.06.2022-13-50-28_v01.png,24.06.2022-13-50-28,1,1,f90a03e8d8a0e5ea89bbfa48534bc55fcafe449ae17a28b70871fabfd68caf29
5,casada__alto,04.05.2022-11-26-16_v00.png,04.05.2022-11-26-16,0,1,19843cec1f3acf8f65f1e85023cec60883fac84b9e1a47e66e20e4ac07fac347
6,casada__alto,27.06.2022-15-49-41_v00.png,27.06.2022-15-49-41,0,1,5bb57480e91a75510ca52d667bc6066306758868f70958a0f6eca29f8b85003e
7,casada__alto,22.07.2022-15-50-20_v01.png,22.07.2022-15-50-20,1,1,e372683507de5818ddc0b2ea50fa4a1924c2847372be27465c9afc93f653465b
8,casada__alto,07.04.2022-10-58-46_v00.png,07.04.2022-10-58-46,0,1,024e28f55d2486065f0904debad82b423730f30085643bf5f8a52214340a1b32
9,casada__alto,11.05.2022-15-16-47_v01.png,11.05.2022-15-16-47,1,1,20c26ce4d1e19989e7a9566791e7da80572e8dff8be7ac29f440e9007a930467
10,casada__alto,22.07.2022-10-07-41_v01.png,22.07.2022-10-07-41,1,1,3681c9705a8d96fb471c7327c45e9b125ac6067b1c2c8015cd7a04b5f28ee2b1
11,casada__alto,07.04.2022-16-02-10_v00.png,07.04.2022-16-02-10,0,1,bc0c01dd638d06e09519404c1c1c0f072615413183eba6df314e6056904e3d31
12,casada__alto,24.06.2022-15-53-04_v00.png,24.06.2022-15-53-04,0,1,dd737e3d05df2449081efaff5e84a54a41d6ea9d258af5cbb8e2e3a31067428d
13,casada__alto,11.07.2022-16-12-59_v01.png,11.07.2022-16-12-59,1,1,8268bdc8e8b1d0291abc7b47fbb8b3c9db3bdc478e782dc211ee233c5c0e5329
14,casada__alto,20.04.2022-11-36-18_v01.png,20.04.2022-11-36-18,1,1,29705f9867eefbd00198a0b3bb0631f81a3060f52532d124f3d32a33295ac6f2
15,casada__alto,10.05.2022-13-38-28_v00.png,10.05.2022-13-38-28,0,1,9dbd2ed2e92c8f04009e0ca1cd7fdf0dc1d1fe3d7a87bc8f635e1e5e4c5a8c7a
16,casada__alto,07.04.2022-11-05-07_v00.png,07.04.2022-11-05-07,0,1,36165b77639a01ee2cc468e4b25c8a9fcbdd4df6d721720d2829ec9e7f2d7ea7
17,casada__alto,27.04.2022-10-40-58_v01.png,27.04.2022-10-40-58,1,1,0349825fd24b4dc831a2afaa6cfee4e9bc163ec6611ed80284750b885c159008
18,casada__alto,04.05.2022-14-37-57_v01.png,04.05.2022-14-37-57,1,1,fa669ea0d51d198844a5f1a5fb8060a3ad023752dba6bd5042d6bdf4fa5703df
19,casada__alto,18.04.2022-13-32-10_v01.png,18.04.2022-13-32-10,1,1,bad716e59c23950dc9498d1fa06e053347e8fd9ada64ad0b21439f2b64a2fe07
20,casada__alto,13.04.2022-15-39-57_v01.png,13.04.2022-15-39-57,1,1,144857ad91cee6eee69874d4f02d9c53f36ed09c341dcbba49ec54b5963a0aff
21,casada__alto,28.06.2022-09-59-10_v01.png,28.06.2022-09-59-10,1,1,ac793859d4cea015cef1dba4d2fdbe084f634d84d47985928d324ea1d2d3efda
22,casada__alto,18.04.2022-11-11-01_v01.png,18.04.2022-11-11-01,1,1,6cf032d98bdd0aaf4c30a77dd16a4691b01647c23b701574ec1174bc7d721053
23,casada__alto,22.06.2022-14-09-44_v00.png,22.06.2022-14-09-44,0,1,94edeb680d6811da4e85bb632402e708efe0d93c0369aa097d2112ecf58f4596
24,casada__alto,14.04.2022-15-32-52_v01.png,14.04.2022-15-32-52,1,1,b1e09eed925f947f9f427dc94bc1dbe2ce3606644da771e21fd2f222f29be1c7
25,casada__alto,13.04.2022-14-40-24_v01.png,13.04.2022-14-40-24,1,1,99f9ce2cbfcac63ef05cf949c886a91f1cf4f46dd1d231e8111ec7b539be1b60
26,casada__alto,12.04.2022-15-37-28_v01.png,12.04.2022-15-37-28,1,1,bc72bf8700b43cf72cbc381a21727a60b7095122b37f1e0337da1fd1db3608bd
27,casada__alto,09.05.2022-11-19-45_v00.png,09.05.2022-11-19-45,0,1,2a02637ffbd1e24ee5df64b2c10edce34e65118f131529e39180755a6d84f449
28,casada__alto,27.04.2022-11-20-13_v01.png,27.04.2022-11-20-13,1,1,054fef98febf83f17bfb1346b75538636a21b84bd0ca16012f3b35181405f78f
29,casada__alto,07.07.2022-10-50-56_v00.png,07.07.2022-10-50-56,0,1,b4862569f58749cfea5acca7148c0ded35eadb7645ebec51cd9fc2ca58287d53
30,casada__alto,18.04.2022-15-38-25_v01.png,18.04.2022-15-38-25,1,1,b3143c67f5ecd7c703960631f5faf7e340154546b3579b85fc57e023685b7ad8
31,casada__alto,12.07.2022-10-00-25_v00.png,12.07.2022-10-00-25,0,1,44c60784ee5f065fcbeaaaaf7fb2ddd5395f63bef4c940219681b035b5101743
32,casada__alto,05.07.2022-11-20-19_v00.png,05.07.2022-11-20-19,0,1,fc4a97c18dcb9b92de33893d6d1feedd735c91c34fdbd59bedad7d39f8f80f56
33,casada__alto,28.06.2022-09-23-19_v00.png,28.06.2022-09-23-19,0,1,139a2e588ab63d47c36974b6d5af0f0a8d8f236e4375d73b7bb1abbab5f30630
34,casada__alto,22.07.2022-11-22-20_v01.png,22.07.2022-11-22-20,1,1,ee8deceb61b9845bb901d9ffdeb4073b6acfba8dc15e75e7bffae0ad1ce6ff9b
35,casada__alto,12.04.2022-15-10-03_v00.png,12.04.2022-15-10-03,0,1,921f9476cb15190fa9ea9128350178e517ca20e08d2880eeb3c1a0b1f2ce7599
36,casada__alto,10.05.2022-13-44-05_v00.png,10.05.2022-13-44-05,0,1,aa27b087a56cbea157016eae77f78f073563393471ef7a4ea8525e30dede137f
37,casada__alto,22.07.2022-15-37-23_v00.png,22.07.2022-15-37-23,0,1,506628e7d1a2c565df9fb18a04408e345c614a73f6b2686a65e9e1afb2346021
38,casada__alto,20.04.2022-11-33-30_v01.png,20.04.2022-11-33-30,1,1,cb76706ace7b26dd675b1f65e60067e560120f29dad78a6e01aa91e0790005bb
39,casada__alto,27.04.2022-08-59-49_v00.png,27.04.2022-08-59-49,0,1,420f512e59616890ba08b6269bd6d574f07880c2d0f6fd31abcdab0a4cef5357
40,casada__alto,23.06.2022-15-58-28_v01.png,23.06.2022-15-58-28,1,1,3f047bc5d5fff7873dc469e1422e22170a06c4433570c0dbc2cdff610753bbcd
41,casada__alto,10.05.2022-10-43-24_v00.png,10.05.2022-10-43-24,0,1,fecdada935b7de4b02353b5ca259b41a0e2018963d676dad1c50eaa5281abc80
42,casada__alto,08.07.2022-15-18-22_v01.png,08.07.2022-15-18-22,1,1,9a5ff7166fbf53ee8c73bbeed2ce498bb47559738c8a36595f73e0e6d2bd9663
43,casada__alto,11.05.2022-15-23-43_v00.png,11.05.2022-15-23-43,0,1,636a07f9ba04c4038a6f8472e3002f3d84202d2aba7fc2e5dd60598040b79797
44,casada__alto,12.04.2022-09-52-19_v00.png,12.04.2022-09-52-19,0,1,c38b370df9e174dde95e2a0a68069778b48f2f6d4fc06049968835cc932f9129
45,casada__alto,22.07.2022-14-15-36_v01.png,22.07.2022-14-15-36,1,1,9a36de5f2e49e6b605572fbc73cee34a482d25344d1835106af0d0fcc4514e92
46,casada__alto,24.06.2022-16-03-23_v00.png,24.06.2022-16-03-23,0,1,81b69c949da358380f869708257daed552699c2cfe8c333637d99a574a501414
47,casada__alto,14.04.2022-08-38-47_v00.png,14.04.2022-08-38-47,0,1,c0c595638d7de4f201071afae37fd8fd405a8bd30d34dd3f39cdaf1169b1f3cc
48,casada__alto,13.07.2022-14-00-53_v00.png,13.07.2022-14-00-53,0,1,befcd0b59a959b028d57cfeca88680eab28ba0875983070b8887eaf5ed95cf0e
49,casada__alto,24.06.2022-16-13-33_v01.png,24.06.2022-16-13-33,1,1,48d61d5adf646570dcdbf0cd6c0c4e5ed345994eb385789c3b3811eb4852fe6f
50,casada__alto,28.06.2022-08-39-25_v00.png,28.06.2022-08-39-25,0,1,55e6b5a3fa153fc5564bffad75d888dc0cb4eb7d874b68a302386957e3fbf8c7
51,casada__alto,12.04.2022-09-32-50_v00.png,12.04.2022-09-32-50,0,1,b76b255c9c8e389deb3c29546e507196d14265905b8b62e996503a3e3111a521
52,casada__alto,28.06.2022-08-31-27_v00.png,28.06.2022-08-31-27,0,1,fba344b355f22f2145518f4b21f9c74939f5f11adcfd07953c9584f60c26690a
53,casada__alto,22.07.2022-15-45-22_v01.png,22.07.2022-15-45-22,1,1,0521551da55aff635faa291926f57cd1f5436ebf5e911838b188d600ae6aa18d
54,casada__alto,13.04.2022-09-52-08_v01.png,13.04.2022-09-52-08,1,1,1a4fed8525f1f96e6dfe4637d5a022cc17cd2208cdccd5e85a671038a5768e98
55,casada__alto,18.04.2022-14-31-15_v01.png,18.04.2022-14-31-15,1,1,406f0313a3acd29adca87ada71c36ab7d28d7a2b06a29b7a2d4a7c2f0530960c
56,casada__alto,24.06.2022-11-01-11_v00.png,24.06.2022-11-01-11,0,1,01f66e6e0d816e503b0431c9736a35b94f717a9fbcaa62c05b74404b71ffcdb3
57,casada__alto,27.06.2022-14-07-20_v01.png,27.06.2022-14-07-20,1,1,cd6b8700c2486c707b1f29218a05835b7a8fca3b3f0b3909ef33367a9cd0697d
58,casada__alto,10.05.2022-13-33-39_v00.png,10.05.2022-13-33-39,0,1,3cc5af34f090a140d490dbba452004e142ab0f1089cbe2fc1b3fbd36e65c569b
59,casada__alto,28.06.2022-10-06-21_v01.png,28.06.2022-10-06-21,1,1,af75e55d27eb093e9e86d94fd99f9e5c9306d81580e6d6c7a0b4331b25b7bd8b
60,casada__alto,05.07.2022-10-02-12_v01.png,05.07.2022-10-02-12,1,1,006fc28ecca6f94327214e4dc447722eb3dd1fe104e2838d5dfeeaa23a2862d6
61,casada__alto,04.05.2022-14-38-51_v00.png,04.05.2022-14-38-51,0,1,bc2da91b7844885d1f7acbad5239d5f989ca0368a5edc94d27a2594e094bb837
62,casada__alto,07.04.2022-11-17-25_v00.png,07.04.2022-11-17-25,0,1,bb897d54df7b2ce5059cc939ecdb91c4906518da00b65226d8ec9ac264f2a143
63,casada__alto,13.04.2022-14-35-42_v01.png,13.04.2022-14-35-42,1,1,3d040b796ac997ac6bd8f7df9a22f0b9914d7ea640b2d9451f431ea18948f091
64,casada__alto,22.07.2022-11-03-24_v01.png,22.07.2022-11-03-24,1,1,90a51a8cbb2238d3275e4262ea88ac55f0c011508d3aff87ca98c43099a3dcb9
65,casada__alto,22.07.2022-10-17-41_v00.png,22.07.2022-10-17-41,0,1,0e08f2e882aeeed3c50525d0eed4cda6f77d22c3b1a476ca94ecd5daeb1a8c70
66,casada__alto,23.06.2022-16-15-05_v00.png,23.06.2022-16-15-05,0,1,24e64a2ea5f23456a9b78b04e9007daf0bd6ce9e4bf67dcc9076aba5f2941962
67,casada__alto,22.06.2022-16-27-26_v01.png,22.06.2022-16-27-26,1,1,8ace8fba95d4033b79f4362311eff03cd39561cf93f2bcc7139ba9bf560bd5d1
68,casada__alto,12.04.2022-15-40-13_v00.png,12.04.2022-15-40-13,0,1,d0dff42804120133d30881d1c9e2bd7b058409942a689ee4402ba42d34502884
69,casada__alto,28.06.2022-10-06-37_v01.png,28.06.2022-10-06-37,1,1,53e6973e77fc2895e599674fc471cb86c21a556946298ce824e3a6f2226b69c2
70,casada__alto,13.07.2022-14-00-53_v01.png,13.07.2022-14-00-53,1,1,2dcc8556f46c07bb1a6aca0234489735e3a982f3b20c93fa2cba1d8d8e6a5e42
71,casada__alto,09.05.2022-14-03-37_v00.png,09.05.2022-14-03-37,0,1,01af917ff586fb4f237c1bf8d95c9bb3f147ad156516e7972f657de63d5d0e57
72,casada__alto,23.06.2022-08-41-10_v01.png,23.06.2022-08-41-10,1,1,08ef0bb8443e4e0ba0ebc73e71fffd0dd927ead879157cdfd00dada5bc783f68
73,casada__alto,22.07.2022-09-53-15_v01.png,22.07.2022-09-53-15,1,1,7a4630a3363c4a65710558185c0bbc98c51a6cd01dca565b19f067d8b456fdfd
74,casada__alto,05.07.2022-09-44-42_v00.png,05.07.2022-09-44-42,0,1,98378950c89c020fede86220ecab36aaaf9e93a6cbcb2dc9de28003a668260c4
75,casada__alto,09.05.2022-08-28-55_v00.png,09.05.2022-08-28-55,0,1,89376a74ea433b756d98312f6911fc936f66408fe2dddc748b2a04ce8c15fbbf
76,casada__alto,22.07.2022-11-23-34_v01.png,22.07.2022-11-23-34,1,1,50210fa72f36491d3f6d3714686c7f85861a86df57de508ace62d4c38ab3c615
77,casada__alto,08.04.2022-09-28-19_v01.png,08.04.2022-09-28-19,1,1,db2caaf43698304b0f3355f5527ff3789c42e5f06bfbc2d528d2433389b401bb
78,casada__alto,08.07.2022-15-37-11_v00.png,08.07.2022-15-37-11,0,1,4cd7115c274bbf3918d008ee9c6530c270eca3d61442acfdad176550d3c189ec
79,casada__alto,22.07.2022-10-18-51_v01.png,22.07.2022-10-18-51,1,1,05f69f6a0e4b4f70d9c6be4fe4aafc5592e76ad478b11a5eba135bc0a1898d54
80,casada__alto,18.04.2022-14-49-13_v01.png,18.04.2022-14-49-13,1,1,21c69a125cf9319966aad29a6f2274ad325a7dc16d46171368fe14c4bff694dd
81,casada__alto,24.06.2022-11-22-56_v00.png,24.06.2022-11-22-56,0,1,47dffb92de93f008207a5108f3ecd6c27cc7919dda55fb4c9d6c509eeea1e7ed
82,casada__alto,22.07.2022-11-08-36_v01.png,22.07.2022-11-08-36,1,1,c98295dfbfb4e476a5e4b9e2de7c508b49c89310a63b61976ef6e7b9cbf87cd5
83,casada__alto,10.05.2022-11-13-08_v00.png,10.05.2022-11-13-08,0,1,86bbef96debc6cb14d027ec6439fb3b40390b9e3dd45a5b13ca67ead73a7a9fa
84,casada__alto,28.06.2022-09-18-40_v00.png,28.06.2022-09-18-40,0,1,ca5255d9fc36c3ab65f656c436b6d51fe70590bf6c5ad8bb03525397743753f5
85,casada__alto,10.05.2022-13-36-35_v01.png,10.05.2022-13-36-35,1,1,74f14147190ee860c77cfcda64c278652b3600b6faca50456fd1876d0ef57882
86,casada__alto,08.07.2022-14-52-25_v00.png,08.07.2022-14-52-25,0,1,96d0a94bba8a0ac5e9c93aa8d59c1d04702f11314c33407dc38c0ac0698b8280
87,casada__alto,05.07.2022-08-50-48_v01.png,05.07.2022-08-50-48,1,1,0af60c2e370d166d9d38c249fda6d6d3880fe8b8b54e6d80bf2c677fe795074a
88,casada__alto,05.07.2022-09-33-01_v01.png,05.07.2022-09-33-01,1,1,9f63e60a2a3d9309b2ab7076ddb48dde0a3a0738486dd175263dfba32836466b
89,casada__alto,14.04.2022-15-36-16_v01.png,14.04.2022-15-36-16,1,1,1c0329d5b77b7ad9fa03d54587a3f1734cc2847fe06cbf9c0aa28c940776df20
90,casada__alto,24.06.2022-09-18-55_v00.png,24.06.2022-09-18-55,0,1,8db21e077a854690e72a5b278311449da3e11fb3722f1fa72b5a91abf0e96198
91,casada__alto,08.07.2022-15-21-45_v01.png,08.07.2022-15-21-45,1,1,602b1e9068eedf9b9d7a1abfec9fd1dfba4d6d1fe49b0451b55f7259269dfeea
92,casada__alto,22.07.2022-10-02-37_v00.png,22.07.2022-10-02-37,0,1,2e8b9953729404d76a29375a5d6daa8bd9daf7e71104696c6881047a5a695dfc
93,casada__alto,27.06.2022-14-44-26_v01.png,27.06.2022-14-44-26,1,1,e9e4812c65c9ae54c2aab08d472dbb2f9f03efdc1555b764a876900ec7b5e100
94,casada__alto,05.07.2022-10-01-34_v01.png,05.07.2022-10-01-34,1,1,416872bab7d9128c3613b36017bcac0ee180f63249f3fa7e2e07dfd28b042980
95,casada__alto,13.04.2022-15-56-30_v00.png,13.04.2022-15-56-30,0,1,2f0ed66bdd4c227e4861aa92c3a2f155be5b40a627b6fd56507c5a220b15c75e
96,casada__alto,14.04.2022-15-41-09_v00.png,14.04.2022-15-41-09,0,1,8cf35d183f52128f289046d6694f1f2e061d43922ce4d1ade81f1eaad39c1d52
97,casada__alto,24.06.2022-14-07-22_v01.png,24.06.2022-14-07-22,1,1,c61ed84ed8f6f76eef1c8218f6fe7a6b456f52a9cf327d15c193691a10789f16
98,casada__alto,22.07.2022-16-00-19_v00.png,22.07.2022-16-00-19,0,1,ff5910a0b030e70d280ef5476eeb9d83268ec77f194e2fff0dbcd8a1eeb17205
99,casada__alto,22.07.2022-11-15-23_v00.png,22.07.2022-11-15-23,0,1,693bec1d9a2d9aee223ed275e04ad4ae31530acf14ebd06256d03d3ab55c52d8
100,casada__alto,10.05.2022-10-34-28_v01.png,10.05.2022-10-34-28,1,1,92c6299654790eb9390bdaf4f0e11bc84db4ebd72e9383f6f62b25e94604e05a
101,casada__alto,10.05.2022-15-56-41_v00.png,10.05.2022-15-56-41,0,1,5147e69cf21bf446819baa4c28e5e651bc76157feb79291a784596e455ad1523
102,casada__alto,27.04.2022-09-29-06_v01.png,27.04.2022-09-29-06,1,1,289de6ed6276c6d83813b213f8aa145e154f9bc7ccbb8496e1ec2f5eb0fac8f6
103,casada__alto,18.04.2022-14-13-22_v00.png,18.04.2022-14-13-22,0,1,43ed6345675571da787e0ce4b636d3e1a4358748537e73c50202ea04d352cba5
104,casada__alto,29.04.2022-14-26-47_v00.png,29.04.2022-14-26-47,0,1,5079ed9504af8b6392698cf22937cc9b0ee17e633aa5971df092ab72f512916b
105,casada__alto,11.07.2022-15-58-01_v01.png,11.07.2022-15-58-01,1,1,b1bfa96eb7e984003168d261432635b0325a2f6d716c2f899024a16242251370
106,casada__alto,27.04.2022-11-20-13_v00.png,27.04.2022-11-20-13,0,1,097ed09af2094227266bfe21d9616ec8ce2793ef6838a2f600dcf85bcc97531e
107,casada__alto,13.04.2022-14-15-29_v01.png,13.04.2022-14-15-29,1,1,02506bfc6e042f3759a94ca4ff3d067d83d5987c378cd81a03c372b453d4b374
108,casada__alto,28.06.2022-08-30-37_v00.png,28.06.2022-08-30-37,0,1,0512772445cfca31d212290024bff1ebc4b4cf2e34b3033f601b526bc3707a99
109,casada__alto,14.04.2022-10-25-38_v01.png,14.04.2022-10-25-38,1,1,92313120f2363c3ac7629f4d1e453f51189734b4c48e1a120a21bcfa23589efb
110,casada__alto,20.04.2022-10-54-18_v01.png,20.04.2022-10-54-18,1,1,6de2d473f5d7a278119867aa6422c211e0382eedc6f8ebeee6b0cc824d764721
111,casada__alto,27.04.2022-10-36-16_v00.png,27.04.2022-10-36-16,0,1,68342248b0cc437eb0b19d229bfc6a7e4592ce365c3f3678d8287f0e6cb9ed3e
112,casada__alto,14.04.2022-13-25-45_v01.png,14.04.2022-13-25-45,1,1,a0786f08803eaf6a31b9c59d10bf8b7b9248146d720cfc4c2e8a4209ede0d190
113,casada__alto,09.05.2022-13-50-16_v01.png,09.05.2022-13-50-16,1,1,df5495100dc62bfe5d01cd6c020a46f7a2fa69b024519a069d3482b2ae3f6fb1
114,casada__alto,07.04.2022-13-46-12_v00.png,07.04.2022-13-46-12,0,1,43fbe0b645ba88afd563b8e93023dc757962ddc1659fef9869fa0c26a360d84d
115,casada__alto,05.07.2022-08-43-04_v01.png,05.07.2022-08-43-04,1,1,3f9407a41000bd8b9855a68d7640f4b0f093f7454b4cae506e5241eedcb07884
116,casada__alto,11.05.2022-16-05-57_v01.png,11.05.2022-16-05-57,1,1,5b5cb28a4b92d65c134a86a4f0e0f24f2d428e13919b9e9f6bb3511c3dd5e7e3
117,casada__alto,20.04.2022-09-45-50_v00.png,20.04.2022-09-45-50,0,1,ddfc804c95230667b96fd1a33cfe6a3d23591c13c4c082ec50a7263b00ebb6e4
118,casada__alto,07.07.2022-09-54-54_v00.png,07.07.2022-09-54-54,0,1,0828c2021ea9b5df33ab6e6dd2c71f5f159651b986f3e1e020e17e7ca783a507
119,casada__alto,29.04.2022-14-35-53_v00.png,29.04.2022-14-35-53,0,1,4ca91d16d1c8f3d286661bd45614bfee6acaf6baba40cc27ea675c25fb366c44
120,casada__alto,04.05.2022-15-50-50_v01.png,04.05.2022-15-50-50,1,1,c53005b2ce09d98d337476a917a972f6be6e4ea68a4593862da99b5c4b01e52c
121,casada__alto,24.06.2022-14-09-15_v00.png,24.06.2022-14-09-15,0,1,4f25c99e5a0aa691875d8031a5d9d267db47519ed75792e11a34874a703eef06
122,casada__alto,11.07.2022-16-11-52_v00.png,11.07.2022-16-11-52,0,1,c776a76f45bd7a5bbb50005c4ab445549c72ef241500e6c24cb242e0e88c7b1a
123,casada__alto,07.04.2022-11-06-37_v00.png,07.04.2022-11-06-37,0,1,7f3182d3ac2b0398624c80da30ee717621412f853e772135e6ec2a7135faebde
124,casada__alto,22.06.2022-14-14-28_v00.png,22.06.2022-14-14-28,0,1,0a16279a57b26f9c223c17f4e5479f8387a757d76eb06a270cdb3eb708470687
125,casada__alto,13.04.2022-15-59-21_v00.png,13.04.2022-15-59-21,0,1,fcaec7a509a3d830e97eba9adc8358eb3583f325f769b4c8a750c3df8788bca8
126,casada__alto,04.05.2022-13-46-07_v00.png,04.05.2022-13-46-07,0,1,33c8ab3948d431d24fb7f6ad00d3228e040012d86fbfbfa67482fef703376204
127,casada__alto,22.07.2022-14-35-47_v00.png,22.07.2022-14-35-47,0,1,132ae92540371725e0029f8d847f346e7013903163b6e0fea53574ecb3f8bfd8
128,casada__alto,12.07.2022-10-00-08_v00.png,12.07.2022-10-00-08,0,1,4f40f87200a2ad3ec304864a0d0544f1c5bf7a45c415093e301c13bb22808368
129,casada__alto,27.04.2022-08-48-19_v00.png,27.04.2022-08-48-19,0,1,bbab66cbb75d246b0eeec1224dd9f994163b3a07bb8e14eb1e7bf49e06b752a9
130,casada__alto,14.04.2022-15-43-44_v00.png,14.04.2022-15-43-44,0,1,9e2d22a89517480a17b886ec68e1f078a6a5937a13e9687debff566d135bff34
131,casada__alto,08.07.2022-15-11-52_v00.png,08.07.2022-15-11-52,0,1,99b2b3cb45dcaaae7650dc82c8490a876a0a38b380cb538a19deba6a9e6490d0
132,casada__alto,22.07.2022-10-17-41_v01.png,22.07.2022-10-17-41,1,1,0a51e0d7bcca672051ec0884ddfce6a4fadd3ecab2769d5adf4fa4b29a2a2f26
133,casada__alto,07.04.2022-14-45-15_v01.png,07.04.2022-14-45-15,1,1,2ab82209cf105ba0f614001c017c2243dfb345bd8a64a9673d4ccdea89841b94
134,casada__alto,10.05.2022-11-05-01_v00.png,10.05.2022-11-05-01,0,1,a39cf0cd8f38b450849300a4772b660e30b90b0e1974f607a42cb4d442fd564f
135,casada__alto,09.05.2022-13-50-16_v00.png,09.05.2022-13-50-16,0,1,c439ece3ce39469508c1bf3dbdeb16274a13e00a26d9158d9f81b9b46b500116
136,casada__alto,07.04.2022-15-27-51_v01.png,07.04.2022-15-27-51,1,1,03fe5580f8624114dd9c9a4000a3e66056f9c401d83434dbdeba49f3a5ce8dc5
137,casada__alto,11.05.2022-13-50-21_v00.png,11.05.2022-13-50-21,0,1,f866b954a6217d1d2c265e64d267d484d0882489ab4127d6ccd867d39b117557
138,casada__alto,08.07.2022-15-19-54_v01.png,08.07.2022-15-19-54,1,1,918b0592129f90a527a43e17c4e4b1880618eea1f39ea8b8b72e471d84039b6f
139,casada__alto,09.05.2022-10-34-56_v01.png,09.05.2022-10-34-56,1,1,18d992c001f75c322411765802209283d68b238409cf6496ca6e7a9f186568a0
140,casada__alto,13.07.2022-13-35-06_v00.png,13.07.2022-13-35-06,0,1,1a78b077df984532968e6e1b27868edf364e29d4645b8eccf25d9323a3f90629
141,casada__alto,14.04.2022-10-18-10_v01.png,14.04.2022-10-18-10,1,1,bb2271abce31c67e3e6c882b685d080d4af14cda6d654b0f05a528859fbe94e9
142,casada__alto,24.06.2022-11-16-53_v00.png,24.06.2022-11-16-53,0,1,68b4f4f455a70a8fe5ae5a8eccfdfa8629781b9cc20c88b809fed4b76658795f
143,casada__alto,22.07.2022-09-54-40_v00.png,22.07.2022-09-54-40,0,1,b12c872b88e4dc9dcdaccbab188f655963572fe67e8b80227b72ba6c8e222dd8
144,casada__alto,22.07.2022-15-39-50_v00.png,22.07.2022-15-39-50,0,1,de2c8dd17350794ce693b9fc30d1b0a3f8f0403add978bede2367a97a035ffe3
145,casada__alto,05.07.2022-09-33-01_v00.png,05.07.2022-09-33-01,0,1,061ed8c88beeaa193a37a0082fe650f44263007817dfdc515a3eb79204ca1b9e
146,casada__alto,08.07.2022-15-13-02_v01.png,08.07.2022-15-13-02,1,1,b0b99699b945c649a5bb0550c9a0879c2374ff162ca996c62ab07df221a1a5b5
147,casada__alto,07.04.2022-11-24-06_v00.png,07.04.2022-11-24-06,0,1,d5261efd1547267e3dc2d7ba405d3a23c5fa8c84061cd2d05146900b8e31a6cf
148,casada__alto,08.04.2022-09-53-23_v01.png,08.04.2022-09-53-23,1,1,360c8ba75ec369196941a7e99f76a85b1d5b7ea40dec7b16fc6f3c028a66e1c0
149,casada__alto,10.05.2022-10-03-56_v01.png,10.05.2022-10-03-56,1,1,a5185bc93c3b0cfa0cfc3738d96014b1658168b81f53379dca2b07383e5e4dff
150,casada__alto,22.07.2022-10-19-11_v00.png,22.07.2022-10-19-11,0,1,1ffb5c785703e5540f1b2f93dfd404fb95a6da681f0c7777f787017ee23342f3
151,casada__alto,23.06.2022-09-46-59_v01.png,23.06.2022-09-46-59,1,1,131286ecb8e9ad66ae021315b1f71bb1766cdf204263d77e2ffb6a5fc4304d8d
152,casada__alto,13.04.2022-10-03-20_v00.png,13.04.2022-10-03-20,0,1,8a9c51831cad49caa80f7ddb6df3e0adb075ce13c766c87612a457a7d337eaaf
153,casada__alto,27.04.2022-11-18-23_v00.png,27.04.2022-11-18-23,0,1,cafbe9abb3ca45b2d0aa419920a1d8d0840bccbeea2325c35aea30dc7ded6c7b
154,casada__alto,22.07.2022-14-34-28_v01.png,22.07.2022-14-34-28,1,1,35cc616e0e14d92a569f61286cced625f1d6d4a396929823c6875a442688e22b
155,casada__alto,07.04.2022-15-20-32_v00.png,07.04.2022-15-20-32,0,1,86105d1640447af64ccf36818ebdf8e8dbb28f905e5460d11ca84434567e664f
156,casada__alto,12.04.2022-09-58-42_v01.png,12.04.2022-09-58-42,1,1,a4b646a93942e3cd47f104cd9fc1ed015e40d68d42effcb20e164c8d868f204d
157,casada__alto,01.07.2022-10-40-05_v00.png,01.07.2022-10-40-05,0,1,826c86762b46676ee11ac6b3a2a21c9d244154ef731a71102d5f90b48593d07c
158,casada__alto,09.05.2022-09-48-41_v01.png,09.05.2022-09-48-41,1,1,da0b8cf8471f78bb913138b005157775faab461a76504a5fea4457f6f3ba07f8
159,casada__alto,24.06.2022-09-23-22_v00.png,24.06.2022-09-23-22,0,1,0255377143c40925f6b879ff8b6793179d81d7c8449e5a1e86b9ee18e9581954
160,casada__alto,07.04.2022-10-58-46_v01.png,07.04.2022-10-58-46,1,1,a7df860013cf1d73d343214c14db7fed6e5fa61b98d5c0e2300a845cad389f8b
161,casada__alto,12.04.2022-10-08-19_v01.png,12.04.2022-10-08-19,1,1,fb67431b8e229a4c9b9cd2d8f3eb18543bfb3d94563f3fd90d612d3c2902834a
162,casada__alto,07.07.2022-10-51-40_v00.png,07.07.2022-10-51-40,0,1,60d975f2bdd962b78d38a4234630f19b5e50ab4d423bf80bed8b6304584c2cea
163,casada__alto,04.05.2022-15-01-54_v00.png,04.05.2022-15-01-54,0,1,62522500673d8db51d23332328f5110805cf6c7eb45b0703f81e48b8d6a158f4
164,casada__alto,11.07.2022-14-38-24_v00.png,11.07.2022-14-38-24,0,1,449cbbb868872b801b9e68b85a30283140046a2892d01dbd996e16bc48671193
165,casada__alto,28.06.2022-10-06-02_v00.png,28.06.2022-10-06-02,0,1,1283157d4d0f7793ceb21f4ea2c8ae0fc5982d45505e3b3af66d77258e1aa711
166,casada__alto,27.04.2022-16-09-17_v00.png,27.04.2022-16-09-17,0,1,786081d2decc8352b4dd3ee370384c8802f2ba94b98b65ae55bbec30a715fc4d
167,casada__alto,04.05.2022-09-46-48_v00.png,04.05.2022-09-46-48,0,1,8b5057fdd2b7d63ff1d98606bc19316233c73a94194815d935096ca80c0fe11c
168,casada__alto,24.06.2022-15-53-04_v01.png,24.06.2022-15-53-04,1,1,e61937e97214ee9ea165b5443ca13db33fdc08828069dc3ffc25d68dc27152ae
169,casada__alto,28.06.2022-11-12-44_v00.png,28.06.2022-11-12-44,0,1,4d74cb4306aa3c5128399d0f20582fc7b2d7bd55bf0296ad7db1b04a9fa7bab6
170,casada__alto,11.07.2022-15-56-35_v01.png,11.07.2022-15-56-35,1,1,006d2fad4bb86c7a5d0868844e31452b2f821d0bb8af1d3a9e9aa73bbac3fc52
171,casada__alto,23.06.2022-16-18-39_v00.png,23.06.2022-16-18-39,0,1,3ce8dc3a6b6e843c6994ab68e9e9a360b5411557ad7106a555845c8828a2d49a
172,casada__alto,27.06.2022-14-00-22_v01.png,27.06.2022-14-00-22,1,1,ac7a05dcf3db81ca7e4ae7418184aa08116d7768121a0d09866d7b9c1977ab48
173,casada__alto,27.06.2022-15-51-03_v00.png,27.06.2022-15-51-03,0,1,ad100b3fa464c2e285580a76592352ec9c206c1a97983549974e19983ec7d648
174,casada__alto,08.04.2022-09-56-47_v01.png,08.04.2022-09-56-47,1,1,c04c36f1c3edef5caa37431fca48804f84f9fee378082f8bfe5fa12e85ba747b
175,casada__alto,09.05.2022-14-33-44_v01.png,09.05.2022-14-33-44,1,1,576d97d13b7215410c7d64c8026e7f17aa9047173d8e32c11e42aaa2416c5560
176,casada__alto,10.05.2022-10-35-40_v01.png,10.05.2022-10-35-40,1,1,552e4cb0f39f1399ebc1353b5f3707220c015a5ec69110a1db83c8f91bfb64de
177,casada__alto,04.05.2022-15-20-13_v01.png,04.05.2022-15-20-13,1,1,5a5e4be67b11650f9e8de609d1b3e3328f1c70816155b517ecf959c28eb37b4d
178,casada__alto,11.07.2022-10-56-41_v00.png,11.07.2022-10-56-41,0,1,5a7b7a767eccbb9d71041cf1c2249ce78f717eef0e9b652a58433e7b30cd6cc9
179,casada__alto,27.06.2022-14-15-56_v01.png,27.06.2022-14-15-56,1,1,dbac5df8d842fa13e58358916a71955ebba85de871f7ed343f2af9de1fc8516d
180,casada__alto,27.06.2022-14-05-30_v01.png,27.06.2022-14-05-30,1,1,7f862f606d05fb2c31fc2b4c10c177a5b2eaceb2fedb7a3fb71beb3b05b47c2d
181,casada__alto,13.04.2022-15-44-27_v00.png,13.04.2022-15-44-27,0,1,fce9e1cecc66bc2a0d54e52996aa333525f7f04ff4a4bb058ce304ba42df3b5d
182,casada__alto,09.05.2022-14-35-22_v00.png,09.05.2022-14-35-22,0,1,cfef5579362da3a1c1bde10c20ae9fe8bb0c27438fd92a0d4cdf27df90657c2a
183,casada__alto,24.06.2022-14-09-15_v01.png,24.06.2022-14-09-15,1,1,73232c08fa225f931a8f34328a38ab419d9eb243c59ae6c95fc62c4c7814e726
184,casada__alto,05.07.2022-14-09-46_v00.png,05.07.2022-14-09-46,0,1,60c3671a0856452fa886e2cdd415a952ae65951700c87ca88b8e92bc02c2a95d
185,casada__alto,05.07.2022-09-44-10_v01.png,05.07.2022-09-44-10,1,1,3b1b59f7402fbbbb76e25fd0a3147b73862d014e26361483ef3287e8ae455a0c
186,casada__alto,05.07.2022-13-51-18_v00.png,05.07.2022-13-51-18,0,1,aeb642524e69906bc948e79671047d0b5079fd0f4dbf91fd00b297667c5119ab
187,casada__alto,23.06.2022-10-53-20_v00.png,23.06.2022-10-53-20,0,1,0fd2e0f09b4a17465e5d9c4c760a6c613b7bc034bf93b915f2a65fc4b6f7fb5c
188,casada__alto,11.07.2022-15-44-25_v00.png,11.07.2022-15-44-25,0,1,d4c50a4edfbb6da41de7a16453c73dbdb374d143a0c2916de4e7772428e80164
189,casada__alto,20.04.2022-09-34-52_v00.png,20.04.2022-09-34-52,0,1,9819b5d3927560c9c272b91ea34a231ba1b884c72c159c5675261a725507a84d
190,casada__alto,13.07.2022-13-35-06_v01.png,13.07.2022-13-35-06,1,1,28bf78e6783a72122622333783bffcef6ce9da957d36b5c37ac0cf7252c858c5
191,casada__alto,14.04.2022-15-33-59_v00.png,14.04.2022-15-33-59,0,1,2826a989b29ce34b8fc440d275d81face56a1b4a91f25121b079d2851ab7ec51
192,casada__alto,11.05.2022-14-16-59_v00.png,11.05.2022-14-16-59,0,1,bca5b41eca653368c99af81d47e412e6c2a385dffa0270c55a5ba7b3bd979f6a
193,casada__alto,23.06.2022-08-41-10_v00.png,23.06.2022-08-41-10,0,1,bfd04fb56c4bfb163b3410a3f0b7c861cf606a31980e6df073c91f4e2625e4af
194,casada__alto,05.07.2022-09-00-23_v00.png,05.07.2022-09-00-23,0,1,0d14b18d308729c6c199f721d033574fd69f6ce7641bc4f953721160216b7f0d
195,casada__alto,07.07.2022-10-26-42_v01.png,07.07.2022-10-26-42,1,1,5f5d1bb08a09fc144cc335afb6c2b9c03f41f68f23493b9c788f90f85ea66f31
196,casada__alto,05.07.2022-09-35-39_v00.png,05.07.2022-09-35-39,0,1,803f21dcc297adb6a42d492f596c1aba41b91cca5d97b3464e57806c6eeb8ce2
197,casada__alto,27.04.2022-11-21-03_v01.png,27.04.2022-11-21-03,1,1,5845e1f18db65ebe39133ebbb44343724ed85ea33f3b6518137cbf52381db221
198,casada__alto,27.04.2022-15-03-46_v00.png,27.04.2022-15-03-46,0,1,e3ab22bd7f29f19a7e9630c6c4a0fd61bee905700ec71a127d227131fcda2176
199,casada__alto,18.04.2022-11-12-33_v00.png,18.04.2022-11-12-33,0,1,fb0a410c06e4264f2d3a016b69382e335bd5f488727d19e7fe75bfbfe434248b
200,casada__alto,28.06.2022-08-24-56_v00.png,28.06.2022-08-24-56,0,1,3bb0267f42bd6f249a5b65af4cc53f016cf183cefbe722858ec9d40783c85a56
201,casada__alto,22.07.2022-14-12-37_v01.png,22.07.2022-14-12-37,1,1,d8cf637e205da0aa9e11e23e1a4a6da7b18325b71aff15a4af05af04698f205b
202,casada__alto,12.04.2022-15-37-28_v00.png,12.04.2022-15-37-28,0,1,2028cbbe2fb999a98473d86a16c1ac99cca195b75e8fba572ec0e8ebf08be7b0
203,casada__alto,27.06.2022-15-15-52_v01.png,27.06.2022-15-15-52,1,1,67805a0f5014e2dc65bd7fc0872ed6112803e51b654e60019ba1606a357c1dd6
204,casada__alto,05.07.2022-09-58-48_v01.png,05.07.2022-09-58-48,1,1,f0db12f6f6b04f7c11f142782628a45da0a98871fd75a4d1dff458927f8e1b3f
205,casada__alto,04.05.2022-14-59-00_v00.png,04.05.2022-14-59-00,0,1,34515a001400e98d29f10ac223569a40e967f83b312d7b51fb91df411532f387
206,casada__alto,11.05.2022-14-14-35_v01.png,11.05.2022-14-14-35,1,1,5096c5c230d5ff8087e3be5af61c43be20f0d1ea92ea457fb7eedeb149dab724
207,casada__alto,23.06.2022-09-25-18_v01.png,23.06.2022-09-25-18,1,1,338cd0f6c403e246e7092ff8950fd844cfbea72a627e7f2b029af3d67ea19df7
208,casada__alto,14.04.2022-15-40-40_v01.png,14.04.2022-15-40-40,1,1,cfa478e39a3240eb95afdf9feb452fb8141507a6454c06e7e801689f3b879cc6
209,casada__alto,14.04.2022-10-57-44_v00.png,14.04.2022-10-57-44,0,1,f88b462d35c7722661bc258eb59731b62fac3f42c053266ab585242bcdba6965
210,casada__alto,28.06.2022-10-04-31_v01.png,28.06.2022-10-04-31,1,1,4ec7c4e6690b65cae42eaeb13e79d7cd6d0a39b90f9700a208fc1f5df283bf42
211,casada__alto,10.05.2022-13-49-11_v00.png,10.05.2022-13-49-11,0,1,c2802172ffcc9b9ef4f754b1a70f5ccd5625e03086e3bffbbb12da944c12b719
212,casada__alto,10.05.2022-09-07-17_v00.png,10.05.2022-09-07-17,0,1,bc9e65d9f121f7683adc9c77ea9143392cc4a10547421c75557c885ac156cc1d
213,casada__alto,09.05.2022-11-05-38_v01.png,09.05.2022-11-05-38,1,1,5c9225f128d926ec52b67645443985f57a23b883e3ce3107395ef48183b8ff57
214,casada__alto,13.04.2022-13-26-19_v00.png,13.04.2022-13-26-19,0,1,b469717e4b76fb38cf811233d22b93879982e06ab2bc820915476a9e8e54d163
215,casada__alto,12.04.2022-14-52-51_v01.png,12.04.2022-14-52-51,1,1,c1a7ccb9ac95f354f93724f87b557f0fa345de7eb0babb9fbd193fbb647e4584
216,casada__alto,14.04.2022-08-42-45_v01.png,14.04.2022-08-42-45,1,1,6eff88bb94b5a9bfbaae6ddfc7be81d5ae5820a48c07a831db676ce907698b2c
217,casada__alto,10.05.2022-10-27-47_v01.png,10.05.2022-10-27-47,1,1,a190914fc0076855455e340a659f99e94ae964164dc2c986c8c204ce8410618c
218,casada__alto,04.05.2022-09-50-51_v00.png,04.05.2022-09-50-51,0,1,c3877eb7dfd3334f268e5eb35034d6ab770e57613ccdd0718f4c32487dde34f8
219,casada__alto,22.07.2022-15-54-15_v00.png,22.07.2022-15-54-15,0,1,9cbbf6fb2aa6210ea1dc42dd39f26e077c5f5a0cd6a186d9c9acd5434f1dcf55
220,casada__alto,08.04.2022-10-47-35_v00.png,08.04.2022-10-47-35,0,1,a4c62b5137b909742f9fdc034cc31807a55d01578d40e11b00dee43aa4ed91c4
221,casada__alto,08.04.2022-09-55-02_v00.png,08.04.2022-09-55-02,0,1,512e77659fde11094d94d6b084dddb71be34a012a4377c8bd76eb5e35e12520a
222,casada__alto,28.06.2022-09-37-40_v01.png,28.06.2022-09-37-40,1,1,6b3b8e8099c35aa11bbc86c88837804719a79e013bdb3adfb80fdfee4b25e746
223,casada__alto,11.07.2022-09-49-14_v00.png,11.07.2022-09-49-14,0,1,c9e3a9a5318ded9d5888abdd02d7c7ae445d1ed2c29716fd0b6676827a9877ea
224,casada__alto,27.06.2022-09-10-54_v01.png,27.06.2022-09-10-54,1,1,c75b6443b973afeac864c070d31b3b33cedb84a55017154d8977b5cd41ad8499
225,casada__alto,12.04.2022-10-43-34_v00.png,12.04.2022-10-43-34,0,1,f4b74ccf5792151907cf6cc61facb8969babe2f2f9170ad77350652bb987fa80
226,casada__alto,23.06.2022-14-03-40_v01.png,23.06.2022-14-03-40,1,1,69fe7838ab7414c3c2bc03c0601d4a8d8e689f5b83f940c9d714bf01dce4d4c1
227,casada__alto,08.07.2022-14-50-41_v01.png,08.07.2022-14-50-41,1,1,f1a34ef27b1dd22c143c0151b92c80dc25442f5f27eead43609f8be32175341b
228,casada__alto,22.07.2022-11-24-20_v00.png,22.07.2022-11-24-20,0,1,7d7a9e75bb4bd23c3ff5ac37415752f8fab69ca0467f392702e37bf26e71259b
229,casada__alto,09.05.2022-09-34-16_v01.png,09.05.2022-09-34-16,1,1,ffbeda05634ded56898d899cef8fbfd3f153db94d826be6b5d2795cd3735cb1a
230,casada__alto,14.04.2022-15-36-16_v00.png,14.04.2022-15-36-16,0,1,3233917515a375d4840db535d0a8447e9c4a01d83f296a49ef9307d35f2ebba8
231,casada__alto,28.06.2022-09-24-58_v01.png,28.06.2022-09-24-58,1,1,3dbdcb2c00ffc57c964075818ec7fc8d8e873176f9469cb7ab4e0ad8c9cf8e46
232,casada__alto,13.07.2022-14-01-23_v01.png,13.07.2022-14-01-23,1,1,3f1e04e98daf0bf02803a24ad8c7c372c0f6d00a0a7db1f2c2eaa96df05a0092
233,casada__alto,11.07.2022-14-39-44_v00.png,11.07.2022-14-39-44,0,1,8b40ccf638077f9b300d197fca178baa52e2025566a3d4c6b4974371de577c61
234,casada__alto,11.05.2022-15-16-47_v00.png,11.05.2022-15-16-47,0,1,4565bc0dc0f340eafd3231e854aeee2db19feee36448cbceb0c740a9c5bfb6c3
235,casada__alto,05.07.2022-08-53-43_v00.png,05.07.2022-08-53-43,0,1,892d2a9ba4983e84b7cf67c2a63f632e088ad5f758d462c196b4e19b72abc578
236,casada__alto,24.06.2022-14-54-38_v01.png,24.06.2022-14-54-38,1,1,9ba9fba4dc03a0863c38b602d02fe1d4e3257a8a259a79e05dd3297a6c0a1d77
237,casada__alto,18.04.2022-13-35-43_v00.png,18.04.2022-13-35-43,0,1,f52aa1a3e3b180af0191dd68de88101e7a03832be9db3085192df7ab9eb1d3d1
238,casada__alto,29.04.2022-14-26-47_v01.png,29.04.2022-14-26-47,1,1,0e4d19dcad143f9d89f46c0ba080efe3f5efda9c1a8eb4c63b39ad614bee9da1
239,casada__alto,22.07.2022-15-54-15_v01.png,22.07.2022-15-54-15,1,1,65d172fb0b91d4bd3699112fdb937ca2cef3318dde8db2d13f90624780f4df0c
240,casada__alto,12.07.2022-10-38-28_v00.png,12.07.2022-10-38-28,0,1,d254357e24edc4b1331919c4eefbbc0a35efd811e80ce4d227cf898c787b8a6f
241,casada__alto,22.07.2022-10-04-21_v00.png,22.07.2022-10-04-21,0,1,67f0bddcebb33780bd536d55ff7716eb76a79b8947f5806bf3f5fc29c0b67531
242,casada__alto,05.07.2022-09-39-22_v01.png,05.07.2022-09-39-22,1,1,853565b2c7521290e636c77bba3ad7c5e202ff3b82e726b87d2a74647e83f61f
243,casada__alto,04.05.2022-15-32-10_v00.png,04.05.2022-15-32-10,0,1,72782eb1e728cbed816fd943674bcfce513421658584abeb940e34c303a261d3
244,casada__alto,13.04.2022-15-06-09_v01.png,13.04.2022-15-06-09,1,1,4691b2f259de027cb5509d30517231b3a576b57ba6a7c168de7990f842357b50
245,casada__alto,11.05.2022-15-18-18_v00.png,11.05.2022-15-18-18,0,1,64a19243ef299f3c9ac618fcecb2d05994049bf3d85330bc2fa9e04d75dcc98e
246,casada__alto,13.04.2022-11-06-02_v00.png,13.04.2022-11-06-02,0,1,a1347d6b8cd1ffb56ca3f98f45674e24940c528ee32a2b2a36a84667f1fc2c87
247,casada__alto,20.04.2022-09-38-10_v00.png,20.04.2022-09-38-10,0,1,0870ddb10c20413ca4154323a5281835269c64dd3ef1953940d7079093f15a7f
248,casada__alto,14.04.2022-13-44-08_v01.png,14.04.2022-13-44-08,1,1,f1603ddae901690502ad70933066765b53a49c5f4d45f0bdcab737ee485afd4d
249,casada__alto,12.04.2022-10-09-29_v00.png,12.04.2022-10-09-29,0,1,f4306eb5573177bbc3f6bbbb59afcc036541b04f434e94d4022c6c3a7468171e
250,casada__alto,09.05.2022-11-15-18_v00.png,09.05.2022-11-15-18,0,1,8eea4de036034be23af995337500509dbfda3e07e1157d933827825fd7cce071
251,casada__alto,13.04.2022-14-43-09_v00.png,13.04.2022-14-43-09,0,1,ad6ab08c181736a1a53a0dbafe8e2b255862bb7f442d79149c8ebbe07ff94c0d
252,casada__alto,22.07.2022-14-31-48_v01.png,22.07.2022-14-31-48,1,1,57eff8aaf3c6b1bc0ec0739f95829716e345bf9bb208b8793a443ea3dbb65a94
253,casada__alto,24.06.2022-15-55-19_v00.png,24.06.2022-15-55-19,0,1,8aed28ae0aae86f0a6bf08234065a5e310d74c22d1f65b532c12be275852d70a
254,casada__alto,28.06.2022-11-03-19_v00.png,28.06.2022-11-03-19,0,1,1a4c9ecd2a4fa7305be21ae8aa0870b73788aa860de04d4acdf6d7e7c37034fc
255,casada__alto,14.04.2022-09-50-01_v01.png,14.04.2022-09-50-01,1,1,6fd1549be5812ab3043eb024f034f2e082da66e5ccfc5d20f6286a0d12a241b5
256,casada__alto,13.04.2022-10-38-07_v00.png,13.04.2022-10-38-07,0,1,05fd0b386f9460b5deeac9358b3279ca38e323768634fce3e90680b91cbb3bb5
257,casada__alto,12.04.2022-10-58-59_v00.png,12.04.2022-10-58-59,0,1,381a7840e1417a5bd971fd7fcd45dcb98229018d81c4159e2d381bea45defa19
258,casada__alto,13.04.2022-10-54-36_v00.png,13.04.2022-10-54-36,0,1,e6699178819fea1f591674422aa1148dd03ae2f856f119369995d8a8988010de
259,casada__alto,05.07.2022-09-35-39_v01.png,05.07.2022-09-35-39,1,1,e1521c40d7f00ec79e1ae2c3525cdaabe66b777d8cd3578d588adec9b145d317
260,casada__alto,13.04.2022-16-07-51_v00.png,13.04.2022-16-07-51,0,1,bc90e40c32393b707675043f8b1411031ea603ae7828a77ff877346707cc58f1
261,casada__alto,28.06.2022-09-58-58_v00.png,28.06.2022-09-58-58,0,1,301fb3be7123f805cf58dea890bf4a973488151d95e08ad377076032c0060ac9
262,casada__alto,20.04.2022-11-26-19_v00.png,20.04.2022-11-26-19,0,1,40189a85d4a7244013bc66c6ea93bc3f0b8c6102533e5a33b337a1da5a9b846c
263,casada__alto,27.06.2022-15-58-42_v00.png,27.06.2022-15-58-42,0,1,4a378b2afd1d1e99c456c478c4b5a3a69f1b275e8dc420a67cb676c061e00426
264,casada__alto,22.07.2022-14-15-59_v00.png,22.07.2022-14-15-59,0,1,e8987875907c8f5c70adbbfbfb9be6f39d108be1913a46449d07c5f5294db4a0
265,casada__alto,27.06.2022-09-15-40_v00.png,27.06.2022-09-15-40,0,1,b9cf294683d6f57517dcb2dcc582d245267078932e0a51264f5ccd5793a021f6
266,casada__alto,12.04.2022-10-04-14_v01.png,12.04.2022-10-04-14,1,1,937cbeb150ac2d15728a1a50c63af91a96afc30b036ccabb9923fceb76185614
267,casada__alto,13.04.2022-09-35-52_v01.png,13.04.2022-09-35-52,1,1,f18f5ede10d30082cad9c17b17b91299d84997988fe7706f6baab4332d3d4a1b
268,casada__alto,10.05.2022-10-56-03_v01.png,10.05.2022-10-56-03,1,1,e3bc661b2d0868b0756ba9169562f1c1ac90c7e1e148ff8383825cb456b77c5a
269,casada__alto,14.04.2022-15-36-38_v01.png,14.04.2022-15-36-38,1,1,2fe7fe79ced975cd2371a41600ff32f8f1313b8d5501f4f96aee9c554f37e31e
270,casada__alto,11.07.2022-15-56-11_v00.png,11.07.2022-15-56-11,0,1,0b20f820ffe011146649c1d2f2f30d7e50d0d9686ae4bd41b573a9b9a988c140
271,casada__alto,07.04.2022-16-04-20_v01.png,07.04.2022-16-04-20,1,1,76220eb756da75191bd6dbd6f12c355351ce91c7eac14949fd6ae4935bbfb5a4
272,casada__alto,28.06.2022-09-30-17_v01.png,28.06.2022-09-30-17,1,1,9bc571b184abbca8d2dffaaba06f858b01798a25575d1114e44cfb7f45d1213f
273,casada__alto,24.06.2022-11-01-11_v01.png,24.06.2022-11-01-11,1,1,b383b7c423bf0bc0eb9ef70ea6829b0b52eb39a231bbbff5bd96b0ac55a493d6
274,casada__alto,07.04.2022-11-14-58_v00.png,07.04.2022-11-14-58,0,1,fd595577427e8d0ae0323ffad06fcb073d9990bc0778fb2c1c54ab13f2c9f07c
275,casada__alto,18.04.2022-14-17-06_v00.png,18.04.2022-14-17-06,0,1,a17f34c9a4977fdeb7ab5c0d9353a0789f4cf7473e42494700d1f21c2248435a
276,casada__alto,07.04.2022-10-33-09_v01.png,07.04.2022-10-33-09,1,1,746d9deb2452175db5eb510206ca35ce9a296f8a36954a4848ed0f4d1fcda666
277,casada__alto,25.04.2022-16-13-26_v01.png,25.04.2022-16-13-26,1,1,62ba4a17dea644478d49478cb8ce8a257b98d1866daae98e8fdaf05099024165
278,casada__alto,20.04.2022-11-33-30_v00.png,20.04.2022-11-33-30,0,1,1790e45acf7d12601f90eeb8d87e7acd41113bc2a78f87fc5ee588b8bc79f67f
279,casada__alto,27.04.2022-11-18-23_v01.png,27.04.2022-11-18-23,1,1,c11242da18bbc18043f21119e8e8a0acb52cbcd6f1cfb9521fe8d60e58a03b78
280,casada__alto,10.05.2022-15-51-02_v01.png,10.05.2022-15-51-02,1,1,820354bd0316c5028bb0f3b3b55be33577210d63758cfcd8fc2fd0598b5df5d4
281,casada__alto,29.04.2022-15-21-31_v00.png,29.04.2022-15-21-31,0,1,b8bccc5e47795d07336466085ebdad9406686f0e6e8b65017017e83e7255cf09
282,casada__alto,28.06.2022-09-12-32_v00.png,28.06.2022-09-12-32,0,1,8055da11e140c8a38c86fb1d035da686c54e99ba7ba60134b56bb8867ae1391a
283,casada__alto,13.04.2022-09-38-10_v00.png,13.04.2022-09-38-10,0,1,4971db11c7376e01ce363b49bb6065844525b84eae47cfee0840d09763444ba0
284,casada__alto,23.06.2022-10-52-29_v00.png,23.06.2022-10-52-29,0,1,6d427700f91327257464fe3a93b69ad28220107ddd058311b262a15b12325455
285,casada__alto,09.05.2022-14-02-25_v00.png,09.05.2022-14-02-25,0,1,a5da5db1503e549af15ee20652249444eded8e4504043e1c3885b56f04f3c9f0
286,casada__alto,13.04.2022-10-38-07_v01.png,13.04.2022-10-38-07,1,1,2a7ef430b01861d791ac9c0d8321677066e09c54d3ce6162a0fcececb8515f06
287,casada__alto,13.04.2022-14-33-48_v01.png,13.04.2022-14-33-48,1,1,ae7c4cb886496e31ec64f48cd4f4ce2a245040ee9c373a50641e42121c58f43a
288,casada__alto,28.06.2022-08-56-47_v00.png,28.06.2022-08-56-47,0,1,9eab80498b49cfe36ea4cd795370b3bff4f451f2065e70ae175cbc4661d25d27
289,casada__alto,18.04.2022-15-39-28_v01.png,18.04.2022-15-39-28,1,1,50917ce7901a64957d3706e264a35b5e8a9b1e5d30f0fa24e36f971045fe2d30
290,casada__alto,18.04.2022-14-20-13_v01.png,18.04.2022-14-20-13,1,1,43c257b92dffcb0f0e61c030dbf3edd93ee14a8395b5103f3adaa9e44a1ea97b
291,casada__alto,28.06.2022-09-35-35_v00.png,28.06.2022-09-35-35,0,1,f05c132b58210344619fc52eb43cc9140b85e1be5be62a62a3af5f137bf68f1e
292,casada__alto,04.05.2022-14-43-13_v00.png,04.05.2022-14-43-13,0,1,52a6adcc2126214d18a16d913f2c42a6386db03759fd71a335673b9e281e54b9
293,casada__alto,05.07.2022-16-09-13_v01.png,05.07.2022-16-09-13,1,1,33f9043bb55dea13481c57dce7b9350d0288fbb86d6bc0b2ac9ef31dd767e86e
294,casada__alto,07.04.2022-10-55-17_v01.png,07.04.2022-10-55-17,1,1,5e6850f2d6a2069caf3b84d2446b755428416a5a9b6cddda5419160297ca0051
295,casada__alto,12.04.2022-10-45-03_v01.png,12.04.2022-10-45-03,1,1,011876738db1e9158b178ec97086eb71f002c0d1356cd447e14b8171eacc90df
296,casada__alto,13.04.2022-14-27-23_v00.png,13.04.2022-14-27-23,0,1,dc569723a3f1b6aa5930ecff73b8f993dd0271f71db7eb17fa21a67bae7e51b3
297,casada__alto,12.07.2022-10-06-58_v00.png,12.07.2022-10-06-58,0,1,874c54d3f162a5de4f38fca7a781768bb18e2fd83e158860e8040c926b26adc2
298,casada__alto,12.07.2022-09-56-43_v00.png,12.07.2022-09-56-43,0,1,050cfa1d97c4ba70f9f20a8ef767b8d482673902f26e0f148b4c377523b554c8
299,casada__alto,05.07.2022-16-09-13_v00.png,05.07.2022-16-09-13,0,1,386d5571dfac9e0575b2ef15fa5f2480a78c6971d7b5ad1f542c7c5268e556ba
300,casada__alto,24.06.2022-09-33-41_v00.png,24.06.2022-09-33-41,0,1,13dc482eb915c74d9aeb784aafb8049f1a3f48ca28e35f03b12e49b2ea01864b
301,casada__alto,12.04.2022-09-24-10_v00.png,12.04.2022-09-24-10,0,1,8f8ada6b64d9dbd9e6ee044b376bfc73e0c0817726230137a4e5599e972fd17c
302,casada__alto,12.04.2022-09-48-01_v00.png,12.04.2022-09-48-01,0,1,4b76c01e0d93b4c2b889fd7609f2b8965a7b8b194f31ef42e2889d36b89574a5
303,casada__alto,18.04.2022-13-51-38_v01.png,18.04.2022-13-51-38,1,1,ca94c97dfde64b2a9d5db6020bdc27256e032fcf23e179f6663d113b47904e41
304,casada__alto,11.07.2022-09-42-25_v01.png,11.07.2022-09-42-25,1,1,68006246d4a1bd1f606879cc6186044b3f9920648025011a7adb67a9a229e268
305,casada__alto,14.04.2022-09-11-45_v01.png,14.04.2022-09-11-45,1,1,fde8575104138018e2a4255661041538c97a28a4aade0f5a3b6a6fc22561789c
306,casada__alto,04.05.2022-15-33-00_v00.png,04.05.2022-15-33-00,0,1,05a4ba7d0e65d72842ea7684d38c16c27a3dab3a7c5d3ed6ad6ea1da69bd3b21
307,casada__alto,11.07.2022-15-52-18_v01.png,11.07.2022-15-52-18,1,1,c65fd1cc77727103a3362fdf050963ad1a5a327e6593705beab84ccf3daaf2a8
308,casada__alto,22.07.2022-11-21-59_v01.png,22.07.2022-11-21-59,1,1,18f83cdabcb30dc5733de972c5ab60dda45d90b366e45694d9ff0bc76b1d0b1e
309,casada__alto,08.04.2022-09-22-44_v01.png,08.04.2022-09-22-44,1,1,00b290d7ec180fea46a27b2b05b0292a9b209fe0ff0f49f18c6c5b7821b302e3
310,casada__alto,20.04.2022-09-51-02_v01.png,20.04.2022-09-51-02,1,1,488b973467a7c7584f6bf629838ed778c61cfa732205d19721badd7f67e5325b
311,casada__alto,14.04.2022-15-31-58_v01.png,14.04.2022-15-31-58,1,1,d02273edb18e8d2af49370164bc12bb57b09fc0e7f91cbe90577f581775ecd36
312,casada__alto,11.07.2022-15-49-18_v01.png,11.07.2022-15-49-18,1,1,6fee39da23323dd2e84f4202952419b80f9f2d81b78bbbb88ccac90a1a5a5a02
313,casada__alto,27.04.2022-08-59-49_v01.png,27.04.2022-08-59-49,1,1,f3fc59001abbfa05d8b36eb4129013b20f215efe726c94c08c0dc312510ff196
314,casada__alto,23.06.2022-16-01-57_v00.png,23.06.2022-16-01-57,0,1,27d80db9193c91504ae3ecf39c7c282e02bfa4bc0c902688cb07fd35e3732851
315,casada__alto,12.04.2022-15-49-54_v00.png,12.04.2022-15-49-54,0,1,a33a41e73811b714fe68aa8857c5f6b348167b90c78df94ef304ad96e781ca6e
316,casada__alto,04.05.2022-14-56-45_v01.png,04.05.2022-14-56-45,1,1,1e2e639f3cc95c089d7e718b8735c10af076eade3683093182f32bc3c9bc34f8
317,casada__alto,05.07.2022-15-17-59_v00.png,05.07.2022-15-17-59,0,1,f6a688f5cb37eb6828705c5b89ed90894159f188058b62e6cc3e72f87fce6f05
318,casada__alto,04.05.2022-10-19-10_v01.png,04.05.2022-10-19-10,1,1,18c6c8b89955cbdcbff1c625aa62078cf7cbb88a2d96c5ba0c2140d6cb63fbe3
319,casada__alto,22.07.2022-14-23-44_v00.png,22.07.2022-14-23-44,0,1,0c5408d61afa6976ec05a499d48eaa76b818dd4dba63f913b6c42bc424ae9fc4
320,casada__alto,12.07.2022-10-41-48_v01.png,12.07.2022-10-41-48,1,1,72090dc5bd4c55e0a541443a8352c46f4eb7d13a7f11bbf0cda0f4f024d2163e
321,casada__alto,18.04.2022-13-39-05_v01.png,18.04.2022-13-39-05,1,1,4a462d80116853969788eb66561c392784e0f24a8775264688472969a8173c1b
322,casada__alto,12.07.2022-09-59-46_v00.png,12.07.2022-09-59-46,0,1,571e7d5435076c68a0511841ea649a4ab93eaaa2c8605e0feb9adb1f166b5e50
323,casada__alto,07.07.2022-09-39-44_v01.png,07.07.2022-09-39-44,1,1,f3663b39d443a824c1f6e82e788262112a238cee80af4fefef34cb7c37cf46b2
324,casada__alto,12.07.2022-09-56-43_v01.png,12.07.2022-09-56-43,1,1,a1dc45ab8545921588a5bd2358045a31ba4767dc339b0f3b305ab292336f6d84
325,casada__alto,20.04.2022-09-26-36_v01.png,20.04.2022-09-26-36,1,1,ce841bce10d8b7189ffef47fc3c8546400cf3138bf47006ea98ee80456c3221c
326,casada__alto,13.04.2022-14-27-23_v01.png,13.04.2022-14-27-23,1,1,ccfccfc8558dc46de3ec72ad570a10112b7b503422e143bd8f99b1d821b79fff
327,casada__alto,29.04.2022-14-27-34_v01.png,29.04.2022-14-27-34,1,1,9f9a12fc66461c910a460abd83c432835ed4490fcb6669cb3988276513df6edd
328,casada__alto,10.05.2022-13-38-28_v01.png,10.05.2022-13-38-28,1,1,1536f0ef89a6b5a13fcbcd693431b5276545b5fb29f7bd4e423c1b97ea663db7
329,casada__alto,11.05.2022-13-57-38_v01.png,11.05.2022-13-57-38,1,1,053a2b33bcb35121fb5a54248869901c8ac9429c651f1bba8161094f8202789c
330,casada__alto,22.07.2022-14-01-11_v00.png,22.07.2022-14-01-11,0,1,e9a669b41775e7d5cf93bc58e19cb3ebc0d83ae0d73bbf1121f0e48c250a3020
331,casada__alto,12.04.2022-09-40-51_v00.png,12.04.2022-09-40-51,0,1,0cd44426d6b151c9a7ba5f550985b1e3b3d1723e4026e23eb75ef8d83deeb294
332,casada__alto,14.04.2022-15-19-35_v01.png,14.04.2022-15-19-35,1,1,36cdcd04f4c9ad6496decde818e45fc05554404f2025df659ea642e6072cc3f4
333,casada__alto,14.04.2022-11-20-38_v01.png,14.04.2022-11-20-38,1,1,0f7ce0b672fb9bc1f57b69b20954089d977ad83eea10113701c7c2808312328b
334,casada__alto,22.07.2022-10-57-43_v00.png,22.07.2022-10-57-43,0,1,5ac3f5044e4e99ab7e24f4988cbbf5af3116fcdde51747de9397e64fdd978d90
335,casada__alto,08.07.2022-15-14-46_v00.png,08.07.2022-15-14-46,0,1,8fd36783e89c3c1a92ac0423cf727a2f59a34da7da0cc3d147e69179da85c39b
336,casada__alto,07.04.2022-15-22-21_v00.png,07.04.2022-15-22-21,0,1,c7536678797626cde24766a018def19a35d9f97c98451b5514ef3f84d2f5e644
337,casada__alto,07.04.2022-14-47-00_v01.png,07.04.2022-14-47-00,1,0,de17c6d2dcc05d6d29372a6849c8129ee0df632d0116313371d0b202f30434ec
338,casada__alto,24.06.2022-09-28-12_v00.png,24.06.2022-09-28-12,0,0,d7b0ea612e343f30ee030fa1f0b46a26799947b3266accaba37ce600be09716f
339,casada__alto,12.04.2022-11-05-33_v00.png,12.04.2022-11-05-33,0,0,8bcada6e14e3be3e8000c685173c8fdbaaa5bc2647daf8995df4facf12be290d
340,casada__alto,11.07.2022-16-03-51_v00.png,11.07.2022-16-03-51,0,0,35a89909635e7691e4f2bfc4633db9d813ef7519a5eeb43e71789853abb102d9
341,casada__alto,22.07.2022-09-52-53_v01.png,22.07.2022-09-52-53,1,0,bece2d40e060fd763529c47ef1c9a85c7198b9c30078932105b6fbc6e6171c8d
342,casada__alto,28.06.2022-09-30-17_v00.png,28.06.2022-09-30-17,0,0,09ac97d086a35b2cf1b09b4a2166f525dc6a04d90bcf593a1c23912f15e061f5
343,casada__alto,23.06.2022-10-47-19_v01.png,23.06.2022-10-47-19,1,0,78f5a922e68ed7cf1d5bbd3a88aa2d59c4cd814b8a68871a39b01fe02fd9177d
344,casada__alto,05.07.2022-08-42-33_v00.png,05.07.2022-08-42-33,0,0,9210921e059a3926c1acf28d552a10558af3d7f1e7212f10e845a548d9f21f45
345,casada__alto,24.06.2022-11-21-50_v01.png,24.06.2022-11-21-50,1,0,aff0363a7118557df7e12f6752d7353b0cdd8e10a61d94170900168970d21052
346,casada__alto,05.07.2022-15-04-20_v00.png,05.07.2022-15-04-20,0,0,18481af3cc4073b059ed96a9e13aaa48f7d7d67982357d116a75c9e21208d735
347,casada__alto,23.06.2022-16-08-17_v00.png,23.06.2022-16-08-17,0,0,03ea8220d65b46140b45cf77629245a280f98d6d54cbc90999ff0e57dd8bdfea
348,casada__alto,22.07.2022-11-16-33_v00.png,22.07.2022-11-16-33,0,0,2d3ba1cd3cf61309e6a47e817502e9f7101c1e82aad7f063b05bf3b48fd8c2e5
349,casada__alto,11.07.2022-15-45-30_v01.png,11.07.2022-15-45-30,1,0,c7ae8d9001339086c8dc4eb866037972ef87b71f92f629e73d5cd55814956af8
350,casada__alto,10.05.2022-13-47-14_v01.png,10.05.2022-13-47-14,1,0,65107b37a62c2570fbb003f90201c18a8c24ae5f1feb042a68ace5ef8d19a08f
351,casada__alto,04.05.2022-10-05-42_v01.png,04.05.2022-10-05-42,1,0,7f601c29f29bd18ea6a1ac2d2db61e840f88d484ceec3b7e1085994b98cfddaa
352,casada__alto,04.05.2022-14-09-15_v01.png,04.05.2022-14-09-15,1,0,ca1304d0788aac747664f894beb4aec2f39fa9c0567f6ceed53654bc977a1145
353,casada__alto,05.07.2022-15-12-00_v00.png,05.07.2022-15-12-00,0,0,78e2df0c4addd38e8d796e3d1e7bbef13c1b8ba072eaa50c527dadafbee9cd7d
354,casada__alto,22.07.2022-15-47-41_v01.png,22.07.2022-15-47-41,1,0,cb59d51fbeb6af050d38f109886bae7c608db3bd6d987008b8d6d8d509e85c84
355,casada__alto,27.04.2022-10-47-11_v01.png,27.04.2022-10-47-11,1,0,1271b089c6fe80df7d92f7f127bf76c75c81f2e42e28680efb7e3de12bda9f68
356,casada__alto,11.05.2022-14-14-57_v00.png,11.05.2022-14-14-57,0,0,5ccecd5b1ba5c9029055e7136733e43c431e56859ecb3edfe25b380ac717ec8f
357,casada__alto,22.07.2022-11-13-28_v01.png,22.07.2022-11-13-28,1,0,6f248cbb9810719bbe996590a378391b4e087eaf9b3b236c32a73fdcef4d0135
358,casada__alto,24.06.2022-15-35-59_v00.png,24.06.2022-15-35-59,0,0,e3fad0be3cc5dfe5c7060707d385a89c943a6c8986ce7fedfd12a827e4d922e9
359,casada__alto,09.05.2022-15-51-55_v01.png,09.05.2022-15-51-55,1,0,5945d3c3e2c4856d4b2c28879289a3098764a531a96984aadc7a086e88b498d1
360,casada__alto,12.04.2022-08-43-51_v00.png,12.04.2022-08-43-51,0,0,03425744964c46fd2ff061056f3cdc9851a3b356dbb8b35122e150fc60e95bbc
361,casada__alto,12.04.2022-13-37-39_v00.png,12.04.2022-13-37-39,0,0,da40f8b3abcd18f4c26754d1560f0ce64685947078ebd4b7459bad8c149af009
362,casada__alto,22.07.2022-09-52-53_v00.png,22.07.2022-09-52-53,0,0,2283751260fe1c032403d8a2f3842b116393e2e6e9de1b9fc7c67f2b835b8506
363,casada__alto,22.07.2022-11-22-43_v01.png,22.07.2022-11-22-43,1,0,d918b7904c62bdda9cf43e20c6db804ceb03bed6b3d9728dc58d5f32ffca3ba5
364,casada__alto,10.05.2022-13-44-05_v01.png,10.05.2022-13-44-05,1,0,30bf520bf19c6a89fa5703adc8fb48bd72a15083166fc7e02819cdef97b88c2c
365,casada__alto,27.04.2022-16-07-01_v00.png,27.04.2022-16-07-01,0,0,1280a8f872174d4fe415a75a14509e6df50fde4da23db4a6339dc3efd1d20c16
366,casada__alto,07.04.2022-11-03-11_v00.png,07.04.2022-11-03-11,0,0,bbc30cf3177f9f7a3fca1a67a6e3e10a844a8e9e8453c2ada6083fbac9c3651a
367,casada__alto,23.06.2022-09-13-01_v01.png,23.06.2022-09-13-01,1,0,332d138121985908a823b891b37149d67b20e32eb5050477908d11b8a1e5e48f
368,casada__alto,27.06.2022-09-07-18_v01.png,27.06.2022-09-07-18,1,0,3caec4433d140ab6aec30cc8103ef573afba0cc5d6ddc46828d3de74b57eda12
369,casada__alto,18.04.2022-10-28-51_v00.png,18.04.2022-10-28-51,0,0,1280c1748cb8fd2da3d25ee3c9c0549fef160b5885cb6baf27b9976f0fa778f0
370,casada__alto,13.04.2022-15-33-49_v01.png,13.04.2022-15-33-49,1,0,5edf7ea05413e483906e3ac24cbd339ff8c001b3ae4ca816fc952009be01dc96
371,casada__alto,10.05.2022-11-10-54_v00.png,10.05.2022-11-10-54,0,0,7629155584cc3249d5f6b11d5df0fc8c22df860906e2056156a00e6a2df791ff
372,casada__alto,12.04.2022-09-53-08_v00.png,12.04.2022-09-53-08,0,0,bc8ed5e33beec31a51ddbf041d6d6a343d5c6fd6abb3238dd9f0df6b7582f169
373,casada__alto,22.07.2022-14-23-44_v01.png,22.07.2022-14-23-44,1,0,6c551edf20ab0fddcd4acc89b78c3b980bf879c87521f22b660923c7d502b9a6
374,casada__alto,11.07.2022-14-34-00_v00.png,11.07.2022-14-34-00,0,0,e71a8f339726e97527a13c92ef00329a652f48f7d3cb61d53dfa308b27f98814
375,casada__alto,27.06.2022-09-20-37_v00.png,27.06.2022-09-20-37,0,0,611f14ba4e8e12b6b1d8909f68ed7a0a16d01ecd1e71430885357b1587d62ddc
376,casada__alto,12.04.2022-09-52-19_v01.png,12.04.2022-09-52-19,1,0,1205e546199b1f5e389d82589c1d3a4d5279b21389aa90948906b8f806189afa
377,casada__alto,12.04.2022-10-51-10_v01.png,12.04.2022-10-51-10,1,0,a41a79786642738745d21e829071ca1173b1559307b434ff4819de270353f874
378,casada__alto,22.07.2022-10-19-34_v00.png,22.07.2022-10-19-34,0,0,a2a3e3cf0a4585627d87b9d30e181660efe64ec9f94d3e38a3c0c00c07429ba0
379,casada__alto,08.04.2022-09-17-41_v00.png,08.04.2022-09-17-41,0,0,81fe83aec3eefaa90e6ce5223497fa3066662d2ad99599a62c1a804332d55045
380,casada__alto,13.04.2022-14-15-29_v00.png,13.04.2022-14-15-29,0,0,1eb73d2fe4e9e6142ea750f638bf7a8921620b5968221dbae6426bfe678865cd
381,casada__alto,27.06.2022-09-51-33_v00.png,27.06.2022-09-51-33,0,0,1a05ae1dc41218e6cb9f66dba774a2eb51f3e6a081bbdc2b0379079138280278
382,casada__alto,27.06.2022-14-53-25_v00.png,27.06.2022-14-53-25,0,0,5e1ba52471ea05d059c90704b1f585da09b3894662494bd6a96ada2fc10655bf
383,casada__alto,04.05.2022-11-21-06_v00.png,04.05.2022-11-21-06,0,0,b18ec4721fea7d1ce75f5971fcefebebebf82f91d06a9e6e756a05bbf10ec06f
384,casada__alto,12.04.2022-09-53-08_v01.png,12.04.2022-09-53-08,1,0,52ff4de1cf8cb863716462576c452c81e67e01530cec42f7782700db0f6d9336
385,casada__alto,18.04.2022-13-41-04_v01.png,18.04.2022-13-41-04,1,0,970f7c0d88318ed3c03bdaf1cce71921785d476cec02c567591283a8b00aa725
386,casada__alto,20.04.2022-11-19-57_v01.png,20.04.2022-11-19-57,1,0,388cf1bbdf53ea514e370b9821750b942b54bfbddd7cf47b98d453f967d0b532
387,casada__alto,05.07.2022-09-07-06_v01.png,05.07.2022-09-07-06,1,0,2a69c78e85692800075c426afb4be174a710636485e31b01f894c804256ca033
388,casada__alto,10.05.2022-08-21-03_v00.png,10.05.2022-08-21-03,0,0,d8146294e96eed2a3cc20ac5a03c335685dfa2b298a2b3718806c370a74a6f07
389,casada__alto,27.06.2022-09-05-50_v00.png,27.06.2022-09-05-50,0,0,38ce9e30992205bac64716f61683ed1fc8d1833057eeb4b538a8b856b0d2f189
390,casada__alto,07.07.2022-10-34-54_v01.png,07.07.2022-10-34-54,1,0,a56d4a9df2ba0983cac677e58aee8fb371574c98af81624a3a5acf860a504df5
391,casada__alto,22.06.2022-14-30-07_v01.png,22.06.2022-14-30-07,1,0,6ea67b2de73863a26f74b7c19efb9c2c5d65a742c3b07375a36d2525b50c9d0a
392,casada__alto,12.07.2022-10-00-16_v01.png,12.07.2022-10-00-16,1,0,64f14aade4a6fff95d5981b2d975723724e3edfe5f2225eb98f92621ad3ee109
393,casada__alto,23.06.2022-13-54-55_v01.png,23.06.2022-13-54-55,1,0,55d9fc707e39602463aa800772d65c961912cd9ab4306448ce88ac3a7e9bcd0f
394,casada__alto,07.07.2022-10-33-37_v01.png,07.07.2022-10-33-37,1,0,a57437a30550524d751ef82688a603f956c6192457496f82f3c49bd2803af789
395,casada__alto,24.06.2022-09-33-41_v01.png,24.06.2022-09-33-41,1,0,e3c52ea1732c693cf16b22a6a7e483f6248a0968c58db9710fe4ab9caea9131d
396,casada__alto,24.06.2022-13-49-22_v01.png,24.06.2022-13-49-22,1,0,2fa0afc417568d4caaebeb26eedd923c565e7205bdbd345d9b167227c831ad85
397,casada__alto,13.07.2022-13-40-30_v01.png,13.07.2022-13-40-30,1,0,7d87585c1fb19ddb166fa330e5aa73c15d67e5c1b9c271fbf422a8f9afac6841
398,casada__alto,05.07.2022-09-31-40_v01.png,05.07.2022-09-31-40,1,0,a0c3f436a9dfee02eca07c7bb14f02b29590bad336637b339eb8db79861fa48c
399,casada__alto,24.06.2022-13-49-22_v00.png,24.06.2022-13-49-22,0,0,9a6a32629ab3ccfc365691484592d3a7f18cb784c16012b1386d44b2f9b8af1c
400,casada__alto,14.04.2022-14-02-20_v01.png,14.04.2022-14-02-20,1,0,6326a4464977e8076ed72a3d203c2fbfc56d2fd04dacd5358746208d330c1cc7
401,casada__alto,18.04.2022-13-50-08_v00.png,18.04.2022-13-50-08,0,0,c3bbae4f134039a1d8d91d3890ef6c6b1b9c9d59e339fdfaa8822a0365a8f0b4
402,casada__alto,20.04.2022-09-28-31_v00.png,20.04.2022-09-28-31,0,0,74829857de8848c25578a01f229e5e46bca41d1a4bdbcee69b6c8ecc63205336
403,casada__alto,14.04.2022-10-16-57_v00.png,14.04.2022-10-16-57,0,0,abb3c9accc71de28c1579d29a5d4b85276e1d8e6cc1dd671a4acf2e0bb711e0b
404,casada__alto,12.04.2022-14-28-19_v00.png,12.04.2022-14-28-19,0,0,12bc3eaa9fc9d436eeef3c84e70d4866cafe0d6bf46d01087927a3b1e1a81c57
405,casada__alto,13.04.2022-14-37-09_v01.png,13.04.2022-14-37-09,1,0,f8c601a6bc30ae4b09fd684dae7af75c4dc194472916ed96c71e30c899c0037b
406,casada__alto,10.05.2022-10-59-24_v00.png,10.05.2022-10-59-24,0,0,8a8f40c413ec1d6087eca4f73f51ebaf1b4dc01f3f42e0a50213fb1307c528b6
407,casada__alto,28.06.2022-10-03-49_v00.png,28.06.2022-10-03-49,0,0,dfa61b01c1a5767446662edf176795d0c5d6628e7e9526c16c8903fcce13e733
408,casada__alto,11.05.2022-13-49-17_v00.png,11.05.2022-13-49-17,0,0,8c06a43ea14ea6164d311b19d148be6b0134bc54560774880d2b16d2a18e9a3d
409,casada__alto,23.06.2022-09-32-14_v00.png,23.06.2022-09-32-14,0,0,6f4fd9bbd4567cd974f1b97ec2a52d25f00c142199f37701216dd9430c61d7d1
410,casada__alto,28.06.2022-09-54-32_v01.png,28.06.2022-09-54-32,1,0,64296181254251e6c95ebbb0fc3602c84202219c00ad308716cb56a1ab9039d5
411,casada__alto,27.04.2022-16-03-53_v00.png,27.04.2022-16-03-53,0,0,766a632a0d40e0902651c44973ec62a563853f326b9e09c32bd296a6a8afdfad
412,casada__alto,08.07.2022-15-12-23_v00.png,08.07.2022-15-12-23,0,0,69d8df3193941d2cb7fea1b3a5c348d6ad02d19e95ea5257fcdc6ee95a56752a
413,casada__alto,11.07.2022-15-48-44_v01.png,11.07.2022-15-48-44,1,0,fd0efc6f72b26387f4f3462a017b037aa99207118834b065ca4e4ee617780d24
414,casada__alto,18.04.2022-16-10-31_v00.png,18.04.2022-16-10-31,0,0,56beb1e545f8a94e6a1c98dd81ef95085a930505897cb0db79ebe1b3fb11eda3
415,casada__alto,05.07.2022-11-21-38_v00.png,05.07.2022-11-21-38,0,0,8377e742b85861d8425de3f3507e3c7e51691555842e36677beeb70de9ef15fc
416,casada__alto,07.07.2022-10-35-34_v00.png,07.07.2022-10-35-34,0,0,85a9ce54c43010d46eb63f6d783f13ea1a6c2c918936b7ec108ac28658c65cee
417,casada__alto,11.07.2022-16-11-52_v01.png,11.07.2022-16-11-52,1,0,5d6e1fc434c446c799dac356bdc90e1682921041ba84b3d1b26995f1b87598f1
418,casada__alto,18.04.2022-10-37-09_v01.png,18.04.2022-10-37-09,1,0,83d8c45806c586feb338bfcbf7b6871f699e30959aba5c9fca830bf7b9041a11
419,casada__alto,10.05.2022-16-00-30_v00.png,10.05.2022-16-00-30,0,0,17c9515ce6bd70cfde8fff6ba158edf5f426d52fd8ff5dcdf102c70318251fe8
420,casada__alto,10.05.2022-16-20-04_v00.png,10.05.2022-16-20-04,0,0,66bd9c65fc94a3f1459f7603609a3484f5824239b1429dbbf1a2123eef563b75
421,casada__alto,12.07.2022-10-11-30_v00.png,12.07.2022-10-11-30,0,0,aa90fc6827f8ce31da5af216bd102616a0b55581b05c2f750d681f482abcdeda
422,casada__alto,13.04.2022-14-45-10_v00.png,13.04.2022-14-45-10,0,0,9510cedce22c0f960f2518e0e9588fa0d3762be7e2f75d284434b48d2754195a
423,casada__alto,12.04.2022-14-23-39_v01.png,12.04.2022-14-23-39,1,0,073873373c6c6225227134f94385d88ce745ffb1d01f96b0b30d25c337ff9574
424,casada__alto,25.04.2022-16-10-49_v01.png,25.04.2022-16-10-49,1,0,5766c39aec9f098ec55a52cd9b7d54e44ca1447cb20dede6215abb15f5a11cc3
425,casada__alto,23.06.2022-15-58-28_v00.png,23.06.2022-15-58-28,0,0,61b13a1cb4a4e2f2351adc96301131d10c57d6ad42ed76bafffe8a1baa62b9c7
426,casada__alto,18.04.2022-15-47-11_v00.png,18.04.2022-15-47-11,0,0,6a4fc60730a18426139fc82b7c0e2156f6a3ad562cfd426445e7cffe25075b40
427,casada__alto,24.06.2022-09-18-55_v01.png,24.06.2022-09-18-55,1,0,cee40b3dced7f1cb27c7ce6fc4be23b2d92823078588c50f940337b5aa06e163
428,casada__alto,05.07.2022-15-12-54_v01.png,05.07.2022-15-12-54,1,0,03c204ed97adac1b92ac7688f4d7280430f8f8d3e14e0fc15f465aaaa6bcc857
429,casada__alto,12.04.2022-15-04-47_v00.png,12.04.2022-15-04-47,0,0,06617bab46d45c5864c21b26e12c13339ea42d5a9c8912c2a6e0d9812f3ea0e6
430,casada__alto,23.06.2022-14-27-53_v00.png,23.06.2022-14-27-53,0,0,bba4a22c326989fd08a9f23cc808ae4e897634173ecfcbf2d9d88198dec93052
431,casada__alto,27.04.2022-10-39-47_v00.png,27.04.2022-10-39-47,0,0,2a763ca9413db976b8a6523012aada30dcd54a9188a13f487462026d90e3c863
432,casada__alto,05.07.2022-14-09-27_v01.png,05.07.2022-14-09-27,1,0,dd084ff2a481c30b211ac04a45e07d46f62546de10f4ee4bf54a0a454ebe2ca5
433,casada__alto,10.05.2022-13-48-31_v00.png,10.05.2022-13-48-31,0,0,55054d572d9d9bcf428142e31bebbdbef64cde7de0e57a011e6665ea63152840
434,casada__alto,28.06.2022-10-22-39_v01.png,28.06.2022-10-22-39,1,0,a5ba09fdf0d36645c6d2c8cbc5ce37997f35861a3fa7d2ecaafce2cbcb106f4d
435,casada__alto,27.06.2022-09-03-31_v01.png,27.06.2022-09-03-31,1,0,4719ab0e5210a6c16e099f1331ee718f5a0893b5203386090e70310ce1214620
436,casada__alto,18.04.2022-09-45-29_v01.png,18.04.2022-09-45-29,1,0,9c9585e283375bcb4138684ddba817cc85426e5e2aa53ad67e18d2e10fe2e601
437,casada__alto,12.07.2022-10-45-50_v00.png,12.07.2022-10-45-50,0,0,6d1e12357000bb67ef79c06b518dc1e4eba7919c3f4fb50ae81dd458fda40bcd
438,casada__alto,22.06.2022-14-03-47_v01.png,22.06.2022-14-03-47,1,0,9db6374316d1458c05cb4bb72ccbf030119d8b3b32126086aecf2e78d8a7e93c
439,casada__alto,27.06.2022-09-48-05_v00.png,27.06.2022-09-48-05,0,0,219e360a82951224d178310ea3fa7472d21160b7dd84e23c18bdce2a549edb65
440,casada__alto,12.07.2022-09-59-36_v01.png,12.07.2022-09-59-36,1,0,84c8d23a44e73032b1f9438e07b07e9fd14e72ab16df04202ba65b0e94a25a1c
441,casada__alto,22.07.2022-13-56-51_v01.png,22.07.2022-13-56-51,1,0,0c4a8e9114c89d4d2cfff9e08c134c5afdb6b43c3221172db6c98e7ba56f3e44
442,casada__alto,12.04.2022-15-04-47_v01.png,12.04.2022-15-04-47,1,0,197df7fb046777d1455a6c04008f7e3c0be5a73bde686c4edd5d18f39021afe5
443,casada__alto,05.07.2022-09-00-57_v00.png,05.07.2022-09-00-57,0,0,9dd083513585435ef02d09a4b2effaba3fa8cf66aa63e595b1360cf6a33ebb7d
444,casada__alto,12.04.2022-08-43-51_v01.png,12.04.2022-08-43-51,1,0,48bb8b86614e766dc6cb380d552aafc5bc5f9fe80138f77a6b245bf8a39a7989
445,casada__alto,23.06.2022-09-34-19_v01.png,23.06.2022-09-34-19,1,0,e7595e33adaf841784ea9dfc09c840e2a70684f4a752d2ac009f3e731725c3f6
446,casada__alto,22.07.2022-16-01-17_v01.png,22.07.2022-16-01-17,1,0,b2d51c4e00822fbe4e56da18e1feace19f8f63253a5c42010a19dd624d9b2931
447,casada__alto,27.06.2022-15-53-25_v01.png,27.06.2022-15-53-25,1,0,b96108709d90c255171f63db930b76bbdad92c7bdedbc6686f553ced94f165c5
448,casada__alto,10.05.2022-08-23-46_v00.png,10.05.2022-08-23-46,0,0,be816599f442ebce8a5c7b783cfcdb792b9d6c91dd54c511a4d0a7d4a4279e68
449,casada__alto,27.06.2022-14-00-22_v00.png,27.06.2022-14-00-22,0,0,55b3d79933559649c1c2cf061e6b2d2e7818ca9b49d5fbb275f966a7bc35ee1a
450,casada__alto,10.05.2022-09-52-10_v00.png,10.05.2022-09-52-10,0,0,0709f2dcec04c10b8d147722b238c54b106d3a4626a97ef1eb5763ae37d8fe41
451,casada__alto,24.06.2022-10-25-44_v01.png,24.06.2022-10-25-44,1,0,3c405cc6b6c4f8bbee92a8f7211ed44bddd3123911341c370ba598dbd1a237bb
452,casada__alto,11.07.2022-15-56-11_v01.png,11.07.2022-15-56-11,1,0,e2e25ab2d293f4bda316a4418667b74324719148f33b80eb9983eb03106b70e8
453,casada__alto,14.04.2022-09-11-45_v00.png,14.04.2022-09-11-45,0,0,589f23c7ad5e95e6df0974601a75c32acd4152f99d10bcb456bb94c8cb59c0e1
454,casada__alto,18.04.2022-13-42-18_v00.png,18.04.2022-13-42-18,0,0,ce47876a7da90ce110cc66d7237621293e7c5a33a238656d31a27925fca2a4fb
455,casada__alto,13.04.2022-09-44-58_v00.png,13.04.2022-09-44-58,0,0,e9479c66f3162aef906ce65f22d3271c1bc6e943888d7f5b003fb82e4fca7067
456,casada__alto,27.06.2022-09-14-48_v00.png,27.06.2022-09-14-48,0,0,c68ef76f298d2b7683929e49fae521e646058203c5895e4f322bc3a8fc67c72b
457,casada__alto,23.06.2022-16-07-51_v00.png,23.06.2022-16-07-51,0,0,be357c1e79361917ece1759d8cb6473d51dd5071e324b9843e99ef15c237ac1a
458,casada__alto,23.06.2022-09-34-19_v00.png,23.06.2022-09-34-19,0,0,900c61a5d0b7f3afd4473c41543c61f95c5c3131708b6df8400901e53acdb3cb
459,casada__alto,20.04.2022-11-36-18_v00.png,20.04.2022-11-36-18,0,0,7e627a2e983fc71d5cea385e70d225bc86235da3237ed65df36ab45a854d3881
460,casada__alto,05.07.2022-10-42-49_v01.png,05.07.2022-10-42-49,1,0,ed7a453d7126e7c3fe6017e400dc918ae5da5d6edd7c92c753b9358cd45bcda6
461,casada__alto,18.04.2022-14-18-53_v00.png,18.04.2022-14-18-53,0,0,c7197e7d23bebc71578cd44997c9d1fc14ceaec25c358d915110de2a7be1c692
462,casada__alto,18.04.2022-15-42-31_v00.png,18.04.2022-15-42-31,0,0,a83a460aed2e2ee54a1568924f136c36da4608dc1bfddf6c41df9ab1a3cebb08
463,casada__alto,24.06.2022-14-50-21_v01.png,24.06.2022-14-50-21,1,0,c7fbf08af65978d35e0b70058c2db291dbf201dfec79fed5190405e8406bac07
464,casada__alto,07.04.2022-14-44-43_v00.png,07.04.2022-14-44-43,0,0,917f3ee4c1d04ba08be9dcf263afc30ac90562405c7df4350cc8b5ad15e458f4
465,casada__alto,22.07.2022-11-17-31_v01.png,22.07.2022-11-17-31,1,0,ba11be0a2c794e4dd4e69def8a2d36f4f71a7d2d58dec5f0cc57aabd54045d05
466,casada__alto,08.04.2022-09-22-44_v00.png,08.04.2022-09-22-44,0,0,0a5e6acdf89c6413f9b359942ff3ce9054116a42ea823129c3f4148f60311e70
467,casada__alto,11.07.2022-09-49-14_v01.png,11.07.2022-09-49-14,1,0,a4e215cc34e99fd12802db06978173ad4da30a28ee74f4820777fb4742f70abe
468,casada__alto,05.07.2022-09-00-57_v01.png,05.07.2022-09-00-57,1,0,d4597c8cc47a82558cf64f970309fa655146f566ffcebf701f8e434e07ee0ab1
469,casada__alto,22.07.2022-11-21-59_v00.png,22.07.2022-11-21-59,0,0,87d9bc3047a7ca68da81f3db668b0fa4d5bb55c326c95340ed46d19701d0c0a5
470,casada__alto,10.05.2022-08-33-42_v01.png,10.05.2022-08-33-42,1,0,74a1b912f6f983fc08e38753ed48776388a00d8e4a18930d9c15e0b67ed124f1
471,casada__alto,13.07.2022-13-51-52_v00.png,13.07.2022-13-51-52,0,0,a873de298d464d86e59d6470817c87aa107d1ed563db3f6b2fd8cefd0e7bc02e
472,casada__alto,11.05.2022-16-05-57_v00.png,11.05.2022-16-05-57,0,0,68d04abfa2cbec9f0d00f9c3c1a64dd648e34cf80e5527132752f53c27001a2a
473,casada__alto,05.07.2022-09-57-10_v00.png,05.07.2022-09-57-10,0,0,57640e066174dd52db706cc18d704a1e0646392899efb1fce7af68c0e2090bba
474,casada__alto,13.07.2022-13-52-36_v00.png,13.07.2022-13-52-36,0,0,f1fcac97de80a716798dcdccf603f7c8910b7f2e9eb327723ea77c69f3226140
475,casada__alto,27.06.2022-14-41-10_v00.png,27.06.2022-14-41-10,0,0,1012d8c5691d160fc6a9f2355cccdb90fde86756a36929ddc19cba6443620c9d
476,casada__alto,18.04.2022-11-12-33_v01.png,18.04.2022-11-12-33,1,0,b402322495c9349d4576e06e618e7551223d7b17cecfb74cc61fc4b7f1589774
477,casada__alto,05.07.2022-14-10-43_v01.png,05.07.2022-14-10-43,1,0,604da3d73c15169be9e0c3f1453e9df1c209901f9ce67e1807a32356d42316e6
478,casada__alto,05.07.2022-14-14-30_v01.png,05.07.2022-14-14-30,1,0,24c7a7d44d5dd92a2e4be1c10513382a269384ad7747769c0817dbec5ec44733
479,casada__alto,22.07.2022-11-25-35_v01.png,22.07.2022-11-25-35,1,0,84867f336949e0757a2f4383f2bd9d036b3dbc0b2c7b77b99048b079555f1f55
480,casada__alto,13.04.2022-15-07-51_v01.png,13.04.2022-15-07-51,1,0,9244e8019102156ecee984daf0bdfa14910eeb2b72f7d0c861f8d5b977165986
481,casada__alto,05.07.2022-15-28-44_v00.png,05.07.2022-15-28-44,0,0,8b7905f150ece9a975237b145f4739d46f82cfa2a18002721c39a8f4e3cfe29b
482,casada__alto,08.04.2022-09-42-22_v00.png,08.04.2022-09-42-22,0,0,6a63e87b05186f02c04ad66411b3817238012491ff65552602f44ffe451d56d0
483,casada__alto,05.07.2022-08-43-04_v00.png,05.07.2022-08-43-04,0,0,ebcd3f25b8fae2a65dd4801fc8dd2b9a78c7b94b4cca3552f109353e3ed2a866
484,casada__alto,22.06.2022-14-08-54_v01.png,22.06.2022-14-08-54,1,0,9812428f15355c709041ae35baaf6e6c26317cbcde6e5adae0c8a75282eaf86a
485,casada__alto,27.04.2022-10-55-25_v00.png,27.04.2022-10-55-25,0,0,092234409c000234bbf68ab9ae7046b21aa8483321d72a56d7c5c7ebac379330
486,casada__alto,23.06.2022-10-47-19_v00.png,23.06.2022-10-47-19,0,0,840e956b484e58cc2f2c9ebc6e64f51b910284545db2b742d094461e0b3410f1
487,casada__alto,24.06.2022-15-55-19_v01.png,24.06.2022-15-55-19,1,0,f47a5a58d0039f26244b4202d94da077d4c47960a67dcc1901cbc3f1db4f5098
488,casada__alto,09.05.2022-09-37-57_v00.png,09.05.2022-09-37-57,0,0,b19e84530412914aa71f9b27e8d396d86824c8277a33ca1c1deffaf3c96797f4
489,casada__alto,27.06.2022-14-44-26_v00.png,27.06.2022-14-44-26,0,0,d7d557e56503cdbd36b2630c11f560304f5acdb3c7e9dfdff61544711b748e5f
490,casada__alto,22.07.2022-14-31-48_v00.png,22.07.2022-14-31-48,0,0,45e1b651e228a3e2eb99ef23e98c2b26ef604d84d126b368ed1689ba5d6c28f8
491,casada__alto,20.04.2022-09-40-43_v00.png,20.04.2022-09-40-43,0,0,ffdb4efbaf6eab619f0e830cc3a5f1dd971324ce5fefd090f60c3480e3868075
492,casada__alto,12.04.2022-09-43-22_v00.png,12.04.2022-09-43-22,0,0,47835165b775a29592b0cd75ae66fd99584da64f23d715e02da4da7e6d59e3be
493,casada__alto,27.04.2022-16-11-32_v01.png,27.04.2022-16-11-32,1,0,0c0383cf8313821731cd40b4d2d9885b612bd995dc94c6cdd513c9b301b6b2eb
494,casada__alto,18.04.2022-13-32-10_v00.png,18.04.2022-13-32-10,0,0,092077d46fd4ec0f29b5246f7662e6df80ee84deb954cfeda205abd8bf2a8b7a
495,casada__alto,11.07.2022-09-42-25_v00.png,11.07.2022-09-42-25,0,0,1ce70137c6b77208be99dd80cbbe72f2c28fa4b709301884023872cb6b8ae696
496,casada__alto,14.04.2022-13-41-38_v01.png,14.04.2022-13-41-38,1,0,472e1bb6d134e2b5792da9ef72910efa573a5785ef01307fdb04225a17749c1e
497,casada__alto,05.07.2022-16-11-27_v00.png,05.07.2022-16-11-27,0,0,3071851db5f002a3a052ff267ed8b45892b56ca8e0723a5f90587847e042a693
498,casada__alto,13.07.2022-13-53-53_v01.png,13.07.2022-13-53-53,1,0,29af07beb6baf9dbdbcb50b1ea30def5d848f7aedbed7fa8e619810eebc2057c
499,casada__alto,23.06.2022-08-53-46_v01.png,23.06.2022-08-53-46,1,0,7aba515bd009b8efa30d5d635c1abaeabded44baadde63bd49556b30cecc70e0
500,casada__alto,24.06.2022-10-15-39_v01.png,24.06.2022-10-15-39,1,0,3885511c1353f3dd49ca5a42e30ec32b3f03c8f61f91a26e8e0ae14ed42a0511
501,casada__alto,24.06.2022-13-58-24_v00.png,24.06.2022-13-58-24,0,0,b35f5828b84e603d7e157e63f9670273610df3acf9271fcc60d1fbf1121ab3c8
502,casada__alto,20.04.2022-09-29-44_v00.png,20.04.2022-09-29-44,0,0,6f49139907e306aea32284502af682924fd62af75fd2dc6efcf9f2b3b9a8b1ef
503,casada__alto,14.04.2022-10-16-57_v01.png,14.04.2022-10-16-57,1,0,71204c66620a7411d0ae6464224c0021ecfb6cc721c1136339d7b9f8c059fe2f
504,casada__alto,23.06.2022-15-56-51_v01.png,23.06.2022-15-56-51,1,0,041cca3e07a11cf2a1c3ca641c6d73d6358b29f0b0f4e80ab780bfaee280e843
505,casada__alto,10.05.2022-09-53-58_v01.png,10.05.2022-09-53-58,1,0,1482b29ad9d4b7f9f1a9ae287fcf753102ad79a763b043ab22fd33935291c6c1
506,casada__alto,09.05.2022-15-04-02_v01.png,09.05.2022-15-04-02,1,0,73c0f8248f1a1c5b6c975228fbc5c6b5e6efafce4b2e1c74562fdd690a628b59
507,casada__alto,07.07.2022-10-30-43_v01.png,07.07.2022-10-30-43,1,0,556b9557478de1d9f06c9390d0a7c5275edf4977532c9edcbc5526364528a2ae
508,casada__alto,28.06.2022-09-34-51_v00.png,28.06.2022-09-34-51,0,0,0920b4351b1e864048e85d77cb49d6994bbab4a13473200f5195d658c7c9bd05
509,casada__alto,22.07.2022-14-12-37_v00.png,22.07.2022-14-12-37,0,0,7a059bddf842a0e75d04648e2b311feda45770420f9ae63d32805345be715e6e
510,casada__alto,11.07.2022-16-03-51_v01.png,11.07.2022-16-03-51,1,0,b956b2f32e7a1c9d8305e74142fc3b6247aad244fafcac82a34dae64a9252489
511,casada__alto,27.06.2022-09-10-54_v00.png,27.06.2022-09-10-54,0,0,2ae5f44233d8774613e0c1d898e84b71be350e6cfe4bca4607a5e385eaa24652
512,casada__alto,07.07.2022-10-46-32_v00.png,07.07.2022-10-46-32,0,0,c552ded719472daaa22faa520a8f1d27211a809fa9758aed3b71bc945a8c50f3
513,casada__alto,22.06.2022-14-12-25_v00.png,22.06.2022-14-12-25,0,0,52c760459d6a27a348be423eb52f28d6b706627a842e24ca493bb72e63ccf3b6
514,casada__alto,20.04.2022-11-46-03_v00.png,20.04.2022-11-46-03,0,0,049f7ac940d2b28dfed6914563119e69e9735ed2b0d643a43bd367ca767c7716
515,casada__alto,08.07.2022-14-56-34_v01.png,08.07.2022-14-56-34,1,0,7d9a92c5f2f0a4cb9c03476a0b7cdbd0c51997064be7e67285542aff57566b46
516,casada__alto,27.04.2022-16-09-17_v01.png,27.04.2022-16-09-17,1,0,63b8a15e344f84a396b669899b9d77279fdd11c822a14c2ccdaa20ac6567534a
517,casada__alto,04.05.2022-10-19-10_v00.png,04.05.2022-10-19-10,0,0,39963ec1503f901e00b4a53943cc1f3fd1c531b46299aec42c41d267b9f48d2c
518,casada__alto,24.06.2022-14-54-38_v00.png,24.06.2022-14-54-38,0,0,3e8854845aede8c184d1365848a34bb05d8c8adf0f7f798a8890c8c38e8d8a7a
519,casada__alto,22.07.2022-14-28-33_v01.png,22.07.2022-14-28-33,1,0,fdf8292e8390804f57553ebf0d23efc43081e8d0f3334b4dd7e693093442ee3a
520,casada__alto,11.07.2022-15-51-56_v01.png,11.07.2022-15-51-56,1,0,d73946a4ea1d1f84a1ee0de5e4d2221f29bfe9d41eff38e5d3f8f6eecfba5f53
521,casada__alto,07.07.2022-09-38-49_v00.png,07.07.2022-09-38-49,0,0,8c6483f65ba562035db5378c83db451113f1bd9c8640b124e199e64a34af3726
522,casada__alto,23.06.2022-09-13-44_v00.png,23.06.2022-09-13-44,0,0,d923d73bd75d93624e697cd3c8d117f628519356b4d984d9a5283a1e28633b60
523,casada__alto,22.06.2022-14-14-28_v01.png,22.06.2022-14-14-28,1,0,9987da2bf1d5dc9b2cf7d91dc27b75d1ade2147122c680b7b9772dae6b81e7ff
524,casada__alto,10.05.2022-10-44-19_v01.png,10.05.2022-10-44-19,1,0,f93cab30374a324f33181f767eeefb8c336632cc567cbdb0a61382d5d54afeb8
525,casada__alto,18.04.2022-13-49-30_v01.png,18.04.2022-13-49-30,1,0,ae61ef4b0c1846762e715d12f4271fab6861574843758f030ea4afb57e5db148
526,casada__alto,05.07.2022-10-45-30_v00.png,05.07.2022-10-45-30,0,0,f4cfb6b7e3f178f2b435ae4765992958015ffda1594558c13611bc6bfb2230bc
527,casada__alto,14.04.2022-13-44-08_v00.png,14.04.2022-13-44-08,0,0,bf6d177e568e39f9c88587fefb0a2b14e2ff7638510f72df22f95399e8e17d88
528,casada__alto,23.06.2022-10-55-43_v01.png,23.06.2022-10-55-43,1,0,3a37ac5d2cd5162a2ca81ce5a801e9b6f59c8bf94f412b610cb4ee7ad2c6f2cf
529,casada__alto,18.04.2022-10-24-55_v01.png,18.04.2022-10-24-55,1,0,b53abe760bd62b5a9fb03bb9aea7a3bee266fc555246ec85bed42e33ca99e36e
530,casada__alto,22.07.2022-14-21-37_v01.png,22.07.2022-14-21-37,1,0,b6e3540cd093fdaee8225d3d8d21ef4bd105952613ccac28f0cfd724b3155d9e
531,casada__alto,13.04.2022-16-05-44_v01.png,13.04.2022-16-05-44,1,0,d4456d4d6ab179fcdcf8a7ba60ae5fd15a2fd3a85db1a38f30c2eee5b85a7599
532,casada__alto,10.05.2022-10-23-20_v01.png,10.05.2022-10-23-20,1,0,3a60339108965a6cfce6c397a8d37bfe824867bf85627c65c88147918928a97f
533,casada__alto,18.04.2022-13-54-58_v01.png,18.04.2022-13-54-58,1,0,2a21954497bbd00ee4c994fdba1dc6fe53b3a8c9f79cee46756dbe56a4d724f6
534,casada__alto,04.05.2022-14-37-57_v00.png,04.05.2022-14-37-57,0,0,89dd284ce5208db97db62917222cea925aa9dd5204baf75999b9227c7e95d2c2
535,casada__alto,27.06.2022-09-01-40_v00.png,27.06.2022-09-01-40,0,0,ac4fdd667303eefe52343d97933a21a1a48f1ab925c1ac74ef03d781fdc2be25
536,casada__alto,23.06.2022-16-12-57_v01.png,23.06.2022-16-12-57,1,0,1d6c14b40c8bad71679fd4f93dd24bbca6f3ee746eaecf799207d195ed3582be
537,casada__alto,27.04.2022-16-03-53_v01.png,27.04.2022-16-03-53,1,0,511ba5dcd1fa40c910c3c5861b767b315cca3ec6f2956f53ea1b938df1eaf2b1
538,casada__alto,18.04.2022-14-00-15_v01.png,18.04.2022-14-00-15,1,0,46437d28318987b1df8c6f27ef07add94a56aa34438afd4cf00cf2dc14655de1
539,casada__alto,18.04.2022-14-22-05_v00.png,18.04.2022-14-22-05,0,0,3c6bc84a8b0753aee178a5a2052fe32472f6a25fe827f4d95944d4c1640dd3a4
540,casada__alto,14.04.2022-13-32-10_v00.png,14.04.2022-13-32-10,0,0,6fbd738f235c2b74a2ebd59947aec0da7f367502822f0f87d0cdb19b5e5b51d7
541,casada__alto,05.07.2022-08-43-24_v00.png,05.07.2022-08-43-24,0,0,394c0f8b1c9a13cda94b5a16496a18c518b819826aabb10d114a7c3a82ee76c4
542,casada__alto,05.07.2022-15-28-29_v00.png,05.07.2022-15-28-29,0,0,0fbe15e1033a595a9475947b90cc024c638cc41c039f3d0a7c906295b0243d0e
543,casada__alto,27.06.2022-14-56-33_v00.png,27.06.2022-14-56-33,0,0,6a7d453549ff0b4664da869632fca4726bcdb0dfe3345de75db4307cd45168d8
544,casada__alto,22.07.2022-11-24-20_v01.png,22.07.2022-11-24-20,1,0,d7a2a9f9c2d9751ae640b16db249be3e8e2afd74cb7ed3f39fe5bc2d211ab355
545,casada__alto,08.07.2022-15-22-21_v00.png,08.07.2022-15-22-21,0,0,f7ff13d0c48ae50c0efce8b3f9367c64d2954cacb5de79fbd9fd571b69ba8085
546,casada__alto,22.07.2022-14-15-36_v00.png,22.07.2022-14-15-36,0,0,e64b15a2a57cf23e5dece17d9611e90256f1cef719d786801691480dbb0f2616
547,casada__alto,23.06.2022-16-07-51_v01.png,23.06.2022-16-07-51,1,0,aad55b38a01881004d5a35cdfa762ba5027619bb4edd00fdb39041274898ae58
548,casada__alto,05.07.2022-14-49-01_v00.png,05.07.2022-14-49-01,0,0,8d1c4f8863d7cec84133e7f7f4ee06af39cf1b091fe1e6bef5a0745ff8556ec0
549,casada__alto,04.05.2022-15-26-31_v01.png,04.05.2022-15-26-31,1,0,c1cf4571adba60f7bd9b64ccb7a8c920a37e4dcd836c52c3267f87acc643179c
550,casada__alto,23.06.2022-14-11-03_v01.png,23.06.2022-14-11-03,1,0,64fa897b872e69162cae11e45a9a4ba26ebc3efd0d7f94d62b3a584408c176a4
551,casada__alto,27.04.2022-10-33-15_v00.png,27.04.2022-10-33-15,0,0,523888af7d793b87cfc59b1d7d7f8a83043eb5e11358aa14403116c7f8ce3d2f
552,casada__alto,05.07.2022-09-43-02_v00.png,05.07.2022-09-43-02,0,0,48d2ab016f7e31483c635718339c5720aaba2bc1a604186ad147033b17e9f162
553,casada__alto,13.04.2022-09-52-08_v00.png,13.04.2022-09-52-08,0,0,eecd5b5fb74123e08280477025eb028146eeeac9563b42509ced49158bc87d21
554,casada__alto,08.07.2022-14-50-41_v00.png,08.07.2022-14-50-41,0,0,da5688548c0d8f4e22308862ba7fa12332b939eae6ee4f68c916aa318b56612b
555,casada__alto,11.07.2022-15-44-52_v00.png,11.07.2022-15-44-52,0,0,9b0a85adad4877a22e99cb6b1469e910c74bc31e934c655c702eb26fb432dfa1
556,casada__alto,24.06.2022-09-19-41_v00.png,24.06.2022-09-19-41,0,0,9ada49d9b903693d3b48dadc164095ad6c21bcf280f6d48c2af0214fd34234df
557,casada__alto,04.05.2022-14-10-01_v00.png,04.05.2022-14-10-01,0,0,ca42f0526e7eb86609a7a0d796e3584160ef3914b466e0eeaba9407e24ab10c8
558,casada__alto,11.05.2022-15-09-55_v01.png,11.05.2022-15-09-55,1,0,581ce7ded45dfe3f1c474811a19140b7137dd38446734aca3fac0ca32a5348f3
559,casada__alto,10.05.2022-16-22-41_v00.png,10.05.2022-16-22-41,0,0,22757757966d140cffb6a7a1f56d328feec4c728b6c2666736feb2f05efb2001
560,casada__alto,28.06.2022-11-08-46_v00.png,28.06.2022-11-08-46,0,0,a7cd9523d245c65ba5c4189f99448ef64dfdd48bacb8d570aab34b2b43870260
561,casada__alto,20.04.2022-09-33-46_v01.png,20.04.2022-09-33-46,1,0,5b1678a02e4d179fdbb6c65da0a4036008c70b2547a8b8dbd83cfb91df178734
562,casada__alto,12.04.2022-10-07-34_v01.png,12.04.2022-10-07-34,1,0,0e9f901f21b6447ff447ef47792e055bba486b000f33b114b16dfe3548a654c5
563,casada__alto,24.06.2022-10-27-30_v00.png,24.06.2022-10-27-30,0,0,af40e23413576c4c1dd2990419bb1a6eccda3edc529a931ddca5b41272f39df7
564,casada__alto,22.07.2022-14-07-52_v01.png,22.07.2022-14-07-52,1,0,510b231b997a163f1661d4ec44edb7952f8b9f900ab5ce206d2e32021b8eaa0c
565,casada__alto,05.07.2022-09-33-39_v01.png,05.07.2022-09-33-39,1,0,b32d9b1ab2414e98fae7b07fee6634cf3fa5b3a03f8ce43133535c26f333b285
566,casada__alto,20.04.2022-09-37-23_v00.png,20.04.2022-09-37-23,0,0,d88ce12f9a4da0be8ca37cd0527cd622370ff70aac421c68579b6dac8a74201d
567,casada__alto,04.05.2022-14-38-51_v01.png,04.05.2022-14-38-51,1,0,97fc2dd19d9a8d1c2b5fb6bfd180addcc2c7966d588e352d36958367cb57edbd
568,casada__alto,04.05.2022-11-11-05_v01.png,04.05.2022-11-11-05,1,0,acf92f0f42e79a546b4300870bd7dd0fc5730c1b61703dd1ea0bd6f477715fce
569,casada__alto,23.06.2022-08-43-16_v00.png,23.06.2022-08-43-16,0,0,af1cb0d2d5153ae24baaf1590f6084259aba1f5461921384d077b688a151af45
570,casada__alto,09.05.2022-14-21-20_v00.png,09.05.2022-14-21-20,0,0,85eabf1619867011da550d79f251cdc7b2d1c32936c06114de535da6a334617d
571,casada__alto,09.05.2022-14-33-44_v00.png,09.05.2022-14-33-44,0,0,069a1dda8f974f391803fda66e99e3da56908d9fbe75715b1a62d83aaad3a87d
572,casada__alto,12.07.2022-10-45-01_v00.png,12.07.2022-10-45-01,0,0,60731e4e840c6dd1480f611711d81037f8936f033ae490c4fbb740f211a3af41
573,casada__alto,23.06.2022-09-47-29_v01.png,23.06.2022-09-47-29,1,0,377721ec35665429e9a6e8b5b9bce1e3c90a8517ed77bee6495ded78a2233820
574,casada__alto,28.06.2022-09-59-10_v00.png,28.06.2022-09-59-10,0,0,432d9d4c493450c17d30b40057a5c6433a6778c5a2464b6eac9697ecb8f4871c
575,casada__alto,13.04.2022-16-04-13_v01.png,13.04.2022-16-04-13,1,0,9f0ffcee2c21b6ee3c244ff82d341feb47e08e0e1fa1bdc611c3682bc80e715e
576,casada__alto,23.06.2022-11-00-51_v01.png,23.06.2022-11-00-51,1,0,b26d5565bb1e8bf4c6ce6a8248432e98139d1e5b2cbc65deab2968c4246f4367
577,casada__alto,22.07.2022-13-58-14_v00.png,22.07.2022-13-58-14,0,0,d23caab527c4c60642f22baeba85bd3be43f68a47aaa67bb86a5856d480d9d7c
578,casada__alto,13.04.2022-10-36-51_v01.png,13.04.2022-10-36-51,1,0,545ba1413ccb208cfd8b03f2ea38d6caff0df56c72cd039c0292db6ce4442c0b
579,casada__alto,04.05.2022-13-47-26_v00.png,04.05.2022-13-47-26,0,0,f4615865b8c54799e009e5244670cdd3ceccdb275051ede5ba01fdfb498a917a
580,casada__alto,04.05.2022-10-29-21_v00.png,04.05.2022-10-29-21,0,0,b4930a29680b463ba47ff3ee58fc7de4dab426240d1f8bfbee55d1af9194d070
581,casada__alto,11.07.2022-14-14-13_v00.png,11.07.2022-14-14-13,0,0,c2ebd0e508f3a5c12e723fc92509418b66c8aa36650e8b4b9d09027a2c13604f
582,casada__alto,05.07.2022-08-39-26_v01.png,05.07.2022-08-39-26,1,0,f5062f81ae2bf15adedf9fc10f1020d83f116202e626524d36b0b78eb99837e3
583,casada__alto,28.06.2022-11-02-00_v01.png,28.06.2022-11-02-00,1,0,95ad5af50c36f7cb348629c33d0a5070cefa823277246bc935d3d5ce2eded51c
584,casada__alto,05.07.2022-09-07-39_v00.png,05.07.2022-09-07-39,0,0,084b022c02c5e07cdec41ea151644198e12be2109ec4b9ee0d45215376ba216d
585,casada__alto,23.06.2022-08-36-44_v01.png,23.06.2022-08-36-44,1,0,dedb18bd27462045ead3e2f17745d9dfdb2ff84d778b883df0bc7ca844aa8aea
586,casada__alto,11.05.2022-15-07-04_v00.png,11.05.2022-15-07-04,0,0,e43831f0c81abe361a90266f1c9cbecde4e508f33c085a840a69e2578ef2e131
587,casada__alto,11.07.2022-14-31-44_v01.png,11.07.2022-14-31-44,1,0,9b964f5bbf932e0183e5ebc5250d48c4596a709f5694b7cccb051923879fb3cc
588,casada__alto,13.04.2022-15-25-17_v00.png,13.04.2022-15-25-17,0,0,f41195d901cc8e7a87ae34ca6f9a359758eddb9c5dbaabb07b4eea979c37cd71
589,casada__alto,09.05.2022-15-44-37_v00.png,09.05.2022-15-44-37,0,0,7f4fd8ff5eef06a524675e5be0f3ef8b033eb0fc02154c45d618c1900f1f96e8
590,casada__alto,23.06.2022-08-44-30_v01.png,23.06.2022-08-44-30,1,0,e49020f256e83e3498da05a97956ae8b09b5daeaaa304164deacbfc33a798768
591,casada__alto,27.06.2022-15-22-56_v00.png,27.06.2022-15-22-56,0,0,66999276c6ebe15bee2c1c5eebd9eb06f84caac35d96dbbcb1c11412b8e54499
592,casada__alto,18.04.2022-15-37-15_v00.png,18.04.2022-15-37-15,0,0,e15b7938903d28fde2718d60f435350fa5db20b2b35f34d9521f01657fe15702
593,casada__alto,22.07.2022-14-23-29_v01.png,22.07.2022-14-23-29,1,0,5fa2de7572950a05eb50db7b5b4703418073fe99f3efb8900dd12ec3e2bce16c
594,casada__alto,24.06.2022-14-04-01_v00.png,24.06.2022-14-04-01,0,0,e3ea7d010e7b3c51758a28623031870ffd53d9962b568d5299b449ede217a6f3
595,casada__alto,12.04.2022-13-22-48_v00.png,12.04.2022-13-22-48,0,0,e63633b0d162e50b39ce2f3bec6da517f5c7f7dbf3060e30e1cd4a7f306709d6
596,casada__alto,05.07.2022-08-49-00_v00.png,05.07.2022-08-49-00,0,0,5c508f7c9eae02292a605bfaa7f512b1ce443ab7d7afcf686c5c8e4bc9a7a7ab
597,casada__alto,12.04.2022-09-26-52_v00.png,12.04.2022-09-26-52,0,0,845ce6e91c24c20c2556f486384be70a19fcea65963716630f8d02795e30fb6e
598,casada__alto,28.06.2022-10-27-08_v01.png,28.06.2022-10-27-08,1,0,3cf64dfceea31fda618c2eac452ae20876ca5a4b849079b6ad2758ede4bef3ab
599,casada__alto,08.04.2022-09-43-25_v00.png,08.04.2022-09-43-25,0,0,c145e7e2f1524560da6fd83eed61780593e86a6d7439ce2003051b04111a140c
600,casada__alto,18.04.2022-13-54-58_v00.png,18.04.2022-13-54-58,0,0,fedc5daa1cca2bad52fba68332901c847294cf1a7cfa9cf2fd9f604ecc459047
601,casada__alto,11.05.2022-15-16-07_v00.png,11.05.2022-15-16-07,0,0,ff2855cdcd3b9bc1f5aa43981cbeda54685363dd41b83770bba34b05f8b2d5f2
602,casada__alto,24.06.2022-10-14-43_v01.png,24.06.2022-10-14-43,1,0,a3f7e5c86e3d83d240c687129304c5790cf14a6b9d9da585a433e9e1fb6290cc
603,casada__alto,08.07.2022-14-51-49_v00.png,08.07.2022-14-51-49,0,0,2ac1c8259ea53df12c63434170c5942bbf02c68ab69693fe2ae42d3a0fc54b2c
604,casada__alto,20.04.2022-10-07-41_v01.png,20.04.2022-10-07-41,1,0,cec22942768cefc534e06a63b85afa40101c2e63cea14388e24889e4f31d78d0
605,casada__alto,22.07.2022-11-25-57_v00.png,22.07.2022-11-25-57,0,0,7abb77395e0c9830e530a852b90e412885896642ade893243b1e83749d5d80fa
606,casada__alto,04.05.2022-10-29-21_v01.png,04.05.2022-10-29-21,1,0,7a68fec5c9a36f574b9ac2336af699ce0ea2f22803854b660da80c8f50d63cfb
607,casada__alto,07.07.2022-10-35-06_v00.png,07.07.2022-10-35-06,0,0,15056680f0d5cb8186fdf19cb91d497603b59279df2b2eda2e18b80160462727
608,casada__alto,27.06.2022-16-14-25_v01.png,27.06.2022-16-14-25,1,0,9eef83d53dbc5a184eb5992d210d84a2823b27213ad6a37f049217b831f3ec71
609,casada__alto,11.07.2022-15-43-38_v01.png,11.07.2022-15-43-38,1,0,59807007936c0f4b4690b14f4bed7622f00fef123089cfb48b888eca631dd9d8
610,casada__alto,11.07.2022-15-44-25_v01.png,11.07.2022-15-44-25,1,0,194a14d91d0113dbd37c489105681742d34639ef3c784c5e84e2248ff49c388b
611,casada__alto,14.04.2022-08-42-45_v00.png,14.04.2022-08-42-45,0,0,9e5df2d2cd6efc0a985dc93ee781e9b703a07796b1513b57f9c74382df00d10f
612,casada__alto,22.07.2022-15-47-30_v01.png,22.07.2022-15-47-30,1,0,af6edb0945ca2babc226c6a3af055365a27b657088ad91f98006c2d247bb02cb
613,casada__alto,12.07.2022-10-40-53_v01.png,12.07.2022-10-40-53,1,0,eabbb0e12a684b03e3d5f7e4a056155939217adcabbfe9db1ce7e447c58fb506
614,casada__alto,10.05.2022-08-31-30_v00.png,10.05.2022-08-31-30,0,0,7002810077e3eb33984740d13ef7c6c9e4afcf1ccc1c5b08aeadd65e7f5b5100
615,casada__alto,22.07.2022-11-15-23_v01.png,22.07.2022-11-15-23,1,0,1af4cbc7353b1fe1d0bf83e31a18cd4ee19b4b651187168056c7ef39cc4f77e3
616,casada__alto,04.05.2022-14-59-00_v01.png,04.05.2022-14-59-00,1,0,ece34f9c4429e2573d0bce429c5261bb76a02ee80b3edfd3da5e5e6ba35a2d87
617,casada__alto,08.07.2022-15-12-23_v01.png,08.07.2022-15-12-23,1,0,20d4637a592290144f4c9005b617bcfd9a6bfc56969aae1545e9b84b2418f903
618,casada__alto,18.04.2022-14-23-10_v00.png,18.04.2022-14-23-10,0,0,c95637812d07469e2ce417e0715c2d2ce5586ad06918392f27b5cef66c3cdeea
619,casada__alto,13.04.2022-14-31-51_v01.png,13.04.2022-14-31-51,1,0,af4434b4464cd69b498d8398f37a32597fce2ebd7e7059952208904602d90cb7
620,casada__alto,23.06.2022-09-49-46_v00.png,23.06.2022-09-49-46,0,0,01fd9bb10a6698507e90df5bac65218f16eb349d1522a8f2e5c5452d7c4e745a
621,casada__alto,24.06.2022-15-13-05_v00.png,24.06.2022-15-13-05,0,0,8a14b9231f24cbd954120a2a58e6f6ad7af16fea4cbefa733dee1bd23772a78d
622,casada__alto,11.07.2022-10-27-27_v00.png,11.07.2022-10-27-27,0,0,ee3c90c1e70ed7d0f2c8df8a56777b16cbea78209f51f360b6cd093d27935e98
623,casada__alto,10.05.2022-11-06-01_v00.png,10.05.2022-11-06-01,0,0,73485c1109d54cff2a798bb3b3ffb04254521f263abc94993d014b29d4b74c6c
624,casada__alto,09.05.2022-11-15-18_v01.png,09.05.2022-11-15-18,1,0,9939fbc74382e65d5d0c26b2e61b4533bddf61bfa660b524861fc0eed036482d
625,casada__alto,10.05.2022-11-01-01_v00.png,10.05.2022-11-01-01,0,0,1b26680305ca6707d94242a7778cf1456f05eec177fbc6338ab66f713870a415
626,casada__alto,24.06.2022-14-11-59_v00.png,24.06.2022-14-11-59,0,0,354e3a707e88d1d3a71d9ba5df55b1e34ad2457759fe8b0dac531c40496a7e13
627,casada__alto,04.05.2022-14-08-57_v00.png,04.05.2022-14-08-57,0,0,484550fe38659526dee47757087e0cf4df764212876d1a93f1e5500e468fe74c
628,casada__alto,23.06.2022-09-41-33_v00.png,23.06.2022-09-41-33,0,0,4fef06152e9c2cb6b2c8fd6c4f313b5a9532426ccfabc9f4e92315fd4dcc441e
629,casada__alto,22.06.2022-14-30-07_v00.png,22.06.2022-14-30-07,0,0,2b826c4d567386f2da1eac12e1024e677538a1a11b9ae99af9ff62d20e2e045b
630,casada__alto,24.06.2022-16-04-10_v01.png,24.06.2022-16-04-10,1,0,fe5aefb3ebe0304c79f1eb1b1a8196ad160c2bf34eb105dce1d1e1316eda6be5
631,casada__alto,05.07.2022-09-05-24_v01.png,05.07.2022-09-05-24,1,0,4b67079b96a2e61fc63cfbca225421f8f035004befd6fdc532575ab80ba5bc18
632,casada__alto,24.06.2022-10-24-50_v01.png,24.06.2022-10-24-50,1,0,72cd0eb239dc404500eeb1e69af1513512638a50470e719873db964fe53b2b98
633,casada__alto,12.04.2022-16-00-05_v01.png,12.04.2022-16-00-05,1,0,f885be84b5b5fe70950c414a28df08bc31e51784d7c92bb07056d695f1b14fe2
634,casada__alto,13.04.2022-10-47-47_v01.png,13.04.2022-10-47-47,1,0,001675058925c1a0a9f9d39525ef516ead702631ff892951bdd5f3373dd28247
635,casada__alto,08.07.2022-14-58-31_v00.png,08.07.2022-14-58-31,0,0,b9d06308f39df2578654f69b9718e31a69522f5e851048afe2c9a3bea93884db
636,casada__alto,20.04.2022-11-07-01_v01.png,20.04.2022-11-07-01,1,0,c67e35fdb999e7a20aa5695c2eb28f1ae870bd02ccc866190fed0c2bb816b39f
637,casada__alto,07.04.2022-14-11-44_v00.png,07.04.2022-14-11-44,0,0,bc3da71ff9c4e0e0a3b3e47ae12330a38dff24b9927c90323d90f75d9522eadf
638,casada__alto,28.06.2022-10-54-53_v00.png,28.06.2022-10-54-53,0,0,cbc7c348d75b02bf31f5702a0bfce2f6ca91899d4b43cad167125f63042c65a8
639,casada__alto,08.04.2022-09-59-41_v00.png,08.04.2022-09-59-41,0,0,717178ddae3849f15e65473beef48db053e4a75708045590fcdaccd82dfe9ef7
640,casada__alto,29.04.2022-15-16-00_v01.png,29.04.2022-15-16-00,1,0,f145f37c158944ab37bab4df6bc3bbabcf1c819cb0ce1eda72c0e29acc6bf166
641,casada__alto,13.04.2022-15-30-12_v00.png,13.04.2022-15-30-12,0,0,acbd9df897e1125d1abc77fa3f76bc42460e8300780214209bb9709af48c3bd2
642,casada__alto,12.04.2022-15-35-44_v01.png,12.04.2022-15-35-44,1,0,a58480eef855e0d8ca30a9770ee298006132d7ef256b901944306d272657f70b
643,casada__alto,27.04.2022-10-22-49_v00.png,27.04.2022-10-22-49,0,0,3abb428bd50033b8742d1a657396ae06d35734673fa1cf74f2374f0343c0bd06
644,casada__alto,01.07.2022-10-51-42_v00.png,01.07.2022-10-51-42,0,0,e4726231e1f63e7acf54395f00532687d1a94dfed045363a4e1ab0ebe33485d1
645,casada__alto,23.06.2022-11-17-31_v01.png,23.06.2022-11-17-31,1,0,543b9b4995a1b6b3b8919b2f622e732e4aa845698db2aa99271c830e141422ba
646,casada__alto,04.05.2022-14-00-09_v00.png,04.05.2022-14-00-09,0,0,a3d1f7327b282b16a8ae726ab1d90ff980f09fcff2fcb5441e42af906a7e2edf
647,casada__alto,23.06.2022-08-28-53_v01.png,23.06.2022-08-28-53,1,0,7cbd7f2c85e267deebce76159bc47b26bf578ae4f26511447f1aaabcdd3137e2
648,casada__alto,14.04.2022-15-43-44_v01.png,14.04.2022-15-43-44,1,0,1259e09e2a647eefba134a1c8936c27827b9c2280ec7f05c67a0f10df377e35c
649,casada__alto,24.06.2022-15-13-05_v01.png,24.06.2022-15-13-05,1,0,c0f7d904bcc1e80a8fc5892030f48388d34c5c543c68f89146b6fcc87686a763
650,casada__alto,14.04.2022-13-23-51_v01.png,14.04.2022-13-23-51,1,0,7b04916fc84bb099f2570e0c3663d868d93486481f61d8a8bad90e4eefb2605b
651,casada__alto,22.07.2022-16-00-04_v01.png,22.07.2022-16-00-04,1,0,7113d32deae5384e594d9d59509df312fca4fd9624c8317ac48c2ea720593ba9
652,casada__alto,13.04.2022-15-56-30_v01.png,13.04.2022-15-56-30,1,0,af24c16059a6e624e9e3b52671ed32bf2687ade03446c54c37231dfaa399a4bc
653,casada__alto,27.06.2022-15-45-56_v00.png,27.06.2022-15-45-56,0,0,e855637281d64181dd0fdb4aa7721fdc1e03078b9e65e45c45e0dd0ec30fcba8
654,casada__alto,11.05.2022-15-25-59_v00.png,11.05.2022-15-25-59,0,0,ea824e9f3183b81fbd6b43423d99ead4c3bf76625f41effd195bdd1a8c054592
655,casada__alto,10.05.2022-13-31-56_v00.png,10.05.2022-13-31-56,0,0,0c25ac4fcaf60259e77aa77df29092ca86dc2adaea2ca17a3239849e2294fb6a
656,casada__alto,11.05.2022-14-14-57_v01.png,11.05.2022-14-14-57,1,0,619e2a81b9f34a81c884ca4a078ac514fa0c191359f73f64f3f1cdeb782bdd98
657,casada__alto,23.06.2022-09-41-33_v01.png,23.06.2022-09-41-33,1,0,22501924cd404ba91b6caf08699883f326c79e8ad7ab3c04afc9ad5b81b22f84
658,casada__alto,12.07.2022-09-59-53_v00.png,12.07.2022-09-59-53,0,0,46d2750197f50be1085adc4293b52ed8336024a3904b7f9ca42bf19ed3a70c2c
659,casada__alto,13.04.2022-14-57-07_v01.png,13.04.2022-14-57-07,1,0,4d477f0d5fe9e8f389886c9689026753348188887640dc73cd6b3a5a605ca2e9
660,casada__alto,23.06.2022-11-16-30_v01.png,23.06.2022-11-16-30,1,0,4f8100d7bf53bf6cdcce018f9abb7a3ef228d2123e456f95748c6f3787d555c1
661,casada__alto,07.04.2022-11-16-28_v01.png,07.04.2022-11-16-28,1,0,fabaa1e0d056280d204f0234d23479f25ea12f6a38de77b6d2b56a5c994a87b9
662,casada__alto,22.07.2022-11-03-52_v01.png,22.07.2022-11-03-52,1,0,5fa945c7d3bbfafc9ae07e69fd7f4ae746114df3b0d26521c91fe095bdb0ed06
663,casada__alto,12.04.2022-09-37-58_v00.png,12.04.2022-09-37-58,0,0,a8649e2ef593255b541d0922294e6ab06195491b6aa873699c434124ec5bc7ce
664,casada__alto,12.04.2022-14-43-17_v01.png,12.04.2022-14-43-17,1,0,73d6b57b184b97daf1041f66fd9f2e2305b3a30c41cc180008ca4d0ac6c73165
665,casada__alto,14.04.2022-09-52-55_v00.png,14.04.2022-09-52-55,0,0,0142c89c16ef1aa6245ecd7643026234e012eb6dbc9097dba58a509c63c9dc5f
666,casada__alto,04.05.2022-14-00-09_v01.png,04.05.2022-14-00-09,1,0,a54b200e8d3227595f3bf3a9fe1cf1fbe5a389193f10e37b702d96fd293660dc
667,casada__alto,05.07.2022-16-08-11_v00.png,05.07.2022-16-08-11,0,0,531e69bd89046af098960caa5d0cd5948491748e58e4ea074b69440904e44a64
668,casada__alto,07.04.2022-14-20-47_v00.png,07.04.2022-14-20-47,0,0,e54836bba0108cd82e946c4699f6298bbe877bc809c093c73a03e8e9a35dde56
669,casada__alto,27.04.2022-11-25-29_v01.png,27.04.2022-11-25-29,1,0,c593ed118d0cc68af01626631cd380116d771ecefc54c91f3eb8bb6e07bb9de3
670,casada__alto,05.07.2022-09-43-02_v01.png,05.07.2022-09-43-02,1,0,76d766af8037b5443188c5063160f0d44defa5c31cf42b327823d5d254a52616
671,casada__alto,23.06.2022-13-45-18_v01.png,23.06.2022-13-45-18,1,0,c6b8475a03521d53cfd0b03816b4a6591e9d9ae87e23e668eb08e6f288bcd952
672,casada__alto,18.04.2022-14-40-21_v01.png,18.04.2022-14-40-21,1,0,90290ef4f437a878c0dcdfd6dc4ef4c3cded9a3ee0d94aef3c38f67e78251713
673,casada__alto,22.07.2022-11-09-23_v01.png,22.07.2022-11-09-23,1,0,d70563cc794d8d9f595fb0d3c3025c58b7fb80a3c8f06dc7b4793fdfd4b0f2cf
0,casada__baixo,27.06.2022-14-40-20_v01.png,27.06.2022-14-40-20,1,1,a0d62c4528b1d471a68c615ea20c10b5200c0608b8482751917d1328e68ebd39
1,casada__baixo,20.04.2022-11-39-08_v01.png,20.04.2022-11-39-08,1,1,493b1e96655d23b144cfb8c9a6ec78dbeac3db7c171877eb64b1931ee830efb3
2,casada__baixo,29.04.2022-15-10-15_v00.png,29.04.2022-15-10-15,0,1,ef43ffd800811ad4ae41f214f3f948d11b69d4c8334cb0916af95e508b37206f
3,casada__baixo,14.04.2022-09-11-45_v00.png,14.04.2022-09-11-45,0,1,b4fad372921e42f804a2795dbaafdbf3d047b0327b8bdc52b45ad0f3ce034431
4,casada__baixo,23.06.2022-10-53-20_v01.png,23.06.2022-10-53-20,1,1,0360c81c34729910053512e9f40769244e585d0a0d52ad33b662265bb49a4af2
5,casada__baixo,24.06.2022-16-04-10_v00.png,24.06.2022-16-04-10,0,1,4f45f43ac32cb55b527808385dc52bc5312086445f4d79b51e0e9945de41fba4
6,casada__baixo,12.04.2022-09-48-48_v00.png,12.04.2022-09-48-48,0,1,a84e0e6250443bf51787092c26afa78ca9779832b5377b755127c7181c20a1c6
7,casada__baixo,05.07.2022-09-00-57_v00.png,05.07.2022-09-00-57,0,1,4053a72996e8d118c6e381e3c6d73c463d61d2991e258d7d318362247de940a1
8,casada__baixo,13.04.2022-14-39-41_v01.png,13.04.2022-14-39-41,1,1,c048b473b80a9ba7640ddb0b98962a8db0a4e4a36c6432d8e6778e83f56289d9
9,casada__baixo,18.04.2022-15-54-51_v01.png,18.04.2022-15-54-51,1,1,4bad0185312cf5182ebd572689d708081b831f0a9ff45d444e652d3fe6d28bbd
10,casada__baixo,13.04.2022-09-51-06_v01.png,13.04.2022-09-51-06,1,1,edcac05daceb216aeae193e7edf73bd4ba95599c8e7065678fa50359303528f2
11,casada__baixo,05.07.2022-11-22-36_v01.png,05.07.2022-11-22-36,1,1,7cc6bebdca49bb5d263088737daa8d28270f0845e657ee8366f7e25e9430e52b
12,casada__baixo,12.04.2022-09-50-47_v01.png,12.04.2022-09-50-47,1,1,d32bf05adba234ab565934c1fa32d31de5cea21a27a49f22a04fdf3996cd4238
13,casada__baixo,07.04.2022-11-05-07_v01.png,07.04.2022-11-05-07,1,1,b25930b0dec1468df25c9d2f489edd87d0070daeb0d20f2227fd2c6fcbfa249f
14,casada__baixo,20.04.2022-10-10-51_v01.png,20.04.2022-10-10-51,1,1,620bdc733a414926a746e56f239d564fcf392d120c496173ca955c916f339b04
15,casada__baixo,13.07.2022-13-48-35_v00.png,13.07.2022-13-48-35,0,1,0a1c655797c24900e7a130379391a1cbbee15620ccd711bfdb6b614a4ab9ad8e
16,casada__baixo,13.04.2022-14-45-10_v01.png,13.04.2022-14-45-10,1,1,c08490c0563cd4eb36655689dc98f665ea84f4f766478282475d4ec573a0147f
17,casada__baixo,04.05.2022-15-26-05_v00.png,04.05.2022-15-26-05,0,1,dd5878c1274fa56b318819f770e2b180b6511c651a1f12e9433894466239ead8
18,casada__baixo,18.04.2022-15-41-28_v00.png,18.04.2022-15-41-28,0,1,4874e5030bddc75c290a73547624abcf3e7cf305aea484ce8ea14e29d88dbd67
19,casada__baixo,22.07.2022-11-23-58_v00.png,22.07.2022-11-23-58,0,1,e8ac5f06ec728c47c8c15fe59b6f2c561bf8c0fd31eff702796dc68226f35382
20,casada__baixo,12.04.2022-13-27-48_v01.png,12.04.2022-13-27-48,1,1,be8eba342cca2be235efe151e8f94aa14d897ce3ed77a3dc7c192ada9bdeaa24
21,casada__baixo,04.05.2022-14-12-40_v01.png,04.05.2022-14-12-40,1,1,6d0026704ea1ce20641ea49c063d43d12ac5b5a3c2db170d9349673a92f71a40
22,casada__baixo,28.06.2022-08-30-37_v01.png,28.06.2022-08-30-37,1,1,3678ac3b85b3cfdea61852afbaa637789bd7d07cbdd5581e1943c08d0d1e5d58
23,casada__baixo,24.06.2022-10-14-43_v01.png,24.06.2022-10-14-43,1,1,b7318d0693ffb99a33293f602d8b7d0fd6b177b9e911f3409e585fe9e100007f
24,casada__baixo,23.06.2022-08-55-05_v01.png,23.06.2022-08-55-05,1,1,5baf0a0d1c5b397c3b913be0fa36d3d538d2a40494b61e1af5a48c273bc3c6ee
25,casada__baixo,14.04.2022-13-41-38_v00.png,14.04.2022-13-41-38,0,1,0d209c786d4a217b8200f90b7f54a4c12952ae57808bea91d9670c1379699399
26,casada__baixo,04.05.2022-10-05-42_v00.png,04.05.2022-10-05-42,0,1,81149d47188676ecfd4ce55e734e4982ae6fd916cacbe879ab120d9560baf951
27,casada__baixo,12.04.2022-09-09-40_v00.png,12.04.2022-09-09-40,0,1,55440f4cc7d498bb70387b1cf7c036dab3e25ca524cce2a9d9b3ea8c0f5cb152
28,casada__baixo,22.07.2022-14-01-11_v00.png,22.07.2022-14-01-11,0,1,205adc56dfc15e74fae46dca9b7d0d0d40f6116a7a21d9f5727e809c8558fe81
29,casada__baixo,11.07.2022-16-08-20_v01.png,11.07.2022-16-08-20,1,1,dec630b286f8d600f5f173c10c85c97a2752ec3e118c769007a6ce843bc637f7
30,casada__baixo,09.05.2022-10-52-24_v00.png,09.05.2022-10-52-24,0,1,119fff6fa6840f3684c1c1acf36495878f38d5393943288b41276e3d099682f2
31,casada__baixo,12.04.2022-09-26-52_v00.png,12.04.2022-09-26-52,0,1,9d1ab2cebec28e58ea78c0f85c7ef60284e3c5d581bfbb23b89c22b88a7bbcb0
32,casada__baixo,24.06.2022-14-01-40_v00.png,24.06.2022-14-01-40,0,1,21ab8dfeeaba7bb0c45a24f1ad594bab24a82a873a2da4b500b9df52516de7c4
33,casada__baixo,12.07.2022-10-40-53_v00.png,12.07.2022-10-40-53,0,1,2aa1c53adf44c07fcd9d9547a4918179fe5fbdfa27427e70603bb0e8e81e6972
34,casada__baixo,23.06.2022-16-08-17_v00.png,23.06.2022-16-08-17,0,1,302b3a258bbbdd76eb077af2bd922cf93419856dee8f2b61467415999052a99a
35,casada__baixo,27.04.2022-16-05-41_v01.png,27.04.2022-16-05-41,1,1,28ace7288b46834b376469c65f629b385b472b7f2e862ea1ca4e01aba6da998e
36,casada__baixo,22.07.2022-11-22-20_v00.png,22.07.2022-11-22-20,0,1,c2b456b3660ca371015a55389eb4860cac4ed2d2e150ce140e4d3c18bcf8ae0f
37,casada__baixo,24.06.2022-14-09-15_v01.png,24.06.2022-14-09-15,1,1,99d47ddedf3442576222d24ce08a62ba3cf7073e8f1e8ec6b2e0e36246ee49b1
38,casada__baixo,04.05.2022-13-53-45_v01.png,04.05.2022-13-53-45,1,1,fcf34f396725620aa3daf22cf1e895cbd06fffb7f47da096fda5d843b028eaa2
39,casada__baixo,14.04.2022-15-52-28_v00.png,14.04.2022-15-52-28,0,1,5ec7935bcb03a0a9990d7c0f9e59ffe7dfc99659410a77ccf81355f348bc2984
40,casada__baixo,28.06.2022-09-18-40_v00.png,28.06.2022-09-18-40,0,1,307b8a0d09531390da07f3263183df0769e862b7584d434af0512400e7744834
41,casada__baixo,28.06.2022-11-05-16_v00.png,28.06.2022-11-05-16,0,1,a3068d8d71e636bef65c53e2248de06cd57502e462ae7a75c090d01b5dc2786f
42,casada__baixo,14.04.2022-15-31-58_v00.png,14.04.2022-15-31-58,0,1,6bfb2ca03c9b61bce95410eced63b7e5b0b68edd5554255b8e4051119c53bb7f
43,casada__baixo,23.06.2022-09-47-29_v01.png,23.06.2022-09-47-29,1,1,382674ec4b7094d52859e6c060399390e5f9631be0fe6ecf07c2f4faf9462a96
44,casada__baixo,07.04.2022-13-52-11_v01.png,07.04.2022-13-52-11,1,1,3e3ec6c69514eb7bbd15c105c4449784651bf1e5bc3905581becd84889131c18
45,casada__baixo,11.07.2022-15-49-53_v00.png,11.07.2022-15-49-53,0,1,c347ffe9fe95223129ca40cfc0230fd1e15ef04972e187abd4c96e060b15e0c0
46,casada__baixo,27.06.2022-09-07-40_v00.png,27.06.2022-09-07-40,0,1,5b155a2e1a8a94b435bc6f7ba42a606cd5aa0cfa5c838d171c965e51b5f427c6
47,casada__baixo,27.06.2022-14-44-26_v00.png,27.06.2022-14-44-26,0,1,c5498e3683ab465eaa33789b43a820479eb4a2b6d29b27f53d583c366271a8b6
48,casada__baixo,18.04.2022-14-20-13_v01.png,18.04.2022-14-20-13,1,1,04fbc02807406e69412065c4d0822dc8ae75e17535fa3ff5352d05fec4a44b5d
49,casada__baixo,11.05.2022-15-21-51_v01.png,11.05.2022-15-21-51,1,1,0ab88d43a04c88fabd5b1d475cba81aed6b50124d16af3ce6901f46ad2d7a5fc
50,casada__baixo,08.07.2022-15-01-09_v00.png,08.07.2022-15-01-09,0,1,9b4c565060cf11d2bc6e06d2ad314d85739a6beab6585da8ec30a732edc20cd6
51,casada__baixo,04.05.2022-14-56-45_v01.png,04.05.2022-14-56-45,1,1,82c0aa2b4160446065d76979dbb55e58e8ad12181ea3f75d301b2adb443b75ec
52,casada__baixo,20.04.2022-09-37-23_v00.png,20.04.2022-09-37-23,0,1,8b36d7fb086e0ddf93f352f7fd7059269ba6fcde4c1c3e3e5f83ef3fa31bff52
53,casada__baixo,07.04.2022-10-53-11_v01.png,07.04.2022-10-53-11,1,1,76de213f90788dcb1acc2e42fdb47540397d3f441b1f64e381569c2f16bc9c71
54,casada__baixo,13.04.2022-14-46-50_v00.png,13.04.2022-14-46-50,0,1,66c86cb83d3bef57b430353f20519b5bb919dd998240bd252ecd6987a1c6e383
55,casada__baixo,24.06.2022-09-45-34_v01.png,24.06.2022-09-45-34,1,1,baff27ac733d1a93a1b16781f0a2fe1a982d7ac144b128e572c03920e7e37b6f
56,casada__baixo,14.04.2022-09-52-55_v00.png,14.04.2022-09-52-55,0,1,39a840d3ab66c125ace03b6756dbeed0e0ccc6fcbbbacf6f3fc57bf7fbe015a1
57,casada__baixo,12.04.2022-13-31-34_v01.png,12.04.2022-13-31-34,1,1,9b8c6014200e5f30850598501c0ab3e316f986353938a29f705aaf6bc76d3ee5
58,casada__baixo,10.05.2022-09-07-17_v01.png,10.05.2022-09-07-17,1,1,3b36dcef90fe3ce716596cb628a357719704c2512e518617302e8cedd84b6954
59,casada__baixo,08.07.2022-15-21-45_v01.png,08.07.2022-15-21-45,1,1,6dc2056f089f878ddf43476e7a656fada5ac75438a64eeaaee052a1d0b241537
60,casada__baixo,27.06.2022-14-05-30_v00.png,27.06.2022-14-05-30,0,1,54719632f05c4e08a86233436b1642258ec1370aa0dbcc913615bb9188cb8779
61,casada__baixo,12.04.2022-09-53-08_v00.png,12.04.2022-09-53-08,0,1,2d79b76ec5d0b015cc0c72c8667768e8542f55721159dff27362065b6f7d8467
62,casada__baixo,04.05.2022-14-12-40_v00.png,04.05.2022-14-12-40,0,1,c420c0b027d224dd3fd4687c7f73a869ed86392fb57aef111393cb3717f47aac
63,casada__baixo,11.07.2022-15-43-01_v00.png,11.07.2022-15-43-01,0,1,a52688b2098d77305e9b64251b47ff4a507396adbfadfcfbde86a194b7c560d3
64,casada__baixo,08.04.2022-10-54-33_v00.png,08.04.2022-10-54-33,0,1,19fea3a93c2994d0018231bf42bef0835197d1599fb97a855f2fa20eb1025966
65,casada__baixo,14.04.2022-09-03-45_v01.png,14.04.2022-09-03-45,1,1,f712ee3edea2234db955d4d8bc3bf6debd2619b7959d1ec2e3d8a0921046aff6
66,casada__baixo,27.06.2022-09-55-21_v01.png,27.06.2022-09-55-21,1,1,ca3aba77d4f299f7b735f85bce73dfd5d32537ef6f2d318b869c53cc1dc29fd3
67,casada__baixo,22.07.2022-14-15-05_v01.png,22.07.2022-14-15-05,1,1,b0dafe99a0862e8a8a3ded1739739d9a8fbf44a4f32ae6cf2969fa27c269f209
68,casada__baixo,12.04.2022-10-07-34_v00.png,12.04.2022-10-07-34,0,1,0e13ebfcc1527bf542557b7e8fc812d3e5f7930c7d2b966de5145995158ef231
69,casada__baixo,14.04.2022-10-43-37_v00.png,14.04.2022-10-43-37,0,1,f31e600ddde7bf42c4bbc87202d0b3e42c5631de0357d88a9b98a01cd9df8397
70,casada__baixo,08.04.2022-09-56-47_v00.png,08.04.2022-09-56-47,0,1,5074e32dd141e2ab81bae946f66ba6eda3c86f5e9a5bfae4e9f2917c2d5ab6a7
71,casada__baixo,14.04.2022-11-20-38_v01.png,14.04.2022-11-20-38,1,1,870ba584944db215474a2f5cd5bb68b6882aefe62a10a09ada0d3cea90a32776
72,casada__baixo,18.04.2022-11-11-01_v01.png,18.04.2022-11-11-01,1,1,2b21aa7c811c7028e6d2bde3cd520025311f5a9149ce0017d26425db05fecd48
73,casada__baixo,07.07.2022-10-44-08_v00.png,07.07.2022-10-44-08,0,1,838a4156782c772504bd24d8f24017991e9fa53faa5707ffe036f1e9f1929207
74,casada__baixo,22.07.2022-09-52-31_v00.png,22.07.2022-09-52-31,0,1,b37f99a0c2262eb4f8d3b1c1daaea978cb7116d68be9f89dd2f9e17d5f199ec4
75,casada__baixo,09.05.2022-10-46-43_v00.png,09.05.2022-10-46-43,0,1,821f18ccc8547eea24c19e43717bc9b18a2225210229a86a3a56d65e64e1d201
76,casada__baixo,08.07.2022-15-21-45_v00.png,08.07.2022-15-21-45,0,1,d193079eba1aad608b422669a53fc3188818d193face090b899b66f41b8518fc
77,casada__baixo,12.04.2022-15-49-54_v00.png,12.04.2022-15-49-54,0,1,52581dd0518397fde0298b5b42451a94035096845c8a356fe400eedb8dfaebf8
78,casada__baixo,29.04.2022-14-48-50_v01.png,29.04.2022-14-48-50,1,1,c99d263510eef717002c0276e6d705a5c50e512620e414e516d796f5ee1029ca
79,casada__baixo,27.06.2022-09-10-54_v00.png,27.06.2022-09-10-54,0,1,9298a038718e61382f7d79175c93258dbd7de1db46a9c02bc5633e35929246bb
80,casada__baixo,22.07.2022-14-15-05_v00.png,22.07.2022-14-15-05,0,1,eef1737d8bb2171d75b44598b461e41de529b81871f7ac92de4ad9204c1c7c73
81,casada__baixo,22.07.2022-15-56-04_v00.png,22.07.2022-15-56-04,0,1,4f0237314c037a29735bcc7bf155b6dac42cf9ede715c88f67e4e7e9c7173d6b
82,casada__baixo,13.07.2022-13-56-36_v01.png,13.07.2022-13-56-36,1,1,2eebfd35e13e9809caa46e9323b7750b8151db0aaf11c066caf03d14319ed561
83,casada__baixo,12.04.2022-09-53-08_v01.png,12.04.2022-09-53-08,1,1,9950593e4065a131bca8a73dd6c63195dc0bf4db2e4586860ec7e286b3f7f7e9
84,casada__baixo,08.07.2022-15-01-35_v00.png,08.07.2022-15-01-35,0,1,7c0efbbc2e55f7a510c66777dfc082fce4ef4ea4e85a118d22d32cc3038a2ba3
85,casada__baixo,20.04.2022-10-06-57_v00.png,20.04.2022-10-06-57,0,1,b7511cfa358fd42a87c8dcd1a831eeb5530e59616d6ee90f50b1085adef7e1ed
86,casada__baixo,05.07.2022-08-49-58_v01.png,05.07.2022-08-49-58,1,1,9b16183fe5fc3a6e32f4ab79865e4a19d9802e49e73f1f446406f2c5aa7216cf
87,casada__baixo,14.04.2022-10-27-06_v00.png,14.04.2022-10-27-06,0,1,094781261ec78db3dfa15472d702fc52cdbc24759f3f8dcc3af81c72cdaaa6b6
88,casada__baixo,07.04.2022-14-45-15_v01.png,07.04.2022-14-45-15,1,1,e977d36fde84c2dc359d9c0e9ebb9613eaed2e403a76075e8917fb4c09f8faec
89,casada__baixo,08.04.2022-09-56-47_v01.png,08.04.2022-09-56-47,1,1,6c59ca0e8135d38bf4fb8f2ad9489776f028de1e38581861b0e7961676be559c
90,casada__baixo,07.04.2022-11-09-43_v00.png,07.04.2022-11-09-43,0,1,cf6be5c3e78bc572d7f3ea841313ff2e7b20fafdc1d9f66d8ed4925218c30d8a
91,casada__baixo,01.07.2022-10-37-14_v01.png,01.07.2022-10-37-14,1,1,3107042ea3549e133ce47dcdc66374124baf24aa3dd3bccd910c5e5e29014bdc
92,casada__baixo,22.07.2022-09-53-43_v00.png,22.07.2022-09-53-43,0,1,0cc15ab5d7f63c70b3ac5121d2d558e195dab160b4b0f728b83d6bcacc4bd2e4
93,casada__baixo,05.07.2022-08-54-10_v00.png,05.07.2022-08-54-10,0,1,1787f1b8a88adc0dd85705dc5b7bc881b7199f73a4a01405c3a5818fa8d259b8
94,casada__baixo,23.06.2022-10-55-43_v00.png,23.06.2022-10-55-43,0,1,82d916f996ade19a572cdcdf222c138742169ce46ac81c83b04d4bc15bbb707e
95,casada__baixo,22.07.2022-13-58-14_v00.png,22.07.2022-13-58-14,0,1,96d983bef39cc106a066219526c44362b034cb822c3f9c7ffebfaca865c9e265
96,casada__baixo,12.04.2022-09-55-09_v00.png,12.04.2022-09-55-09,0,1,3accbfdc0407c511c00c2b8bbbe268cec01554576907b8fd22b3c3e7c1a79c8e
97,casada__baixo,28.06.2022-09-35-35_v01.png,28.06.2022-09-35-35,1,1,3090849293a4cc40628a7d5c3db0372c2b0b8b21d8cc01e6ed0e773c5ede9305
98,casada__baixo,13.04.2022-09-59-21_v01.png,13.04.2022-09-59-21,1,1,e6f0c018e8df8d5e84a1621c5b6dfb9ee3ae3351243977f322f226cc4842bf6b
99,casada__baixo,23.06.2022-14-03-40_v00.png,23.06.2022-14-03-40,0,1,65c176bd9be6b82a831e8b57901fd5e56ae7705190e6f784e43a834df0c770da
100,casada__baixo,24.06.2022-11-16-53_v00.png,24.06.2022-11-16-53,0,1,7bc348a681b07ebc3c5f28e93078a4c2b46801a08d0d7044c6c33bc26aff711f
101,casada__baixo,14.04.2022-10-21-56_v00.png,14.04.2022-10-21-56,0,1,2c3df6c98d9a6f0eb727f94978749e064b1ef464230d85ff66de49f0843eefcb
102,casada__baixo,09.05.2022-14-00-47_v00.png,09.05.2022-14-00-47,0,1,5beef589f6f28a21d373ef1aa6e21a315126099c25ac3400af3fe7bdba86ca88
103,casada__baixo,24.06.2022-14-50-21_v01.png,24.06.2022-14-50-21,1,1,629a87bbf9178aca72c49811bb35a39faec4282d4e0c53ef194fdc549ab4f2b9
104,casada__baixo,08.07.2022-15-18-22_v00.png,08.07.2022-15-18-22,0,1,230e24d92181909db502743c14f31cd08b7f24ae366565ed54d051d27dd55c14
105,casada__baixo,23.06.2022-09-56-50_v01.png,23.06.2022-09-56-50,1,1,498c3e4e1ded5aae66b3d3c189036b5f297c128fbc12c439f5d2e68f161df884
106,casada__baixo,22.07.2022-15-45-22_v00.png,22.07.2022-15-45-22,0,1,d47a868a01ab29954534b10264ed83ab35fb00459332a7ac2f37aaeaeb94f022
107,casada__baixo,01.07.2022-10-40-05_v00.png,01.07.2022-10-40-05,0,1,d6105d44581194950c69e6df05719ec83e6615a3f351fb648f73e10d769dedd4
108,casada__baixo,07.04.2022-11-02-16_v01.png,07.04.2022-11-02-16,1,1,7315f0d63aa28dd00b0939d6c473ad0b87982ea2e7ebf35846c54f4009b50dd9
109,casada__baixo,05.07.2022-08-47-24_v01.png,05.07.2022-08-47-24,1,1,49d54ba1ffc27e427c6b8df202e36afb4292186573917c5393931b1b39e76ccd
110,casada__baixo,13.07.2022-13-53-53_v01.png,13.07.2022-13-53-53,1,1,f9141d67b41c58654693f338cac10156a06f807440daa63ff2bac4e7313947d6
111,casada__baixo,23.06.2022-11-25-14_v00.png,23.06.2022-11-25-14,0,1,95b2d2e2e4bf46ff1ece8a30808b3b3dcf9e04715c00bac256438d8c181e4f0f
112,casada__baixo,28.06.2022-10-06-02_v00.png,28.06.2022-10-06-02,0,1,215a1bd4111fff4f7b4f52528bbabafe557ddc53a48990b121ba43e330b03751
113,casada__baixo,05.07.2022-14-07-55_v00.png,05.07.2022-14-07-55,0,1,0c929bca40139b0b308a77e6e3a1d9a941a0f13d775d88094cf111bf37cf717b
114,casada__baixo,09.05.2022-14-19-45_v01.png,09.05.2022-14-19-45,1,1,c81d41dc6d505ddbe2f6249acdb9e4c5b6e34377972e876224eefb0d00fd8c6e
115,casada__baixo,10.05.2022-10-41-54_v00.png,10.05.2022-10-41-54,0,1,87ce5469090d896775fbf06a3987e2f604ff3de3ddbd69e1899858ce0a5617c6
116,casada__baixo,28.06.2022-10-56-03_v00.png,28.06.2022-10-56-03,0,1,1b8513cfd6d8979a2643e86f4ea475f12846a9facb39e3c2445f55e0557bb35d
117,casada__baixo,11.05.2022-13-57-38_v00.png,11.05.2022-13-57-38,0,1,0fbe072af56c531c6bbe1814d52fa485e164126e5a21e5a112bc637198a215d2
118,casada__baixo,11.05.2022-13-50-21_v01.png,11.05.2022-13-50-21,1,1,f6669f3775f399462e515ad387cb746c249df581ba5b755f6845354801b61c62
119,casada__baixo,04.05.2022-14-38-51_v01.png,04.05.2022-14-38-51,1,1,214ebd20a95d8ffb40685d0cc467e6f249ecb2139b74bc930be59a0b67556298
120,casada__baixo,11.07.2022-14-07-42_v00.png,11.07.2022-14-07-42,0,1,6d2dbc827d24af8cdbbdcf548374952c72d1111f4119427ce2fe96f3dbd187df
121,casada__baixo,28.06.2022-11-12-44_v01.png,28.06.2022-11-12-44,1,1,e7b111c017fcc2e8c52e59e275b713ee65be4946e0ddb1e15b5106edd6648bfb
122,casada__baixo,13.07.2022-13-37-25_v00.png,13.07.2022-13-37-25,0,1,7d136216ea6e42510c9f86c7138ba6cb1510bce749cf2468365d5c4e894f7223
123,casada__baixo,20.04.2022-09-39-33_v00.png,20.04.2022-09-39-33,0,1,4a0009d9441c405e0c451671e60c414a3b1f4e0d950034b9fc0f8319b6b69e49
124,casada__baixo,07.04.2022-11-01-27_v01.png,07.04.2022-11-01-27,1,1,29069728156e56380fd194352b24826be6d12fd383fd4994c8113adf9d13ae56
125,casada__baixo,10.05.2022-13-38-28_v01.png,10.05.2022-13-38-28,1,1,5964b33bd6878dfc4b19a1cc7f31e8275e63c3669895cf52fe23ccf575f93033
126,casada__baixo,12.04.2022-09-08-33_v01.png,12.04.2022-09-08-33,1,1,b102d77856637be783215f0b975d77169bf3688bc133c71c4ae6a0375ccd691b
127,casada__baixo,09.05.2022-09-48-41_v00.png,09.05.2022-09-48-41,0,1,eb3f72cdfe8953539a4cffae4b3f8ad9bc8e0da2f6286416e28a72d0ff513905
128,casada__baixo,12.04.2022-09-43-22_v00.png,12.04.2022-09-43-22,0,1,bbf1b232ec04f38780f04f070ea22f1d5b3fb792b50b0deaceb4ebda3d655a08
129,casada__baixo,04.05.2022-14-35-20_v00.png,04.05.2022-14-35-20,0,1,39f806671c86259ce8cc6a36c9dcfb06c6303b86c7434f9477eefc9800f83799
130,casada__baixo,24.06.2022-09-19-41_v01.png,24.06.2022-09-19-41,1,1,80188ec52f39924248b633c533ce9fa4ab7bc30f495ce67da4af350bb357757c
131,casada__baixo,12.04.2022-13-22-48_v00.png,12.04.2022-13-22-48,0,1,7db481d1d59cbc161ea9fd97295b5d461761e77f88b376df91e760763015ecb7
132,casada__baixo,28.06.2022-10-23-51_v01.png,28.06.2022-10-23-51,1,1,9f8e3f4226c63f2f004cc3fdde4e56b331e039fcfcfb06edd6ccee2ae640646c
133,casada__baixo,07.07.2022-08-55-03_v01.png,07.07.2022-08-55-03,1,1,2bd009206b51ca224903b8bf93224a5a328092f9d67c19adb4aed760998fabcb
134,casada__baixo,18.04.2022-10-55-32_v00.png,18.04.2022-10-55-32,0,1,e4b8e581d6884a4f3a61b2e775567b265edbd5dd90a028846388fd6e822b322c
135,casada__baixo,10.05.2022-10-03-56_v01.png,10.05.2022-10-03-56,1,1,f93f79246703d8a4ba67b5d8b066071e11a98ecee581f9631ff706102d02c3c6
136,casada__baixo,12.04.2022-09-48-01_v00.png,12.04.2022-09-48-01,0,1,7b6f55c29f390e8edeca0983d7f953d12da79af4c0f87ffbf2a2568584da4db0
137,casada__baixo,24.06.2022-10-25-44_v01.png,24.06.2022-10-25-44,1,1,59de0d2eda073b313698f5e94817ea34d1b567d8609461d86fe877f27df4df79
138,casada__baixo,23.06.2022-08-28-33_v01.png,23.06.2022-08-28-33,1,1,7df6fe13b12eddc334e3f45f3d7529c44f72a528ec2ee67e89c218f5f61592af
139,casada__baixo,22.07.2022-11-05-16_v00.png,22.07.2022-11-05-16,0,1,87a70e93c71c87dc8758e7ce44d801b64b0b9e8e45b1ceb028b69f2cc822e1c6
140,casada__baixo,12.04.2022-09-51-28_v01.png,12.04.2022-09-51-28,1,1,859b75f4673e7925a89899b8f625db1497e9f436c3cb4013880359490010a837
141,casada__baixo,18.04.2022-14-18-53_v00.png,18.04.2022-14-18-53,0,1,c7cf8cf46647f63a97d8ad382faa13e4936b8eee0f21b19ade0c05e3b2f80f9d
142,casada__baixo,23.06.2022-09-16-47_v01.png,23.06.2022-09-16-47,1,1,da7878066f6d83a582deb84ade7d72fc5b64244276fdd4e9eb8eba53b76b4fe1
143,casada__baixo,13.04.2022-15-59-21_v01.png,13.04.2022-15-59-21,1,1,c0494eb87e7ed2a1f83b2b4a2d85dbbe945b68db08145c89341bf10c079024ca
144,casada__baixo,24.06.2022-15-55-19_v00.png,24.06.2022-15-55-19,0,1,936b344819ad134a665201d91b65c5f11129e6982a000a49e0ada625496d712c
145,casada__baixo,10.05.2022-08-18-18_v01.png,10.05.2022-08-18-18,1,1,5b537d5d6644af282d5bd71a6660d292b91fc0aefe0760607547aa29afb8b12e
146,casada__baixo,28.06.2022-09-54-32_v00.png,28.06.2022-09-54-32,0,1,05d393a845aeb74060b286917c6bb566e894772423c76f593b307cfe7b770c1b
147,casada__baixo,22.07.2022-14-00-23_v00.png,22.07.2022-14-00-23,0,1,aecee654df7e1cde1755f3e1071b353a88cc2f4720987251bb978b5bcb005ad9
148,casada__baixo,10.05.2022-13-53-33_v00.png,10.05.2022-13-53-33,0,1,ca7a836fdc9e3da8d15e076f37943e822b197ca068800bd09875692b901179c0
149,casada__baixo,22.07.2022-14-23-44_v01.png,22.07.2022-14-23-44,1,1,9ae792dadd3ef1a8578af0cb8e73c04d89f0f58c2f27f247696d7be0fb10eb05
150,casada__baixo,11.07.2022-15-44-52_v01.png,11.07.2022-15-44-52,1,1,0b621587b9da024296ee2e5f3e4712aff682edba006c7496701da40b4f226bdc
151,casada__baixo,11.05.2022-14-14-57_v01.png,11.05.2022-14-14-57,1,1,78ba8017d3422061b939f07ceba18dffe91cad2ce87aa37886fc4f05140d35c1
152,casada__baixo,14.04.2022-15-36-38_v01.png,14.04.2022-15-36-38,1,1,c9c32f455a2420a09386c4516a03b9348353369c3ce491a242b8b23d298e6f20
153,casada__baixo,22.07.2022-09-54-53_v01.png,22.07.2022-09-54-53,1,1,e0c00881df3853be29f1d5ac619883dbde471290cc2b5c3ccc79603cc64e6ad7
154,casada__baixo,09.05.2022-11-19-45_v01.png,09.05.2022-11-19-45,1,1,20b2ed102c9848d83b342246c2da8d0f8418d3a2d413de91f8d40e7f45db14e9
155,casada__baixo,04.05.2022-15-10-06_v00.png,04.05.2022-15-10-06,0,1,144c09dc185fe7efc2ced0ab9c338459718e0f3d5f99aff3d318beafefdc70af
156,casada__baixo,22.07.2022-11-16-33_v00.png,22.07.2022-11-16-33,0,1,1976265dcf8fb59f798c84841ca32d7af73d3e337b9e34935029b91ca837b96a
157,casada__baixo,05.07.2022-08-37-18_v01.png,05.07.2022-08-37-18,1,1,f99b901469ad40334cd68c40303371c545041799e8a3ffe3b1c8c0d50bab6a94
158,casada__baixo,13.04.2022-14-35-42_v01.png,13.04.2022-14-35-42,1,1,dbabb5c0a965d89b79faf6be9f7760126f0f8517c6650418dc9bb257d04fb512
159,casada__baixo,04.05.2022-15-04-56_v00.png,04.05.2022-15-04-56,0,1,54b609ee8686bd87726d1cef3d2951a2d37862a5279463b2b8407dae883cae0d
160,casada__baixo,14.04.2022-15-36-16_v00.png,14.04.2022-15-36-16,0,1,95c1c30158a41de2a9a9c6d1e93c9f50aad6d88848e099a7dc7acf968842082b
161,casada__baixo,18.04.2022-10-45-32_v01.png,18.04.2022-10-45-32,1,1,4cd5c20d4e4c4143d2271c3ea93da778e677beb5bba34e82fd2f77b7faede542
162,casada__baixo,22.07.2022-14-18-32_v00.png,22.07.2022-14-18-32,0,1,5eb665a0d7de6c191a42f0d21e355916a0c34dd180cb923144aab3d585e8f70a
163,casada__baixo,14.04.2022-15-36-16_v01.png,14.04.2022-15-36-16,1,1,171ea68accebd8ff1cf9c25aca11cf8564d8095ace3a0a283edd82536c7e7a8a
164,casada__baixo,22.07.2022-14-32-27_v01.png,22.07.2022-14-32-27,1,1,39a1d73c74fbd900a5dce5c6bee8c7b75932d59447fc106aaaea787635aee2c3
165,casada__baixo,24.06.2022-16-00-36_v00.png,24.06.2022-16-00-36,0,1,e3a10092a49cd46b167f38bd93f992d90e363b05a1cc36fa2ed0f8f490ed3c8f
166,casada__baixo,22.07.2022-15-47-41_v01.png,22.07.2022-15-47-41,1,1,184dc687ac6189c169357896dbc99ce3b7de035af674c7fcc372e495576752e6
167,casada__baixo,27.06.2022-09-01-40_v01.png,27.06.2022-09-01-40,1,1,1cd7874e927f88ca4ca4fe2b8edce8d028a25e3a63068a417af94bc74723e5b6
168,casada__baixo,13.04.2022-15-39-57_v01.png,13.04.2022-15-39-57,1,1,e004529e1740fb4c94eebaa8d9316a9bb4c7c042db2b069b6db31f9a848008fd
169,casada__baixo,11.07.2022-10-24-36_v01.png,11.07.2022-10-24-36,1,1,87c3f4cb4a5f375df2d7d97cc6634e8f63550521bcab5f4430727aefcecb1503
170,casada__baixo,24.06.2022-15-55-19_v01.png,24.06.2022-15-55-19,1,1,6ab4c2d4d4f0da79586e3eaeeab0f7d4af6a914edb76424d8e624ebe12262135
171,casada__baixo,24.06.2022-10-12-57_v01.png,24.06.2022-10-12-57,1,1,1c86e237300662e90b6fe1bd3c2158d0a483ca8296a382ce52042782895b7be0
172,casada__baixo,20.04.2022-09-33-46_v00.png,20.04.2022-09-33-46,0,1,e77e012f3a9f710b8b4f6673009f22d0d46e5f9633ca7410eeea470a3bb85e24
173,casada__baixo,14.04.2022-13-25-45_v00.png,14.04.2022-13-25-45,0,1,2c1f78d47c61b4037ce3db14fb2597679613a1a72e28e87895dea3c716399c82
174,casada__baixo,09.05.2022-14-35-22_v01.png,09.05.2022-14-35-22,1,1,7bed9dc17c43f14be63adfaf91147d621785d713f93e255122f232116e1b5e47
175,casada__baixo,20.04.2022-09-40-43_v01.png,20.04.2022-09-40-43,1,1,16bde54ec5d2124ae1b432a9f85d3a08d56aafa85e81c910f75a234b10aaa507
176,casada__baixo,07.04.2022-11-12-42_v00.png,07.04.2022-11-12-42,0,1,f6b76a0227948bbdee474362fdb4452f7c6627801899e3a41cd98232e2c468c6
177,casada__baixo,13.07.2022-13-36-50_v00.png,13.07.2022-13-36-50,0,1,01e9acceb35c0b62773c71b4e527ce48935e5d33f46bf81c80a434d93104a0bf
178,casada__baixo,22.07.2022-11-04-22_v00.png,22.07.2022-11-04-22,0,1,9f791af0af304bdb4f675e36faef5f2bbe83ce72efe6dd11fdee91b3fe502e80
179,casada__baixo,04.05.2022-14-08-57_v01.png,04.05.2022-14-08-57,1,1,1055fbc70fb8cc61fd37366b582c87be9153e708686220a9112b24ed4fa13730
180,casada__baixo,20.04.2022-10-46-40_v00.png,20.04.2022-10-46-40,0,1,befcaee8f76aab329883ddff88a1aab4bae8dc5803e7f9b5378d849cb689013a
181,casada__baixo,23.06.2022-16-07-51_v01.png,23.06.2022-16-07-51,1,1,a805badc490c7f5b2c69c73eacafad7ceb289ab505a87d9ae332247e673c20df
182,casada__baixo,07.04.2022-13-49-59_v01.png,07.04.2022-13-49-59,1,1,4222cfbe172fc100f916d36b5811148310104dfdd17d4f6e81230fa9f3d147d8
183,casada__baixo,18.04.2022-13-53-27_v00.png,18.04.2022-13-53-27,0,1,3a748591883f8b4107910de648d344c0ea99a9d2dc96c0d9be6d19ec9a1ab32b
184,casada__baixo,27.04.2022-15-43-18_v01.png,27.04.2022-15-43-18,1,1,b88581a850d43cc977705e4863d5e98d5906c25af624511653b56591a49dde00
185,casada__baixo,09.05.2022-09-20-34_v01.png,09.05.2022-09-20-34,1,1,bb74fa9b834ea7b8455da0bf09e0d220edb44b149f899d43867dd3d85ec12566
186,casada__baixo,08.07.2022-15-20-30_v00.png,08.07.2022-15-20-30,0,1,c27b639a0adbdb2e87ad938748cba56297d5e228b70986e64e21b06bc24501d4
187,casada__baixo,04.05.2022-14-41-45_v00.png,04.05.2022-14-41-45,0,1,33906d7235a8d773f27aac661e27f71b4ad255a5f4a4e59caedba7934337b2f2
188,casada__baixo,14.04.2022-15-17-22_v00.png,14.04.2022-15-17-22,0,1,9a78b7c09b87995221466ce00dbe6b3a50d72e8fd6d2c9935675e6876f4b0802
189,casada__baixo,27.04.2022-09-06-34_v00.png,27.04.2022-09-06-34,0,1,c82bedc2fa0fe3f4fa716380f7a31e9ab159cace34d1e3bf7ce899fefcdcb9bb
190,casada__baixo,14.04.2022-10-43-37_v01.png,14.04.2022-10-43-37,1,1,dd00253cdfa0fd9e08ea69a67236bed735bc9bbc2f9af6d018298e372bbb0209
191,casada__baixo,11.05.2022-14-20-19_v00.png,11.05.2022-14-20-19,0,1,88415594d0db520212ca50fba1037b3b764d0fed1b23d451a2a76ae8b0d10e92
192,casada__baixo,14.04.2022-08-39-58_v00.png,14.04.2022-08-39-58,0,1,06887ee2576ef81bf4e0f471c0b7735bcd9a55484d3f9865cd6e70b8cf9419c5
193,casada__baixo,27.06.2022-14-07-20_v01.png,27.06.2022-14-07-20,1,1,497d8f4ef7b7e3ba05fa7284bfdf75c69ba10b406b54490651094339b0011ecd
194,casada__baixo,14.04.2022-08-38-47_v00.png,14.04.2022-08-38-47,0,1,36ae6f97d3494154193a511cf68d84ce414312a75880e53cb45f760c78e7af4d
195,casada__baixo,04.05.2022-09-46-23_v01.png,04.05.2022-09-46-23,1,1,1d945b70cf3a1223d9ffbf047d46e309de6c9ccc57622c987a208f1a8d13e557
196,casada__baixo,13.04.2022-15-56-30_v01.png,13.04.2022-15-56-30,1,1,3c9f6ebaaa8ae065e377f0a8a9dee64ab9cc1eda7e55ec4269f88bc7c2f26913
197,casada__baixo,11.07.2022-14-14-13_v00.png,11.07.2022-14-14-13,0,1,ce7be39a125f9dc1a12b23b614aed93d119714fb605c57aeed162f859a627584
198,casada__baixo,27.06.2022-09-48-05_v01.png,27.06.2022-09-48-05,1,1,dcbe461778efd42ab0b6be05508f007d4d29f592f5cc9365d588dc53806c7166
199,casada__baixo,04.05.2022-13-46-07_v00.png,04.05.2022-13-46-07,0,1,6917b75776821cb46a93ea7f60538231db7736029b72ecb401524bc1469d84f0
200,casada__baixo,29.04.2022-14-27-34_v01.png,29.04.2022-14-27-34,1,1,8e1c8668ac426045bd08a1050041ee9eb9b29c79ae177027e2581f98ab91c429
201,casada__baixo,23.06.2022-08-53-46_v00.png,23.06.2022-08-53-46,0,1,7c61ca84ed43b02b7e53028015063bfb70978a165977e26f809436f7a266d54d
202,casada__baixo,09.05.2022-14-00-47_v01.png,09.05.2022-14-00-47,1,1,ce53ff80ee51ef6efad188a8804f9f640f9baee42a49790d7cfa0dd5697ada5b
203,casada__baixo,27.04.2022-10-42-23_v01.png,27.04.2022-10-42-23,1,1,f08451ae118f93cacc32474f3ef6884c58126500d5a6d9ccfa22af15fdb395f5
204,casada__baixo,22.07.2022-11-05-16_v01.png,22.07.2022-11-05-16,1,1,028ca02ba43aa26b592085fe36aef333acc70325a4d64a958500975bc7fdecbd
205,casada__baixo,13.04.2022-10-36-51_v00.png,13.04.2022-10-36-51,0,1,402cb63cc00f54c834098fb0f1f3a271e66df85f6ce43e1c6565a9eb39daac9d
206,casada__baixo,10.05.2022-10-27-47_v00.png,10.05.2022-10-27-47,0,1,e904e45e005b75db61b9cef97a58f12d0076e42d1469d4ce95ac3fd7e4a7e33f
207,casada__baixo,24.06.2022-10-28-49_v00.png,24.06.2022-10-28-49,0,1,be4e45a3e0c1a1a707609fac6d68c9c5b9916f29b1e7e816051529c0d80fa13a
208,casada__baixo,27.06.2022-09-20-37_v00.png,27.06.2022-09-20-37,0,1,95716ee693411205762fe8f47e768d082cb6dcbf83968bf7c36c2816c5abe343
209,casada__baixo,13.04.2022-14-27-23_v01.png,13.04.2022-14-27-23,1,1,29e219e7d121f3dc9fdb297cb66141dabe5498195b410c47193cf9c76d7e2118
210,casada__baixo,11.05.2022-15-09-21_v00.png,11.05.2022-15-09-21,0,1,f3630e11c681437addea2400b68ac93ac127a4552283992925f497a6769f88f1
211,casada__baixo,12.04.2022-10-45-03_v00.png,12.04.2022-10-45-03,0,1,80ef0b8c427440854d3669871c42eda672a87da3d3b0bd5cbd1c62d7144feb2f
212,casada__baixo,07.07.2022-10-51-40_v00.png,07.07.2022-10-51-40,0,1,d4ab33ca2939b911de9fbd65c46d6b096d2e87e89a08cc30b0d07bd1d082dbf2
213,casada__baixo,13.04.2022-14-28-11_v00.png,13.04.2022-14-28-11,0,1,fd26d787ed59b96c7f4db7ad20ae41183cb2c13735bb6c9a0e1988917a31e511
214,casada__baixo,24.06.2022-16-04-10_v01.png,24.06.2022-16-04-10,1,1,e44a90f4bd2e73638594a1e9bfe41e8eda8bba20e784be6610c5c0f13a56d8ce
215,casada__baixo,09.05.2022-14-02-25_v01.png,09.05.2022-14-02-25,1,1,216f68c9c2eea41cf27810be7e57ab4cf3cfa6019391e8bc8a602ada6bdad21d
216,casada__baixo,18.04.2022-15-39-28_v00.png,18.04.2022-15-39-28,0,1,d3234da3d269b3ed6f498f441a180db000ed2495d52e543725beeb4bd37fa9c6
217,casada__baixo,22.07.2022-10-08-04_v00.png,22.07.2022-10-08-04,0,1,9fbbd5dd109fbd86b55836424fa2c0f2ca6e924d801f9cb28b5f87ae1285ddb2
218,casada__baixo,11.05.2022-15-16-07_v00.png,11.05.2022-15-16-07,0,1,aab3dae3df21b25d4a6b9b0ec3d9b035b1c8f88cbf24e593b3da49ca26a30292
219,casada__baixo,13.04.2022-15-06-09_v01.png,13.04.2022-15-06-09,1,1,46d841e2729fc4bf575f0d06ede2b08f0dfd0e275a440429801f0b31773cf804
220,casada__baixo,10.05.2022-16-00-30_v01.png,10.05.2022-16-00-30,1,1,b7b4d46717b7a9c22edcf92af67ff3b3ca65060e8751bd5765fef2da7440945b
221,casada__baixo,09.05.2022-15-07-22_v01.png,09.05.2022-15-07-22,1,1,f917f42db8bf9223d84787c8212c77d38530e0a84f6902be7859059e533f41d0
222,casada__baixo,20.04.2022-11-08-38_v01.png,20.04.2022-11-08-38,1,1,90bbe3ae87cacf953dc8ca5f22b45e07649c18a4b664218a408efb59ddfaa062
223,casada__baixo,12.04.2022-09-43-22_v01.png,12.04.2022-09-43-22,1,1,b7ea6f9e7a9d7b4cd09bd601eefc94b79dabfead61a7607ee1130ebd81bbc47a
224,casada__baixo,14.04.2022-15-33-59_v01.png,14.04.2022-15-33-59,1,1,5feaeebaa69d962e17a01093ab50ad5cf385928e6caef5e906a9156909876dd5
225,casada__baixo,22.07.2022-10-57-43_v01.png,22.07.2022-10-57-43,1,1,62cbb0ef9c20324aecece416d15d5286935d6d9a5354f36029421519f55dcb66
226,casada__baixo,07.04.2022-14-50-45_v00.png,07.04.2022-14-50-45,0,1,c4b5854795a8af06e74601fca1a326038614ad4c959a8749de37f5c3314408a0
227,casada__baixo,22.06.2022-16-27-26_v01.png,22.06.2022-16-27-26,1,1,8621caa45d81ed7759f99d94d1fb96c11d61bf3683f432ea66d591e47968fcfa
228,casada__baixo,24.06.2022-09-29-02_v01.png,24.06.2022-09-29-02,1,1,ebe3948f9e4256ce79b9234327ca585ff6e6fdd62e59c363c19bacdc4340f116
229,casada__baixo,05.07.2022-10-39-39_v01.png,05.07.2022-10-39-39,1,1,d5b2bd6670dc030478fa7b6eabda376a12530d319ac949beb2a5c76dd75e029a
230,casada__baixo,11.07.2022-15-52-18_v01.png,11.07.2022-15-52-18,1,1,113313de7d9b12e63c1d67d77ffd18ea064ad13c6ad6806cc31fc54cd07f2742
231,casada__baixo,13.04.2022-14-15-29_v00.png,13.04.2022-14-15-29,0,1,4cdc76e89c3dff813278b4defdec1f37271824cfaccd7557fd8c88f59be3bc96
232,casada__baixo,05.07.2022-08-42-08_v01.png,05.07.2022-08-42-08,1,1,9e4697aaa18633f51a4784870092d8813a8a2c60d594e12e46aeb12bec2f4aac
233,casada__baixo,23.06.2022-08-41-10_v01.png,23.06.2022-08-41-10,1,1,d8a496a771e9d702f5e52a6f82d8ba1b2fbc18e2ecbcb428afcfd356bb563cee
234,casada__baixo,23.06.2022-11-00-51_v01.png,23.06.2022-11-00-51,1,1,eeadee4b6c4c676715cefb4be9674be55ecc005ab26c107e6e8c4ebe7d7bd923
235,casada__baixo,05.07.2022-13-53-06_v01.png,05.07.2022-13-53-06,1,1,6bd32c0da7e690f8cec5e491e593937eeeea75858182fc1d3dd89e807f0ab771
236,casada__baixo,14.04.2022-15-35-31_v01.png,14.04.2022-15-35-31,1,1,a52e2b070797dbf4263922be240520a9eca092c30777952377a86098b16499e7
237,casada__baixo,05.07.2022-09-05-24_v01.png,05.07.2022-09-05-24,1,1,c4b82337ea7d4b6254cb9cbbcf2ee916dc8168361869e9226112693056dcce8f
238,casada__baixo,10.05.2022-11-01-01_v00.png,10.05.2022-11-01-01,0,1,3670d195053b95e17eda3bff544c5224ee6f6c7a1a24ed1a7e5326ad422b305f
239,casada__baixo,13.04.2022-10-51-15_v01.png,13.04.2022-10-51-15,1,1,9af4bcf9c63511d97382d7e24fe2896ddb4929a01440ec43bb08f85674a899ac
240,casada__baixo,24.06.2022-14-42-55_v01.png,24.06.2022-14-42-55,1,1,a8ed48d37362221dfb1e8814da7a6c4b6d5fe6b7e2e79c0b8d6d13b4806cc57f
241,casada__baixo,07.04.2022-16-07-03_v00.png,07.04.2022-16-07-03,0,1,a15227f0e169d09eb07b4975c476878b7fedd60c391606fd9a14c34ae28be66c
242,casada__baixo,27.04.2022-10-33-15_v00.png,27.04.2022-10-33-15,0,1,5ddc4767ca77755ccef78515b19350ac8719a72f71d4ce6e00a30a7c05f58f0c
243,casada__baixo,04.05.2022-14-43-13_v00.png,04.05.2022-14-43-13,0,1,7ef005b0cc39741b1b6630a5fa08853a5053c37bd444a8cd4d9f172333ede8e3
244,casada__baixo,09.05.2022-11-19-45_v00.png,09.05.2022-11-19-45,0,1,6bf673a93e81db71129aa6a0da5098c90dfb3565a1b103ef5400ad011e6e47b8
245,casada__baixo,22.07.2022-10-01-40_v00.png,22.07.2022-10-01-40,0,1,904f2c78cf4d34d89fb288fc9d36c82d7d1b60135c39261dc5f9709a6b2bd5b2
246,casada__baixo,12.07.2022-10-35-49_v01.png,12.07.2022-10-35-49,1,1,fa661c574a00402db771670209ee0cda34a337da8b04cd0377ca685d03032e5e
247,casada__baixo,22.07.2022-09-53-15_v00.png,22.07.2022-09-53-15,0,1,02ad6f031d191a61f41d750aab0b8d825388cfd0fe4cc2ba1db3de36bb651e64
248,casada__baixo,18.04.2022-13-41-04_v00.png,18.04.2022-13-41-04,0,1,4e56dc840006218411a33e8b180d20361b00fd8291cd667bbf8e5d3a6c2a26b1
249,casada__baixo,23.06.2022-08-40-15_v00.png,23.06.2022-08-40-15,0,1,0d2a79cf85dc4856c4bc4b1e08dbac7ee1e982bb379a5fb4d886e9f5924da136
250,casada__baixo,05.07.2022-15-11-37_v01.png,05.07.2022-15-11-37,1,1,f68ca79e4b6805977108bffde7fd54fe0ced5166fbcbc5c8f3d32a9840d398aa
251,casada__baixo,13.04.2022-13-56-20_v01.png,13.04.2022-13-56-20,1,1,aaf7cfa5769158e4eb62ed3fec31065ab6a305ae74c38dd5bba7c88e5767b792
252,casada__baixo,05.07.2022-09-07-39_v01.png,05.07.2022-09-07-39,1,1,f495c29d917b874b299f5763bf4c4d93819bcdbe609a6a6749e4499d67671e8c
253,casada__baixo,13.07.2022-13-40-30_v01.png,13.07.2022-13-40-30,1,1,bc5f5484872a94e74536ccfb45da0d755232b12955cd55f18852676a8f0b5c1e
254,casada__baixo,23.06.2022-11-04-54_v01.png,23.06.2022-11-04-54,1,1,97548a952f9166d7aa963e77ecf38ce6acb51dfa44c039a9b51b84bd115582d2
255,casada__baixo,13.04.2022-14-58-22_v01.png,13.04.2022-14-58-22,1,1,3182b969add6cbff4b744b748871625aa398658fb48fc86d1cfc12a2ecb2dc87
256,casada__baixo,22.07.2022-11-03-24_v00.png,22.07.2022-11-03-24,0,1,c4ee93386ec68e8d0202fd0ab8dfae9ae5030542420fd658ca99194b514c40b5
257,casada__baixo,24.06.2022-10-27-30_v00.png,24.06.2022-10-27-30,0,1,e5d8c3c740f29718344cc4228c17daeab1105c158ec2fc047e5dd36c54c89039
258,casada__baixo,10.05.2022-15-56-41_v01.png,10.05.2022-15-56-41,1,1,26a793762e10433a025bf9430298938a9c7b7a70274b75eefb637765298b9ba7
259,casada__baixo,11.07.2022-16-12-59_v01.png,11.07.2022-16-12-59,1,1,f2015097ac82b5b8d84845778dc2ea326ba507524d2b141c8b09ef3d1ff48f4f
260,casada__baixo,18.04.2022-16-07-35_v01.png,18.04.2022-16-07-35,1,1,f1b906893dd40510ca4881b7c216bf6a9941a203e20573babc09afc51b999f21
261,casada__baixo,13.04.2022-09-40-15_v00.png,13.04.2022-09-40-15,0,1,deb6a406729b25343bc5ec329b10587e7acdd74f35ce0cad0644b17f519e731e
262,casada__baixo,05.07.2022-13-54-27_v00.png,05.07.2022-13-54-27,0,1,bbf5117ce0ac994e06f8c07b68e479d988d5fb98a9ba6053160460edf073688a
263,casada__baixo,13.04.2022-10-36-51_v01.png,13.04.2022-10-36-51,1,1,510836fe3589e4e9846033d8771a15c992fda131f7faffe605f49087d8628ed5
264,casada__baixo,10.05.2022-10-46-02_v01.png,10.05.2022-10-46-02,1,1,d09c93617a795274abc6d6c3bd7ee5911999edc7cf52d72fdb0f1600ba471249
265,casada__baixo,04.05.2022-15-32-10_v01.png,04.05.2022-15-32-10,1,1,b2700d6c0533a0ee41ac2b15133c97cdeb2cb5a787b8c107bfd714ecbfa67084
266,casada__baixo,24.06.2022-13-59-37_v00.png,24.06.2022-13-59-37,0,1,0a2e1b18363dbf79cf12a3bf9d81794ab327543150a3bf7c788c9374303506d5
267,casada__baixo,29.04.2022-15-21-31_v00.png,29.04.2022-15-21-31,0,1,13d09108fb4add38fcb8874e9ab3723dcaa8bc788f9778e887b2a7a6dc0b7882
268,casada__baixo,24.06.2022-13-50-28_v00.png,24.06.2022-13-50-28,0,1,7ae074e56333fac81e38c2aa139782699531074313e8125c6d9b1577b19d43b3
269,casada__baixo,12.07.2022-09-59-46_v01.png,12.07.2022-09-59-46,1,1,030991c3997f011c09af5c36dd84b60383e17e433e29e752350f9fbc0be2850b
270,casada__baixo,28.06.2022-11-13-05_v00.png,28.06.2022-11-13-05,0,1,8e16120765606ca038b22ce0dd206277a8cfe24e060547835acc14f3e7c41842
271,casada__baixo,18.04.2022-14-23-26_v01.png,18.04.2022-14-23-26,1,1,dd18df2066be89ab52be3e5db402d3f4de7259d3e4035c7be1b02b8147b09f66
272,casada__baixo,11.07.2022-11-08-34_v01.png,11.07.2022-11-08-34,1,1,fbf71611dc5cdb58cdc1bbf2705a91ac1f71dfd2474684feb6ccee9f6d4b62f7
273,casada__baixo,05.07.2022-09-06-54_v00.png,05.07.2022-09-06-54,0,1,eb3e0ba28d44430d0405bb7b01434ae151e5bb0e3671e2d0da5b6ad8e201f03a
274,casada__baixo,23.06.2022-16-07-51_v00.png,23.06.2022-16-07-51,0,1,ead2988d14033ce0d757b3e35e5077c1341b51d6a98994082ba7e06225159d9c
275,casada__baixo,12.04.2022-09-52-19_v00.png,12.04.2022-09-52-19,0,1,64cc1640fd8a6fe2b456adce296b602bdbacd7bdf3a4db7e4ef1da3c2e0ffc84
276,casada__baixo,13.04.2022-15-36-56_v00.png,13.04.2022-15-36-56,0,1,bab1d1e99b227f5a1bd8b28bf99402b783fe722b3d6879bd21cffd4e9895abe9
277,casada__baixo,04.05.2022-14-00-09_v00.png,04.05.2022-14-00-09,0,1,82343fc3d77c81e614b3284de5caaa25d447dd1fde51fb1cdf7193bc352fdddd
278,casada__baixo,22.07.2022-13-56-51_v00.png,22.07.2022-13-56-51,0,1,85776a88e39feebfd7a5ac2c02076351e36f3dd256c2ca1890e8682b25ed06e0
279,casada__baixo,10.05.2022-15-42-49_v01.png,10.05.2022-15-42-49,1,1,03d1ad1017ae3400e246d581e39b5f016f862e631940889dc5712d9d71bca910
280,casada__baixo,12.04.2022-13-29-12_v00.png,12.04.2022-13-29-12,0,1,58c4e5f0f8765ac98d83bcd3a93ec6e0819419ab1d7b93cbffcca1c063b9c5a0
281,casada__baixo,22.07.2022-15-37-23_v01.png,22.07.2022-15-37-23,1,1,e30dc117b7d884ddb23eed7f77f8b740c101b3b656839fcaddcaa0501552419d
282,casada__baixo,18.04.2022-13-49-30_v01.png,18.04.2022-13-49-30,1,1,30f469beca5b9d56374c5f8d78aea14695645594cb4a5d73ac02e71da2ddaeeb
283,casada__baixo,22.06.2022-14-30-07_v01.png,22.06.2022-14-30-07,1,1,4decbca73750a5df9fb8e6e1cb94e120313e9eb08d7a3f290271a3b2fa55e25f
284,casada__baixo,20.04.2022-09-38-10_v01.png,20.04.2022-09-38-10,1,1,a2f2d82621069693846bd8a63df9785a8e14399f489758f40e36051943405908
285,casada__baixo,11.07.2022-14-31-44_v01.png,11.07.2022-14-31-44,1,1,9d83f33e2fc59b8cf6287e883fa4bb3971470479a121a692eb12f9dcf28607dc
286,casada__baixo,23.06.2022-10-47-19_v00.png,23.06.2022-10-47-19,0,1,b88dac33c88795bb22eede8a53dd0595f6ab835be2f78832962049aae6479217
287,casada__baixo,13.04.2022-09-41-28_v00.png,13.04.2022-09-41-28,0,1,0fedaeb0b368de5cb669eed08a448c151c1c56cdf7aef0cc00ed3981ac82063f
288,casada__baixo,12.04.2022-15-32-52_v00.png,12.04.2022-15-32-52,0,1,88a8797dbf9b580c630d7d92ad37bf9866bdda12465d60440c05373a50e97673
289,casada__baixo,23.06.2022-13-46-44_v01.png,23.06.2022-13-46-44,1,1,65c8a0ec5310e92b2f15b0cb982b0a2edbff90d9fad9a2cac3b971c87aab2b2e
290,casada__baixo,12.04.2022-13-30-24_v01.png,12.04.2022-13-30-24,1,1,617e8b13f0f366dbf6595d68456833c99bcb95b1199ef9a491e67f9eb15aa6cc
291,casada__baixo,10.05.2022-10-21-07_v01.png,10.05.2022-10-21-07,1,1,d091802772cecf696c1e82c6e9f91d1352924fd018bc592f0fb24e7d21062ce8
292,casada__baixo,22.06.2022-14-12-25_v00.png,22.06.2022-14-12-25,0,1,fcdb2eebc8a210af8b4ab19b5811ce86c3917e4823005ca27c0ab4618d2a1bc8
293,casada__baixo,28.06.2022-11-08-11_v00.png,28.06.2022-11-08-11,0,1,93269afa61da05abaa672e497add9302ceffeee8cf141783b1724385b7b65c09
294,casada__baixo,05.07.2022-09-43-02_v00.png,05.07.2022-09-43-02,0,1,9ecde21ec6c00af278ff80f199ca2ee4b1c3e4722ae8668593957ba0d5348cd7
295,casada__baixo,12.04.2022-10-58-59_v00.png,12.04.2022-10-58-59,0,1,594edd518405766dd23bc92b2e521e2a71f435b4fb603d09515f7f4eff3e37b8
296,casada__baixo,20.04.2022-11-36-18_v01.png,20.04.2022-11-36-18,1,1,889f733222b914115c6580b3c2ad0f975473494aa8bb5659b9af5024cc49ff52
297,casada__baixo,04.05.2022-14-37-57_v00.png,04.05.2022-14-37-57,0,1,fe57a16622471a6e14350056b0eae1424bf75e4440977d73f6c95a5611ad218e
298,casada__baixo,13.04.2022-13-33-07_v00.png,13.04.2022-13-33-07,0,1,e593dd04595414bfb4cc803a0d22ed05d3d814c8ae1bb791216e18407426aaed
299,casada__baixo,27.06.2022-14-53-25_v01.png,27.06.2022-14-53-25,1,1,68d33a8e9708ac4a28aa1ec7e85ccb50974a0bdb6db15eac6f9232b67c83e373
300,casada__baixo,24.06.2022-15-11-33_v00.png,24.06.2022-15-11-33,0,1,a30afacc1db47ca9f74b267e859f8630e88152b2c9a66c779634637b1fb11c45
301,casada__baixo,28.06.2022-09-58-58_v00.png,28.06.2022-09-58-58,0,1,23c606ffd3d7011c7123a83f69cfe3dd525c128230492e96de9e67a899233464
302,casada__baixo,18.04.2022-14-17-06_v00.png,18.04.2022-14-17-06,0,1,4da05ed2d33711601893cc50908ffed536c05dbdc1b6638df1cacc4c0b6ee2db
303,casada__baixo,22.06.2022-15-01-09_v00.png,22.06.2022-15-01-09,0,1,2478c86cc6dd89dcab9ec1a6c8c79fe0a086bafa086f95d09d40de3792906315
304,casada__baixo,23.06.2022-14-56-41_v00.png,23.06.2022-14-56-41,0,1,93019f39bd80ba9924af490fd6a42af5b10ce44bd4510f241e7fa7a084af6a74
305,casada__baixo,12.04.2022-13-41-16_v01.png,12.04.2022-13-41-16,1,1,8faafb24c8c3d44c7b067b2e21b67a2215860624b989e79e82bb9b935b873631
306,casada__baixo,20.04.2022-11-19-57_v00.png,20.04.2022-11-19-57,0,1,566455d6d0159ab835942927ef9899b47bcb9385aef997af8744df647095e231
307,casada__baixo,10.05.2022-11-06-01_v01.png,10.05.2022-11-06-01,1,1,610880fc3aa6dc14a0da95b32da9363250d5a5a484c803e694b40856fd863322
308,casada__baixo,12.07.2022-10-39-34_v00.png,12.07.2022-10-39-34,0,1,c1697cddeece5e95fc5ad44fc74719333a084f2ac5c2b881df9295b1f9ace7b5
309,casada__baixo,09.05.2022-14-03-37_v01.png,09.05.2022-14-03-37,1,1,fc472af65ea0a3c873c1a98945893d651ac3cbb4f037043a66a4e27e94cefe3a
310,casada__baixo,09.05.2022-13-57-04_v01.png,09.05.2022-13-57-04,1,1,e32a205b475935aa818345d540599adabe83d1456f2b690636dbb9d00c86d3fb
311,casada__baixo,04.05.2022-11-13-12_v01.png,04.05.2022-11-13-12,1,1,1ed9cadb97d4630bb378c086284cef5a1ff445c7c2df18223285cddb5099b895
312,casada__baixo,11.07.2022-10-27-27_v01.png,11.07.2022-10-27-27,1,1,53736094d11fbc1029bdfb81a02f5fb1e1597e981fa4e4555c614637de264e5c
313,casada__baixo,08.04.2022-09-31-48_v01.png,08.04.2022-09-31-48,1,1,759fadadc1cced2834a4c5d6acc29d4cf37b197b9b21c842731ffb1be974c405
314,casada__baixo,18.04.2022-13-54-58_v00.png,18.04.2022-13-54-58,0,1,29873dc86930c2aaa735710902ccadcb1f042fcfbdfeabc7c473ddb6411e81ae
315,casada__baixo,05.07.2022-08-42-52_v01.png,05.07.2022-08-42-52,1,1,eed941a2e47f9b0a0f551971457d7da2550a0e19f0a6c94bcf4d8885093fbe64
316,casada__baixo,09.05.2022-15-49-40_v00.png,09.05.2022-15-49-40,0,1,c8a869df1d24f06aa8cfbd784c14ad08dea33bb2604969ad09a5ea11aa621832
317,casada__baixo,22.07.2022-11-03-52_v00.png,22.07.2022-11-03-52,0,1,17108576dce990df647085efccb6da8f6a5bc3cd69186f504cb5bb7f4cdbfb72
318,casada__baixo,27.04.2022-10-40-58_v01.png,27.04.2022-10-40-58,1,1,429123816851d65016621cda39834ba6b2c915411eccf0ab9937f46fd56b2dbf
319,casada__baixo,14.04.2022-15-41-09_v01.png,14.04.2022-15-41-09,1,1,74a0cfda2c54f19dbca54ba323f76cf8453411bd9e2cc4498f5a59c4777ed65c
320,casada__baixo,05.07.2022-10-01-34_v01.png,05.07.2022-10-01-34,1,1,09ce4d460ddaaaa16442bfd8d284736e4713499d74071f69e579639054bb6e26
321,casada__baixo,24.06.2022-13-58-24_v01.png,24.06.2022-13-58-24,1,1,fa2ccc05941e4b16c90b988ac58996122b045852047bbfa6bde9bc1115397587
322,casada__baixo,08.04.2022-09-13-33_v00.png,08.04.2022-09-13-33,0,1,f325335e69a93bcf37d6319f354272f4eb240884bfbbd7c4f4308114ae48358c
323,casada__baixo,13.04.2022-13-48-33_v01.png,13.04.2022-13-48-33,1,1,e793c5d468efb7b0bf9dd098016f3a7b2d7a4b6783f92cfa95baf1224916026a
324,casada__baixo,22.06.2022-14-44-31_v01.png,22.06.2022-14-44-31,1,1,618b23e2269899b6c6c942638d12907813684f5b3a89a7d4598ac9b74d9e9c62
325,casada__baixo,09.05.2022-08-22-33_v00.png,09.05.2022-08-22-33,0,1,b9f8f9c1d456c9ab3b61ca2fbf305a4185bdee64b966087190033690fb189b2e
326,casada__baixo,23.06.2022-15-58-28_v00.png,23.06.2022-15-58-28,0,1,3314ed919f19d74b521898541e97e205a6559e0cceaf59b10546bb8b866ca431
327,casada__baixo,09.05.2022-15-04-51_v01.png,09.05.2022-15-04-51,1,1,21ae713a984af1ac1969809c0eec03aa73800695c3d3bec0b3329cfce2931e32
328,casada__baixo,11.07.2022-14-12-17_v01.png,11.07.2022-14-12-17,1,1,a08a3e83a43761008a74facfdae84067e223875fd6f905918726b5039458b8d5
329,casada__baixo,09.05.2022-15-49-40_v01.png,09.05.2022-15-49-40,1,1,25363c33b89c89559be2712dd387684344aed4d069622dd37f2bc6ea9e273927
330,casada__baixo,12.04.2022-14-46-41_v01.png,12.04.2022-14-46-41,1,1,274886b9e4ff2b5a2d0428c6d30aa491bb3e38f9affc2138c936ca856e2abad1
331,casada__baixo,10.05.2022-10-34-58_v01.png,10.05.2022-10-34-58,1,1,f836e6e3e9780f1da16f9dfc1e4d3d6932edba0de346247643d01c8c30f35b47
332,casada__baixo,08.04.2022-09-56-07_v00.png,08.04.2022-09-56-07,0,1,c531f4ed4377a4aad4ff6645066e944a782ecba9db49acd321cec4a78ebe6472
333,casada__baixo,08.04.2022-09-26-55_v00.png,08.04.2022-09-26-55,0,1,2277ecc3c908cc9eec1d6d5d46bbf22ab816b2bc76cae2d6978dc807bf02da5e
334,casada__baixo,14.04.2022-13-26-43_v00.png,14.04.2022-13-26-43,0,1,e65006e8332dbe140c451e28ed970b9e0e019beda855c04bb20f84220fa8723a
335,casada__baixo,05.07.2022-08-42-33_v01.png,05.07.2022-08-42-33,1,1,2e6b49287516e5b45ea2cb436611bf6e11f5f851714c6364a4ad386659711845
336,casada__baixo,25.04.2022-16-10-49_v00.png,25.04.2022-16-10-49,0,1,72d2c3c1af1256d483ceea2e95c930e705b8c8f63ff1c6b061883f87248b941e
337,casada__baixo,13.07.2022-13-51-21_v01.png,13.07.2022-13-51-21,1,0,8c171d7a282c968ddc5b66e8adb7be9c17c225f90f02e51513348c46600027b9
338,casada__baixo,07.07.2022-10-35-06_v01.png,07.07.2022-10-35-06,1,0,ca1fcdf78c3d8ba2008fb788b268b42e28dd4cb284c030fd4cc3efc13721da4b
339,casada__baixo,13.04.2022-10-40-21_v01.png,13.04.2022-10-40-21,1,0,ed93169ca7ddbb8ec3bbd440ca78e2cee88e33f1e867152d2e023f858776eee4
340,casada__baixo,09.05.2022-13-55-24_v00.png,09.05.2022-13-55-24,0,0,f457a39c3884fa2db2ad0aa263309a09c9b0aea15ed551f4953c3962914e9112
341,casada__baixo,08.07.2022-14-56-34_v00.png,08.07.2022-14-56-34,0,0,b1a691d4dfb3694f180101b019d288a4d8564b2b926171b8fa76676d8b056a7d
342,casada__baixo,05.07.2022-09-32-00_v00.png,05.07.2022-09-32-00,0,0,fc3020d3d00dc10fd76d1eb47c6ec9e21a72a2475c50661dcf57d4116270459b
343,casada__baixo,13.04.2022-15-07-51_v00.png,13.04.2022-15-07-51,0,0,d2c627d2bbd7d3c5ada138a9c990363483cdc71bc43bda1a65eb6f9be6abaff4
344,casada__baixo,07.04.2022-13-49-59_v00.png,07.04.2022-13-49-59,0,0,de50e04f51a0e2faa829f24d2729a4906ad4f701544fc250a038fe9d3d11516b
345,casada__baixo,12.04.2022-13-51-05_v00.png,12.04.2022-13-51-05,0,0,bcf634a414d71ab9a14f2ab274d66d3aa10203c1023434c7160f8c5cf523aafd
346,casada__baixo,23.06.2022-16-17-01_v01.png,23.06.2022-16-17-01,1,0,4a76f04f5febdff7535b3891ccec77265f47b83dbfad644b5a5510bc14c23722
347,casada__baixo,05.07.2022-09-47-05_v01.png,05.07.2022-09-47-05,1,0,0df5a4149b6ab0a50a896d69016d876a3fd24abf4c27215cc4345ebbd4d4cc41
348,casada__baixo,14.04.2022-10-15-46_v01.png,14.04.2022-10-15-46,1,0,53ab21f88e088f974db760fbd02f1949b33fc9d177e2425020db24981b5e0c17
349,casada__baixo,07.07.2022-10-31-59_v01.png,07.07.2022-10-31-59,1,0,9dbe112e4368e46dfc2079bf55bb22111eae6ba3afadee9f69c897afafb89730
350,casada__baixo,12.04.2022-15-57-25_v01.png,12.04.2022-15-57-25,1,0,2bd5b4303a5e2d288e87bd261f269ff01b2d5d8b084232ff99f18146d6632701
351,casada__baixo,24.06.2022-10-21-09_v00.png,24.06.2022-10-21-09,0,0,694bb0e89e5b5fc17d7d7c58408e6d483fb97a7b6787e0fac2165c99d45030e9
352,casada__baixo,18.04.2022-13-41-21_v01.png,18.04.2022-13-41-21,1,0,3e3704ccc4a0beb20cdfa5d401d809434381b92d2c791f32b6ec8cfcf2ec99c4
353,casada__baixo,28.06.2022-09-35-35_v00.png,28.06.2022-09-35-35,0,0,71a545327aff2d4e46a8e7621d89eaf2088ffc9b412c81aa3133e8d62a61bc25
354,casada__baixo,04.05.2022-09-46-05_v00.png,04.05.2022-09-46-05,0,0,50c7b739144ad96fd0aab0d8b574fb9908b07336ef534c65f5668fb9b50fa39a
355,casada__baixo,13.07.2022-13-48-35_v01.png,13.07.2022-13-48-35,1,0,121638859d094bceec7b71cca12e4fd54d4a1ef55d41c7098911555f01ce20c4
356,casada__baixo,25.04.2022-16-13-26_v01.png,25.04.2022-16-13-26,1,0,f1177313fbaeab36e449ca2f8027e0059cb5af3f896bee12061f5116d38eda25
357,casada__baixo,14.04.2022-15-40-40_v00.png,14.04.2022-15-40-40,0,0,54f95fac30f0215fdeffd02b893475e0d6acab8909e4442430865289612d906e
358,casada__baixo,05.07.2022-14-49-01_v00.png,05.07.2022-14-49-01,0,0,608304013b4162bb16fe13fecd18eb1a182f100b679c4d7de3ca23c9a43695fa
359,casada__baixo,12.07.2022-10-00-25_v01.png,12.07.2022-10-00-25,1,0,0f666345d42ef1f0d4d5903696c0e44f16921b9eb7a7768f656b7b66d5d0402d
360,casada__baixo,07.04.2022-11-06-37_v01.png,07.04.2022-11-06-37,1,0,c34e51d28da83a9907e19f9889c6ff56d1d5cf3b99e2eba07610c7c20d025159
361,casada__baixo,13.04.2022-10-42-31_v00.png,13.04.2022-10-42-31,0,0,bda7339b4a29690c53aff97c36f7e6d8f4bbc56e533017369dc1b08846db5310
362,casada__baixo,27.06.2022-15-22-56_v00.png,27.06.2022-15-22-56,0,0,71c12f081f64373c971985f45fda179f0ae4bc7e1f5899a898d6d3155d5739ff
363,casada__baixo,18.04.2022-09-45-29_v00.png,18.04.2022-09-45-29,0,0,9064262d91b5d91029163f079a4f878fab726c4d1cabca30d4811e58cddbc643
364,casada__baixo,05.07.2022-09-58-48_v01.png,05.07.2022-09-58-48,1,0,4d5a84e83bb750025b5f64e1aa9c2d4b8df4dc47b2016ecf2bafa4f077c2dadd
365,casada__baixo,23.06.2022-14-19-01_v00.png,23.06.2022-14-19-01,0,0,7de42a547f27cbf8058893bf55a4ece673fe52c06b5f4201faaac000119df77f
366,casada__baixo,28.06.2022-09-37-40_v01.png,28.06.2022-09-37-40,1,0,a2ff2f38dbd80a5845520b33d322f55cb03ec3981ea9ab75ea7ec03a4c9ee24a
367,casada__baixo,13.04.2022-10-42-31_v01.png,13.04.2022-10-42-31,1,0,74a8220379a826caa2d8bda87a212ded864b389796f05f5aa17e3a4228638d1c
368,casada__baixo,24.06.2022-10-15-39_v01.png,24.06.2022-10-15-39,1,0,c19483d191f0a2aae10cbf39b3daaebdfff73e7669d224f2320a4a1dab0278c0
369,casada__baixo,09.05.2022-09-17-33_v01.png,09.05.2022-09-17-33,1,0,964b3bbe0a98e216d6de23da83b9e749d01b69a5c9e10a7d93fb524c831ed03b
370,casada__baixo,27.06.2022-09-21-44_v01.png,27.06.2022-09-21-44,1,0,5bd7d2aba10fc2cf79d8ce66a6fa613deb0332a0e71730e7a072b570eb060c9c
371,casada__baixo,12.07.2022-10-00-00_v01.png,12.07.2022-10-00-00,1,0,d12017d1d8c0a47120ea4e18a28bf10b4c3e7bf30fd6f92ce6249ce4b36fc772
372,casada__baixo,11.07.2022-15-56-35_v01.png,11.07.2022-15-56-35,1,0,61d5f492dd5e62c97c520085c01944511928592196f69adba98b5baa45f1c479
373,casada__baixo,12.04.2022-14-31-18_v01.png,12.04.2022-14-31-18,1,0,aeca0f766546c36fb72e13873bededde6c5f63377a172b611d8cf92b0bc9c2f0
374,casada__baixo,04.05.2022-15-04-56_v01.png,04.05.2022-15-04-56,1,0,56827e531c3023ae520bfca227c99dc3e5d95a89eb815fc7b96e4da5fd16cb00
375,casada__baixo,23.06.2022-09-32-14_v00.png,23.06.2022-09-32-14,0,0,8eb74bb1087f52b2067acbe921dac0bb7a6d212e27306549a3f4791950b0c117
376,casada__baixo,07.04.2022-14-05-54_v01.png,07.04.2022-14-05-54,1,0,41a52bbbb05713440685d0833fee68c5d68f3579be7d3df792b4ad8cc7f9146c
377,casada__baixo,11.07.2022-15-44-52_v00.png,11.07.2022-15-44-52,0,0,1b397b159293e32761b9d02c593560b7023fff75f138a33e8cf86836298717c5
378,casada__baixo,23.06.2022-08-44-30_v01.png,23.06.2022-08-44-30,1,0,ca01ab24b10d1b176b8fdb6f1181ebc21e56fbf6fb290624516c2f7bead4c817
379,casada__baixo,07.07.2022-09-53-03_v00.png,07.07.2022-09-53-03,0,0,a34c676b875207f46314e3be64189e69ca0e6e9ec5c56b9849a670db89232bcc
380,casada__baixo,12.04.2022-10-09-29_v01.png,12.04.2022-10-09-29,1,0,06ccea940660be139a829cd3149c73e0eeeb170d24b71e16807f516149d337cb
381,casada__baixo,24.06.2022-16-13-33_v01.png,24.06.2022-16-13-33,1,0,525159f0fba0d66e60e9a1634a51e35fc501e024d119a05261287c09c576d9c0
382,casada__baixo,12.04.2022-10-43-34_v01.png,12.04.2022-10-43-34,1,0,3291f91f5d4e28f84149b4e8ac26b4742c0982a537d8e0c74187264cfd05b050
383,casada__baixo,20.04.2022-11-07-01_v00.png,20.04.2022-11-07-01,0,0,1de2426b4fc8b8f980289de1f7aee885a8e586caca3e7c9afd8a23ee209a7e44
384,casada__baixo,13.04.2022-13-34-49_v01.png,13.04.2022-13-34-49,1,0,b881e4dff632c28a1b879a9712edab329884c2ddaddafcbb55c7475bb5e270ec
385,casada__baixo,12.04.2022-10-08-19_v00.png,12.04.2022-10-08-19,0,0,d0d008e56e6993dbf18d98c409e5e159506d44f054d8abce76ee220113686c11
386,casada__baixo,23.06.2022-14-16-46_v00.png,23.06.2022-14-16-46,0,0,3aded75b6382f142e4159fbba238d468b33991fa72690c3322d0f005adf238a7
387,casada__baixo,14.04.2022-09-11-45_v01.png,14.04.2022-09-11-45,1,0,32df8bf077a24d3f5801d903fb6d74dccdcfbc6e5d64788b609b664f8b376207
388,casada__baixo,05.07.2022-14-09-02_v01.png,05.07.2022-14-09-02,1,0,bdeb824d06b7067bca0104668d65bc042c8aba78aaaea3860e0f88e30e1de3e9
389,casada__baixo,14.04.2022-08-40-35_v00.png,14.04.2022-08-40-35,0,0,3246153af58096d2259386a10fac4fc42ea875a55783cd26069722b2aa081dee
390,casada__baixo,11.05.2022-15-23-43_v01.png,11.05.2022-15-23-43,1,0,7a7e0e6a37652f5dd2e99347e04ac9928460c8a680f043cbacac8c563427950b
391,casada__baixo,23.06.2022-10-52-29_v01.png,23.06.2022-10-52-29,1,0,c986582dab2fcd0482b6eec6b46eb4e6d2463e0a2ddbdf688a939e72dfb137e3
392,casada__baixo,12.04.2022-11-10-58_v00.png,12.04.2022-11-10-58,0,0,56f28d296275180a608eb8360a7c28d6a59ef4f11b977d3a4b7c02bcb5a459e9
393,casada__baixo,22.07.2022-15-39-50_v01.png,22.07.2022-15-39-50,1,0,ae1303511be2bc4cb41c1abbb0090227d50289da0f1a46ebc9f42c90439d2540
394,casada__baixo,07.04.2022-14-44-43_v01.png,07.04.2022-14-44-43,1,0,9411effacd6b5aacccd19079b189cf2391cf105e2b7df8838a3d0c6814f1a7ca
395,casada__baixo,07.04.2022-16-18-37_v00.png,07.04.2022-16-18-37,0,0,d41eca01014c8788046af9c8e9b179d09aed216bed5c8375449c56320f1eaee6
396,casada__baixo,24.06.2022-09-20-28_v01.png,24.06.2022-09-20-28,1,0,c1df5e33f1be14373eb4c570b0dcaeb573fb280616e2fefa2bf0fa8b794813e5
397,casada__baixo,12.04.2022-13-41-16_v00.png,12.04.2022-13-41-16,0,0,29fc07aea2bf6668f70690d82e45bf6a2854d67587cb182356073825993ed8b4
398,casada__baixo,23.06.2022-10-01-40_v00.png,23.06.2022-10-01-40,0,0,99f1832682ad038d40ed8f9e44165075531f3a005412249afe42bc39181dbe03
399,casada__baixo,11.07.2022-15-49-18_v00.png,11.07.2022-15-49-18,0,0,2e0fa335f917c3de7b02c8c08be8e87521375e62965d9c96e1d6aab1bf5ff322
400,casada__baixo,12.04.2022-15-32-52_v01.png,12.04.2022-15-32-52,1,0,eb559fa674b303da1972ebf3ae95cb69049f0692d56bf1ad32da1212e5c3be60
401,casada__baixo,05.07.2022-10-32-51_v01.png,05.07.2022-10-32-51,1,0,31056f96694350994c7fb28b9b67c3678bb3a5f7dc0830f9005df9d94ab5cb7b
402,casada__baixo,27.06.2022-14-39-08_v01.png,27.06.2022-14-39-08,1,0,f8447d81ceb18bcfcd1494182c9a370c9e76b07dbdc8dbaea38335f60b3a2983
403,casada__baixo,10.05.2022-13-31-39_v00.png,10.05.2022-13-31-39,0,0,3755910de14d1c77aae211b02078eceeee7a6d91573de18edde80a1be9b8b569
404,casada__baixo,04.05.2022-14-59-00_v00.png,04.05.2022-14-59-00,0,0,f96cb821582c01644860213e0b9520c67e4e39d13f56366c4e6919c5f638e6d3
405,casada__baixo,23.06.2022-10-41-17_v00.png,23.06.2022-10-41-17,0,0,0264311d632a846123c54c559f2d5646b5f1656472e82837b96b3266e6966deb
406,casada__baixo,28.06.2022-08-24-56_v00.png,28.06.2022-08-24-56,0,0,fd3c6d5050f2829647ce97bed2c2e4e91f4f48dd25c3b896e7963c3c7c67cf65
407,casada__baixo,05.07.2022-14-09-46_v00.png,05.07.2022-14-09-46,0,0,17f8b919d039afd7b42980ddca398494e7ba46965a39d5cfdc9ece9608c2266b
408,casada__baixo,10.05.2022-08-57-43_v00.png,10.05.2022-08-57-43,0,0,24266857b43799f7437abb17f1ded9785531684f8c29471e9bf274b1e7c70b0a
409,casada__baixo,18.04.2022-13-56-48_v00.png,18.04.2022-13-56-48,0,0,7c72081c07fe41ae60fc02f352c619f454f3652720a59019b495388d88876047
410,casada__baixo,11.07.2022-15-43-01_v01.png,11.07.2022-15-43-01,1,0,023858cc8dbf993783cfa66d010bbd6f2d6a5ac10b255eb235c19568e6422c5f
411,casada__baixo,11.07.2022-14-13-17_v00.png,11.07.2022-14-13-17,0,0,e8ced088c93a689dc3bf73c51b5cac0b6670672dce78d4d04a1a8e009cf754a7
412,casada__baixo,18.04.2022-15-48-17_v00.png,18.04.2022-15-48-17,0,0,e05820bea862e8e53ffc4f435025d7cdb20c0f8dc54661812ba82d4493e820bf
413,casada__baixo,05.07.2022-14-50-11_v01.png,05.07.2022-14-50-11,1,0,5718b8f30a688cde7a8faa5c37e8f71c91759893bd32c635a06f8e2c62c755de
414,casada__baixo,18.04.2022-09-49-55_v01.png,18.04.2022-09-49-55,1,0,990e7ef91ba723f8f5803796f976f81dd36da8ef887563524d7aea38c8a619e3
415,casada__baixo,14.04.2022-15-47-21_v00.png,14.04.2022-15-47-21,0,0,f352d65bfebcd40212d947714376949f05100c591c8ebb0618c5e95444b87a0f
416,casada__baixo,10.05.2022-13-34-49_v00.png,10.05.2022-13-34-49,0,0,0ebcb8e14e6bbb4df8065f916af832d26ffa7ee8d9d59cadf67e4bda54166a22
417,casada__baixo,07.04.2022-14-20-47_v01.png,07.04.2022-14-20-47,1,0,55ba0993b08fdcef9de9de84c6229e70fd24de54b04f13168f18ed6c83e21c3b
418,casada__baixo,11.05.2022-15-09-21_v01.png,11.05.2022-15-09-21,1,0,4a4c276cd7acaf1e057b5e1425ca87bc1ff294f54117b0d7e2b8b39529eb4ce6
419,casada__baixo,08.04.2022-09-28-19_v00.png,08.04.2022-09-28-19,0,0,cd75421e057dd0617d1a6376614b725934c32085124a2636935d77f6c669c5f6
420,casada__baixo,27.06.2022-09-03-31_v01.png,27.06.2022-09-03-31,1,0,4d8948df42c11228468f14c24816df18f510a66032c04136944de1058c3ef9f7
421,casada__baixo,09.05.2022-13-44-42_v00.png,09.05.2022-13-44-42,0,0,677cb7d9ffc648527b39a6e26149cb55344376eef341d5b55803d0f4057e687e
422,casada__baixo,04.05.2022-09-46-23_v00.png,04.05.2022-09-46-23,0,0,70c9bfe1fc604d7fbe356858173d653f4149f429136986ead4084e73e76fd3a6
423,casada__baixo,14.04.2022-10-57-44_v00.png,14.04.2022-10-57-44,0,0,2c7b9177f7a69a7b14ba8fbe6d0c01a5415864a564e706c767eeb32822fc497d
424,casada__baixo,27.06.2022-09-08-11_v01.png,27.06.2022-09-08-11,1,0,17e3e17786b4ac0ddb43acf4bd8d5426626d5a491d28bc25bd85ac9b25bde46c
425,casada__baixo,12.04.2022-15-28-09_v00.png,12.04.2022-15-28-09,0,0,42d49108d4e179d76239c1e5cf6b627f9b790e544bb33b6c0efe66fc5957b34d
426,casada__baixo,08.04.2022-10-51-22_v01.png,08.04.2022-10-51-22,1,0,37fc9b78fc6d7d6768dbd66673480ff49542d4fc0138e0a9d7b8d25bf29257e9
427,casada__baixo,11.07.2022-10-45-41_v00.png,11.07.2022-10-45-41,0,0,c0ce706a51a53dee968eb451cbc4c4a8c58675f8b8963392184269457e543a6e
428,casada__baixo,11.07.2022-09-48-42_v00.png,11.07.2022-09-48-42,0,0,b58320a558e3de43dae13339b357c46897643d58480d9ce4a71010bb6019e632
429,casada__baixo,12.04.2022-13-39-30_v00.png,12.04.2022-13-39-30,0,0,7e5eeb5cd2ad844af94811fb7930305b52064acdc88622382325a2412b71f5b4
430,casada__baixo,05.07.2022-08-37-18_v00.png,05.07.2022-08-37-18,0,0,9ac6332e9a2745e91227a80ee73fa3467a925f6cf7be84867ff45b14530ce2f0
431,casada__baixo,23.06.2022-14-56-41_v01.png,23.06.2022-14-56-41,1,0,8b34395394ff787de73805d2be34ef8ec4de642804c62dbbb27b7a25e5942f6b
432,casada__baixo,12.07.2022-09-59-53_v00.png,12.07.2022-09-59-53,0,0,fae44734f97ee6250632a0341cb866fdcd1304136490c151ecf29f66004dec1e
433,casada__baixo,18.04.2022-13-54-58_v01.png,18.04.2022-13-54-58,1,0,c80f430a63bded9735e149b51fd417e79099548c209dc06f602bca69771b8f1d
434,casada__baixo,13.04.2022-15-44-27_v01.png,13.04.2022-15-44-27,1,0,467c8fcc9f96b7ad350a945842bd029f8d45ca625765dd201e15cdc774ea88d0
435,casada__baixo,13.04.2022-15-36-56_v01.png,13.04.2022-15-36-56,1,0,fe9b4801e9d6f8755e087a95b0bf3a76bb33f754f3a36be0ff408a7ff4318c2b
436,casada__baixo,27.06.2022-15-58-11_v00.png,27.06.2022-15-58-11,0,0,b037eccdfd14fa3efb5b1563da69df3140cbdce1cbcc9301e1ff8aa7e7252813
437,casada__baixo,22.07.2022-14-21-37_v01.png,22.07.2022-14-21-37,1,0,8444f7dd193935652029f1ec4aeebf29efefe54245e81a8f175cebf3bd629cad
438,casada__baixo,18.04.2022-10-37-09_v00.png,18.04.2022-10-37-09,0,0,8bd54901ad25560f526fb594b9933a83f61f486a7718932905f405f79bf549b2
439,casada__baixo,05.07.2022-16-08-34_v01.png,05.07.2022-16-08-34,1,0,5062c5577b6c9f7158a3956999299657175fd3974ebade2fd944c1d880713754
440,casada__baixo,23.06.2022-09-13-01_v01.png,23.06.2022-09-13-01,1,0,e21aa634b674fb640bffe3b047809486b0cfee6ee34145177e198fab5f91515d
441,casada__baixo,23.06.2022-16-01-57_v00.png,23.06.2022-16-01-57,0,0,566ad123b0088c9a85f4840aba61f8140d5d7d395b2150eda180136919e54f23
442,casada__baixo,27.04.2022-16-05-04_v01.png,27.04.2022-16-05-04,1,0,5d87259dbc564b49ce90e22ca680cefb2a120843511b13bed28083664fa88a4a
443,casada__baixo,07.04.2022-15-25-15_v00.png,07.04.2022-15-25-15,0,0,6c5c6bc586e2747fd473a9e8b8591525d8f3c7ea67258326a4da964be15b91cb
444,casada__baixo,18.04.2022-13-35-23_v01.png,18.04.2022-13-35-23,1,0,229e7a1327a7476ee848e7c79f1fc4ece217d93f71a7cc557d0e6ca5799ef3ca
445,casada__baixo,22.07.2022-09-54-40_v01.png,22.07.2022-09-54-40,1,0,b5c218ca2f34cfe908bc86f970dbdfc7cf19dbecb9c02818179d70cbb0e7d817
446,casada__baixo,13.07.2022-13-35-06_v01.png,13.07.2022-13-35-06,1,0,fc1435971515a792117ad5d494ae3944ee133443fa8baeddf8f35d831fd25c64
447,casada__baixo,23.06.2022-08-53-22_v00.png,23.06.2022-08-53-22,0,0,97569ce536db80e1c2fe8099ce457cf598d4523b681372a856ca6de25b8441bc
448,casada__baixo,27.06.2022-14-07-32_v01.png,27.06.2022-14-07-32,1,0,ef6aa74c4e342f8e1418271e66bdea99566628196571fbd5d334f0608712c634
449,casada__baixo,07.04.2022-11-25-20_v01.png,07.04.2022-11-25-20,1,0,9d37f6c94c360800c1a1d1a521eb96e77950d9c679d5c54fec580479f30019b2
450,casada__baixo,22.07.2022-11-17-31_v00.png,22.07.2022-11-17-31,0,0,908465f54ec2abd1b991c0ebe543d3561a07fce73999eee358d2baf80da3e319
451,casada__baixo,27.06.2022-14-52-16_v00.png,27.06.2022-14-52-16,0,0,1341245c22d59dc5570c51051493c58c0cec30b8c6fc90d6a571fe380f5ff943
452,casada__baixo,24.06.2022-10-15-39_v00.png,24.06.2022-10-15-39,0,0,79cc641aefad902c30f4107409b08e2d4cf8e2e39fc84d40a6f9663a9e295d05
453,casada__baixo,27.06.2022-15-53-37_v01.png,27.06.2022-15-53-37,1,0,d4ebc303f7e97504dd601a862e588c1d0a4f53bc0ce02e17abeff5d41e29afa1
454,casada__baixo,28.06.2022-08-31-27_v00.png,28.06.2022-08-31-27,0,0,2645f1087b8e8083a064005115671cb98ad80fd5f9aa241fdd40b01f15ec01be
455,casada__baixo,18.04.2022-13-57-10_v01.png,18.04.2022-13-57-10,1,0,5ef6153259de8e0ce44bad9b6666dbc1f0d5bf3e266744de7afedcc6b5ac0c77
456,casada__baixo,23.06.2022-11-25-14_v01.png,23.06.2022-11-25-14,1,0,0eb90b035059223aeeebb930fbd3a7c010af310800fe2b3e686bf09a5c814227
457,casada__baixo,07.07.2022-09-28-06_v00.png,07.07.2022-09-28-06,0,0,b81310798de8130c98ce08d4b874f1a5eebc4773d9317175b7d1f534463514f8
458,casada__baixo,11.05.2022-14-16-59_v00.png,11.05.2022-14-16-59,0,0,f964298aa8726d1bbda0b9464592a6be1bb6ebf67132c3282765ad7b0ac022e4
459,casada__baixo,22.07.2022-11-09-23_v01.png,22.07.2022-11-09-23,1,0,62584869f65813e79edd8e95cf6a207553e15b0b78a1b2d6f659b54f477c045b
460,casada__baixo,22.07.2022-13-56-51_v01.png,22.07.2022-13-56-51,1,0,92c19bfc176e2907f6b5ab442f9776ba13225042afa8c6b836cf1c890d082deb
461,casada__baixo,01.07.2022-10-52-47_v00.png,01.07.2022-10-52-47,0,0,1ea21685d40c76b1a05a9cd17e86b305e5bb3bed642f81f88d6f8fe67b6b9950
462,casada__baixo,23.06.2022-14-19-01_v01.png,23.06.2022-14-19-01,1,0,fce05e45d5c57f797813b602d7cde06d91715b34bd373fdddd38c47bcea10c93
463,casada__baixo,18.04.2022-10-37-09_v01.png,18.04.2022-10-37-09,1,0,da38144841b323bbc6c311935cd7d072276c430fc93ddded9cbc7e3bdb9b347e
464,casada__baixo,11.07.2022-10-57-41_v00.png,11.07.2022-10-57-41,0,0,670f59c2e1ae4f1debfb2231d96fbf538f2e6dbdd0daabac09af5f72d53f16ff
465,casada__baixo,27.04.2022-10-53-59_v00.png,27.04.2022-10-53-59,0,0,d6c5c3e8cb725698c960208a800624401fb4eaa93dd7069eac489788aeccb449
466,casada__baixo,18.04.2022-11-12-33_v01.png,18.04.2022-11-12-33,1,0,a06561f21cbbf6c6459c6b098fe6bdfd655b87eebbdaff86bd6ae27e76f15523
467,casada__baixo,13.04.2022-09-41-28_v01.png,13.04.2022-09-41-28,1,0,4ab2c44015c48eee6b9397041eb7c05a539e726734104f5a0ca1a06c2f73336f
468,casada__baixo,04.05.2022-13-59-37_v00.png,04.05.2022-13-59-37,0,0,59ee7574de2b330d3d2cad1f82f2f71143d035c976be53fb355fea59510b38e9
469,casada__baixo,13.04.2022-09-34-56_v00.png,13.04.2022-09-34-56,0,0,17049dfa5a8d8aba4486c948d4b6961bdd822b1cb4939910c747dd071571d4a2
470,casada__baixo,28.06.2022-11-03-47_v01.png,28.06.2022-11-03-47,1,0,9b7c8920bb3f39ef973d3836d9cabab383b1a2c171b5b4472f01088349267fa2
471,casada__baixo,07.07.2022-09-40-32_v00.png,07.07.2022-09-40-32,0,0,116079d864e485e9e4bd1331cbb2adbc6325ba796898d62e4607cbbd45bf1bff
472,casada__baixo,08.04.2022-09-25-30_v01.png,08.04.2022-09-25-30,1,0,04c3362c843d7753d5a80cdd46378c2bb0f645e8ef398e5430a8b6e761f8c8b6
473,casada__baixo,10.05.2022-09-53-58_v00.png,10.05.2022-09-53-58,0,0,8ab40b9f0f715f3c8e28ebfefe5f5a6c41dce8ac79d0870e84bb4ebf1134d0b5
474,casada__baixo,05.07.2022-15-17-30_v01.png,05.07.2022-15-17-30,1,0,e582b51e7dc4eccdd85e3b154a7c125dc24e35583383aa8a0e945113001f0728
475,casada__baixo,14.04.2022-09-00-35_v00.png,14.04.2022-09-00-35,0,0,93145908a629919fc36fb5545d833ff53709198e5a66f385d5b2841b8d71bda7
476,casada__baixo,13.07.2022-14-00-53_v01.png,13.07.2022-14-00-53,1,0,6233737ea4e7e6a35842198290a01c444133e78b5555b6c40450f33e3c9f9c8d
477,casada__baixo,27.04.2022-15-42-01_v00.png,27.04.2022-15-42-01,0,0,9cc393f034881491647f71e42556684fdf42e3f44864bfab14c96520aa814279
478,casada__baixo,09.05.2022-13-42-06_v01.png,09.05.2022-13-42-06,1,0,9d8954bfeee00549b3d2532fe8ea513ffd9e6fb9f39a4e895c1059c41c3cf770
479,casada__baixo,04.05.2022-09-56-04_v01.png,04.05.2022-09-56-04,1,0,224d68a8db223e25e7ff49907607572b6ae8ce90a9120df2b62a0f911a02f5d9
480,casada__baixo,05.07.2022-10-01-34_v00.png,05.07.2022-10-01-34,0,0,87fc69cb2b7da9139347e3b83394beedfb98a761bf126aa0b411c6ee3b364181
481,casada__baixo,05.07.2022-10-48-53_v00.png,05.07.2022-10-48-53,0,0,65229b574f45d74b3d5038bf026ece252c6aca0176b90a39af48b0feed6f4af8
482,casada__baixo,14.04.2022-15-19-35_v00.png,14.04.2022-15-19-35,0,0,ced82e2c88b32e4c1c042df6268dcda77398a7a794c8c851ab8eff46640c4b7c
483,casada__baixo,28.06.2022-10-21-29_v00.png,28.06.2022-10-21-29,0,0,82e1be086ef59d8aa07e9fa4f36edc35afcc8d3992830c281b634939f495d7ad
484,casada__baixo,05.07.2022-10-48-29_v01.png,05.07.2022-10-48-29,1,0,21b453c7171b5ef8d30e55337862662d989c4b4edfcf165a9247298d3fd78a9e
485,casada__baixo,10.05.2022-09-13-47_v00.png,10.05.2022-09-13-47,0,0,83229d66f066ddc07007d3bce375db575df83afef9699ba645a0e2b06dba6c9c
486,casada__baixo,18.04.2022-13-35-23_v00.png,18.04.2022-13-35-23,0,0,af112885107173b3b3a80afad70abf933fb99cb0b3b81e441dc5de18369dcb4e
487,casada__baixo,23.06.2022-08-31-59_v00.png,23.06.2022-08-31-59,0,0,4f245448b7f82a5002db5edd0a9f997ed54b96cdc573f592e681c149879a4856
488,casada__baixo,18.04.2022-14-23-10_v00.png,18.04.2022-14-23-10,0,0,7de25b2706e26b183762f30caba09e05be2280a92b53a32b9e301adf24a1dd8c
489,casada__baixo,13.04.2022-14-34-07_v01.png,13.04.2022-14-34-07,1,0,ee93e31bb9b1045c02d56ac8e77509e4c7b6aec93a9236f9a50ba93773c8b7be
490,casada__baixo,18.04.2022-15-01-54_v00.png,18.04.2022-15-01-54,0,0,bae17e2660798306f8326460bdb5aaed8b1f2e4c244fd7238969bc6a17ab2a47
491,casada__baixo,07.04.2022-14-47-00_v00.png,07.04.2022-14-47-00,0,0,1d5a5bd9f7557ffe72eb59eff1763af1f9c87877d98e81194f7f406aeb25951f
492,casada__baixo,27.06.2022-09-21-30_v00.png,27.06.2022-09-21-30,0,0,b4ba7ea2c98b419fff257009962a5bab957076bb07be4591dfba97eb68b210e5
493,casada__baixo,05.07.2022-14-00-56_v01.png,05.07.2022-14-00-56,1,0,589d95c190014fe6da461061da6bd8219e053b8f10c2ad77d671991f25ad2eec
494,casada__baixo,12.04.2022-11-01-01_v01.png,12.04.2022-11-01-01,1,0,dab26673bc3861ed9a11f099ab41ddcfb523382875b1380d306ce962f42537a6
495,casada__baixo,28.06.2022-09-24-58_v00.png,28.06.2022-09-24-58,0,0,512dc0985e09c25cc682e70106ebcc8e82f60adb3a90d7cf192eb7aa167c2e3d
496,casada__baixo,18.04.2022-15-54-51_v00.png,18.04.2022-15-54-51,0,0,b1e1237d73e2b5e5e17bead371702a10b3444022eb64c33e83f817d58f902ad0
497,casada__baixo,28.06.2022-08-24-56_v01.png,28.06.2022-08-24-56,1,0,ac39b3112c997d187fada9ec3c338418b83ede9ea6f3528d80bccaa32e301984
498,casada__baixo,13.07.2022-13-51-52_v00.png,13.07.2022-13-51-52,0,0,95da28dde667a0300ff6b2867f408056a81b843b8593b697f9afa06b564ad37c
499,casada__baixo,07.04.2022-15-27-51_v00.png,07.04.2022-15-27-51,0,0,479a8c07da8e345d3e821ffd6740a5b3aa767c1c1d756968576d8ae5f471c8ef
500,casada__baixo,22.07.2022-14-23-29_v01.png,22.07.2022-14-23-29,1,0,a4e52a204b56f2c1bd7efd99ddcf541bca286efd79c369d9a21efa4e97f11d7a
501,casada__baixo,18.04.2022-10-24-55_v01.png,18.04.2022-10-24-55,1,0,93cb2d7bcecd87d04fac4fa287dd2533b561eb541759d23ea72def4369e43019
502,casada__baixo,18.04.2022-13-49-11_v00.png,18.04.2022-13-49-11,0,0,eef471adb3088646f7f9fa93587ab4708fa58ba2827be8ce7cca602bf1dcf740
503,casada__baixo,08.04.2022-09-59-41_v01.png,08.04.2022-09-59-41,1,0,79b5958a06bfa768e8c70fc60c059975311661224197996fc7beeba16b47ffc4
504,casada__baixo,09.05.2022-14-20-29_v01.png,09.05.2022-14-20-29,1,0,7472aa1882b06f63938987ab58aee2c04a0ab0e7f4fb184e45b39bd0892332cb
505,casada__baixo,28.06.2022-09-59-56_v00.png,28.06.2022-09-59-56,0,0,7b1969bcaa56eed080e42a188621532b45d4c68c970581281062c67be7e3c2d7
506,casada__baixo,23.06.2022-16-13-59_v01.png,23.06.2022-16-13-59,1,0,f7c77d78366c3e58c824e498edcbac1c172e7f2005cc0f382cc3cad98b510668
507,casada__baixo,10.05.2022-10-21-07_v00.png,10.05.2022-10-21-07,0,0,623a63464a304ba95c7604b2f7e8c59b8116faab2ddcc7e4c8812027da711469
508,casada__baixo,18.04.2022-14-13-22_v01.png,18.04.2022-14-13-22,1,0,c05b5cb0f92cce3c0257d243a55b3a2c67bb1bf4c791e7642e1bab781c9d1700
509,casada__baixo,08.07.2022-15-24-33_v01.png,08.07.2022-15-24-33,1,0,59bc920d7b5273d8c96cc0a168c6dc4daf6b7a40e6663ced5e6930afa2b46e9a
510,casada__baixo,08.07.2022-14-50-41_v01.png,08.07.2022-14-50-41,1,0,8d494b62788ff7af6f391f8cd526b1f9e843be3564e53639b092e30047536c88
511,casada__baixo,12.07.2022-10-45-01_v01.png,12.07.2022-10-45-01,1,0,a11070bec13d2f24b08516bac0ecc6038cf578ce8f9b0937fc93fba037bf8ba6
512,casada__baixo,24.06.2022-11-21-50_v01.png,24.06.2022-11-21-50,1,0,d88c362136ee8520cfe2aa15a3a84507b725fa0981cf001e5a4378830a191a5d
513,casada__baixo,11.07.2022-15-44-07_v01.png,11.07.2022-15-44-07,1,0,7fa234dc218c9f174e8483e223d65622eb5ad28945e69b684f5eb49a46ccfcf0
514,casada__baixo,09.05.2022-13-54-57_v01.png,09.05.2022-13-54-57,1,0,d6081526f07740a4c784cd8398db49febbe4d69d8796be0ccd962671c19a6f8c
515,casada__baixo,27.04.2022-08-59-49_v01.png,27.04.2022-08-59-49,1,0,80b60807ceb4f3e0cf3b75991bd2895b0e7c488d15ad2d4da734ebe8d0d78a0b
516,casada__baixo,07.04.2022-15-47-27_v01.png,07.04.2022-15-47-27,1,0,2dc4e483224cadd647223dd41dc23d376942cd33a7b74ad8db153c8942e674c1
517,casada__baixo,22.07.2022-11-08-54_v01.png,22.07.2022-11-08-54,1,0,37378422d29bfee536eae209a38022fc07db68708384a6f81d323c2fc66a20c5
518,casada__baixo,05.07.2022-10-39-39_v00.png,05.07.2022-10-39-39,0,0,c69416345ce3a48c9b12c0f69689d3a8892bc4320b5d5d120cd8b9838112d55f
519,casada__baixo,27.04.2022-16-05-41_v00.png,27.04.2022-16-05-41,0,0,e70454696b910417fd31bbfcf1ec19ad5c2038960d986e0422002ba8947d2dcf
520,casada__baixo,10.05.2022-10-59-24_v01.png,10.05.2022-10-59-24,1,0,f6c69d6b446c6c40f250e2b69de73598fb8cab54940b86df6d84594c94fad21f
521,casada__baixo,08.07.2022-15-05-52_v01.png,08.07.2022-15-05-52,1,0,93d8f6c7b673db0ec7fe213e57ce93245c5190d44682e9e2fcab9af2ab10924c
522,casada__baixo,05.07.2022-09-44-10_v00.png,05.07.2022-09-44-10,0,0,d6a0fda9cdefeebe6a25e6b46bea3961b749e807577b26c97bcad3d34dac2dfe
523,casada__baixo,23.06.2022-15-04-53_v00.png,23.06.2022-15-04-53,0,0,32f346315f81498540b7f3d19a925c241294f06af686ab33da4743a821c91690
524,casada__baixo,20.04.2022-09-33-46_v01.png,20.04.2022-09-33-46,1,0,e6cf48a8ad7faf52aa9c17652ffb32af92799d6cc101a8bf3ed4ac5735a8daf3
525,casada__baixo,24.06.2022-15-35-59_v01.png,24.06.2022-15-35-59,1,0,7c63f69fde2d925ccc34560ce7cf3769d970d45357015f737c7466c15c5024e6
526,casada__baixo,10.05.2022-11-10-54_v00.png,10.05.2022-11-10-54,0,0,1857e95e21db9e5aa7c616ce1ff83b289eee70a26fb53c960c18f6be649c5bfb
527,casada__baixo,20.04.2022-09-36-03_v01.png,20.04.2022-09-36-03,1,0,a446c2b0e452791887f7d8e8c0d7313fd6c32ca5df4ace7f9c2c854858a291e2
528,casada__baixo,28.06.2022-11-03-47_v00.png,28.06.2022-11-03-47,0,0,eae27fd5fbb42e767682aaf042d1e5a09dd1cb00fd2831382d129bd7914450f0
529,casada__baixo,05.07.2022-11-13-46_v01.png,05.07.2022-11-13-46,1,0,bd12c9ba11b9bde4742ec82ca282a84d8d20a8565328bd9dd35952d35010bac3
530,casada__baixo,13.07.2022-13-41-24_v00.png,13.07.2022-13-41-24,0,0,eaf538ab86086e0623fcc456e0e3d75dfc73a41f1fe167c96e82f6e7b48a69b1
531,casada__baixo,08.07.2022-15-14-46_v00.png,08.07.2022-15-14-46,0,0,68acda277fde766ff37b15606d3c7eee02ad29b20a6b1d51f2b1cb98be566f4b
532,casada__baixo,05.07.2022-08-44-35_v00.png,05.07.2022-08-44-35,0,0,a06e62fce0147f1b1095313884e9e2f6ad57ecd25816897cc260e98375875570
533,casada__baixo,08.07.2022-15-20-30_v01.png,08.07.2022-15-20-30,1,0,4c84ea20cb79306cf94051a3e13864e8697c18099e952fa3723d36bbf55ee372
534,casada__baixo,23.06.2022-09-25-18_v00.png,23.06.2022-09-25-18,0,0,00d3802f0311c50da6233fd8890fe07092ff103f1dc08a8f9bb59b1294983013
535,casada__baixo,07.07.2022-10-33-37_v00.png,07.07.2022-10-33-37,0,0,a0236597ddd95f49ed13cea29db621b280c55498da1ec7378a8abc953439523c
536,casada__baixo,05.07.2022-14-00-56_v00.png,05.07.2022-14-00-56,0,0,a5887c233e0944cdf0a146dbd4d6e6eef356732642fafa7ef54547e26bb87afd
537,casada__baixo,24.06.2022-09-28-12_v01.png,24.06.2022-09-28-12,1,0,4ae0ed7340690bc308ea528c4915948088d6c282675c35afc14c71be18326949
538,casada__baixo,11.07.2022-16-03-51_v00.png,11.07.2022-16-03-51,0,0,8107a2b5520654e7283e129678cf575f63667b9e2817e1880d5094f900ea9812
539,casada__baixo,13.04.2022-14-33-35_v01.png,13.04.2022-14-33-35,1,0,eff8dfa6d6e311bba31dad0f69cf01da7e4131686f1985a4030dcbf590f9f499
540,casada__baixo,10.05.2022-16-17-57_v00.png,10.05.2022-16-17-57,0,0,2af94bfa16b75187fec80b91dffc93619fda303de218590f0ad055c49a0d2301
541,casada__baixo,05.07.2022-08-48-40_v01.png,05.07.2022-08-48-40,1,0,96b723a89f7c0e79d00dd1a458d6668ed0488107edc483d133ba1e247b52d0c0
542,casada__baixo,22.07.2022-16-01-17_v01.png,22.07.2022-16-01-17,1,0,e0efa20fdd2b4043bf315d141914fc6dbb344b34676ad7a2dc183d27099fd253
543,casada__baixo,07.04.2022-13-58-11_v01.png,07.04.2022-13-58-11,1,0,711f64318083c415989afc6e2e15ab0eab4dd6e6327875c62325eaaff724b9f4
544,casada__baixo,23.06.2022-13-50-54_v01.png,23.06.2022-13-50-54,1,0,aee9e927da7cc5e9aa3cd080f9b00063154a3891a3653d43a00cac853cdd3556
545,casada__baixo,09.05.2022-10-50-30_v00.png,09.05.2022-10-50-30,0,0,c4239c7cad41d56a072afed89c025475fda018b4843bfd026a238b092c5188f6
546,casada__baixo,07.04.2022-15-22-21_v01.png,07.04.2022-15-22-21,1,0,511334ae4cea37fa145c8c2ebb4c0c1fccd234b0884bfe3c9e6834d814b763ee
547,casada__baixo,05.07.2022-10-45-30_v01.png,05.07.2022-10-45-30,1,0,7c7ef9e45b6672ca0a4cece2c587267a302ab2b7b09fffec51750527a8f00fd4
548,casada__baixo,24.06.2022-11-04-12_v00.png,24.06.2022-11-04-12,0,0,fe3fbcdfed6e5eeb9f0776d8adb8c7341e620e7b588db48d4548f71a4b936177
549,casada__baixo,27.04.2022-16-10-16_v00.png,27.04.2022-16-10-16,0,0,ef69e4968c387b730454fceba2cc530291c82681b642a0143e97658ddf7e0ffe
550,casada__baixo,12.04.2022-15-35-44_v01.png,12.04.2022-15-35-44,1,0,fd1099e9a09c50981054ba3044bba2550128d6291dfafe79384e77fb3da3d7e9
551,casada__baixo,04.05.2022-15-33-00_v00.png,04.05.2022-15-33-00,0,0,bd8b20f3590a6e6221a2a12dfb91fd2db9a4ddfbc2f20890c393ac65954a690c
552,casada__baixo,10.05.2022-08-31-30_v00.png,10.05.2022-08-31-30,0,0,194f117011eeaa649da4b747cee0ef8a29a77c02df6871c797f7e8c755f664cd
553,casada__baixo,08.07.2022-15-36-20_v01.png,08.07.2022-15-36-20,1,0,1b09b402583f39fb5ed1c6cfd1763d364e36f93c59d020488021af511741153c
554,casada__baixo,18.04.2022-15-40-42_v01.png,18.04.2022-15-40-42,1,0,bb83f9238c7dc0498764b6b5787e97333acb9d07fe30198451921cf1a1e6a42d
555,casada__baixo,27.06.2022-15-49-09_v00.png,27.06.2022-15-49-09,0,0,630655e8e878776da7250f5ede5a249c8bafe3deba33bfb38aed2683c70b8e74
556,casada__baixo,13.07.2022-14-00-53_v00.png,13.07.2022-14-00-53,0,0,abecc80f1598ce583761f2840adecc5a7c9bbb37a705477bf2f6bdb89f17eaf2
557,casada__baixo,24.06.2022-16-16-19_v00.png,24.06.2022-16-16-19,0,0,105e64fbdfbec28556933c57b959423f761650f7cd95a80cab01cdd3768852d2
558,casada__baixo,13.04.2022-10-34-35_v01.png,13.04.2022-10-34-35,1,0,a76c13177834ee6a1dbc49d72a31758274f6bfa2a8e533b9cfea3085fe8f881b
559,casada__baixo,23.06.2022-11-16-30_v01.png,23.06.2022-11-16-30,1,0,495b0fc23bd3a5c3fe9881dd5b66d70942f00ec4fd9716aa866d3c0262f6c025
560,casada__baixo,23.06.2022-11-17-31_v00.png,23.06.2022-11-17-31,0,0,b7cc7efdd7b07b5943903d92d1929adc6cf938f67344d23fabcc28a26d0e2a2c
561,casada__baixo,10.05.2022-10-46-02_v00.png,10.05.2022-10-46-02,0,0,d8c0a9362555de445093eb4eef229ed5823ea6b7450e79a9e2d1f2f26e9ea175
562,casada__baixo,27.04.2022-08-48-19_v01.png,27.04.2022-08-48-19,1,0,2c2b6436fe279b5aad0034358f7c95258aa255c01de7f8c3a2bcdfa0a546a81a
563,casada__baixo,27.06.2022-08-37-21_v00.png,27.06.2022-08-37-21,0,0,766be3f36e8bc9ae8379b109086ef885b0c026c72c09b7beb129af1038a70197
564,casada__baixo,12.04.2022-10-05-52_v00.png,12.04.2022-10-05-52,0,0,e1e0c64795eb54e8a18aa42c5a91d7936d328d82d383a8315f4969340ee68f03
565,casada__baixo,20.04.2022-11-31-35_v01.png,20.04.2022-11-31-35,1,0,e6804369b3b8022bfe256e746cae9781b108e0e7ed1566eca680b80a22cac5b2
566,casada__baixo,08.04.2022-09-55-02_v00.png,08.04.2022-09-55-02,0,0,1daeb5de29759b6cb536c7b46540bba2eae40ab97cdc3fafe0727a48e5f0b7bd
567,casada__baixo,28.06.2022-10-06-02_v01.png,28.06.2022-10-06-02,1,0,9bceb852c42a62309df86ddf0ab35c271f12d5c36a0658a380e7d05c6086c4e3
568,casada__baixo,23.06.2022-11-17-31_v01.png,23.06.2022-11-17-31,1,0,9a989a87d87d3bc1b2c7426ce03820068315531d50e7db79a3bc9e9e44bb3ed5
569,casada__baixo,23.06.2022-16-15-05_v00.png,23.06.2022-16-15-05,0,0,06ce1e27c2e1ab54a6e757603ac68f87bac67bfc5fded58cb535e6cc336e1953
570,casada__baixo,07.07.2022-09-56-49_v00.png,07.07.2022-09-56-49,0,0,807792720f4e8d47c2ff98334f9bfe0d386e1a600acc68225f9a61a747bea8be
571,casada__baixo,18.04.2022-15-01-54_v01.png,18.04.2022-15-01-54,1,0,117c60b8b3b448af4ff45b027804d545850f35458a012930a57136a636db3948
572,casada__baixo,07.04.2022-16-10-15_v01.png,07.04.2022-16-10-15,1,0,324309c20bc0063d72ed9a30592f11b47fd85126c51c56887690e65cfeca1a5d
573,casada__baixo,05.07.2022-16-08-11_v01.png,05.07.2022-16-08-11,1,0,542396308f3c3643a30a29585f8523242562868e4534121dcc659404eff4991d
574,casada__baixo,13.04.2022-09-40-15_v01.png,13.04.2022-09-40-15,1,0,26e73f77bbb5c0f0464e8b808f8e396238a72d97cf59df505f076c9bffcc4b7b
575,casada__baixo,07.07.2022-09-39-44_v00.png,07.07.2022-09-39-44,0,0,c4c5bc7ad70d5a7d5d45bbfdeacdb98b5a9355503554b82ad0f66f1f2dce893c
576,casada__baixo,24.06.2022-09-28-12_v00.png,24.06.2022-09-28-12,0,0,e37bafddbb528a6e6f1facca7b690540f9854947fcc4b7a1150c19e1e6db4c1e
577,casada__baixo,04.05.2022-13-43-33_v01.png,04.05.2022-13-43-33,1,0,7b56dfe2e17bb3262054b812d0117a71796af6aa2f20532eaa80fdaa1a090f5e
578,casada__baixo,07.07.2022-10-50-56_v00.png,07.07.2022-10-50-56,0,0,283741a3d9982a025c297b075e923ccc5bb19a4e84a0d43ce822460a2c69b219
579,casada__baixo,12.07.2022-10-25-03_v00.png,12.07.2022-10-25-03,0,0,0d3cdd48133e9d7913a88a00fdc2fb816e302892d182b1548b914b00b8b3eb80
580,casada__baixo,27.06.2022-14-40-20_v00.png,27.06.2022-14-40-20,0,0,5cf058085867f3a160472b268164a4fa7581a95e0575f7a868304dac7a6d3531
581,casada__baixo,07.04.2022-11-05-55_v00.png,07.04.2022-11-05-55,0,0,aacbafb3b59647c2c06ee4d81f08d1cda521498c2faa43ed4b9eeee7beb027c6
582,casada__baixo,24.06.2022-11-01-11_v01.png,24.06.2022-11-01-11,1,0,a12528f9798e48064c4603175f9522c697e27badd56f0bceefe2ba087947188e
583,casada__baixo,05.07.2022-08-43-04_v01.png,05.07.2022-08-43-04,1,0,90941ec1e88fe277bb0a057a9050303b7651c07f2f959d16543ef98243c3bc41
584,casada__baixo,07.07.2022-10-44-52_v00.png,07.07.2022-10-44-52,0,0,bfba90eb6f5554ba6fce0ff6986f1137cd61edebfea171a4c4f5e6e372573541
585,casada__baixo,07.04.2022-15-22-21_v00.png,07.04.2022-15-22-21,0,0,a0ae3b61ab5e4e827649eaab97969ea1d8668c58136564a7da4afb7befb646a9
586,casada__baixo,05.07.2022-08-54-37_v01.png,05.07.2022-08-54-37,1,0,7d2cf8349c1e4de488148fad0c98e967c6ed0b22defc4d44ad48c96ef74e41c6
587,casada__baixo,10.05.2022-10-34-28_v00.png,10.05.2022-10-34-28,0,0,e86e1e3fd664f0cde8a52fcde6e66681a2034442b1fbc0fdb6f56caf3b32d063
588,casada__baixo,12.04.2022-10-07-34_v01.png,12.04.2022-10-07-34,1,0,8c028f03f91b9b58ff7d97a35b92f4ed323af87c7b0f21b8a8ee01a47fcc3e5a
589,casada__baixo,23.06.2022-09-13-44_v00.png,23.06.2022-09-13-44,0,0,e8b4cc0ce97748d3eaf1c89b5db3572c76eb08b45003a50cf82f4cf5a93580b7
590,casada__baixo,07.04.2022-11-09-43_v01.png,07.04.2022-11-09-43,1,0,796f5e448fe48b871d923ce1a05a5614e91faa46cd5bb7942b8f427e9bcc04c5
591,casada__baixo,14.04.2022-09-03-45_v00.png,14.04.2022-09-03-45,0,0,5be399195bdd2b3eaa8a07a85f1f6fdac124490f7e483718d7ee41e7c1afd4ec
592,casada__baixo,23.06.2022-08-43-16_v01.png,23.06.2022-08-43-16,1,0,12e9b1e4d1c007b60c2fac50b454e36abfa70be46fec045564732f7a9b632480
593,casada__baixo,22.07.2022-11-23-34_v00.png,22.07.2022-11-23-34,0,0,70c3de2f2cb099a5428080b9c013db201f296c6931a2dff7772a6de15d0569c5
594,casada__baixo,05.07.2022-09-35-39_v01.png,05.07.2022-09-35-39,1,0,71ed705d1eb95727fd44e71890c426f35dda3b2da481fae1cc71cc7b55df635a
595,casada__baixo,12.04.2022-13-39-30_v01.png,12.04.2022-13-39-30,1,0,8c65da8a4c644eedff55c9f22fe5606fc572585e573636058317861943bf84d6
596,casada__baixo,28.06.2022-08-40-10_v00.png,28.06.2022-08-40-10,0,0,7536508afb4ce95ec96bd0e3d0d5914f0755ca9a25ec53ead700b0c6d2679162
597,casada__baixo,09.05.2022-14-39-34_v00.png,09.05.2022-14-39-34,0,0,9fa7c2ab5cb08db2c4f07d235209fa0ee791b7a55405b73215facf052859404d
598,casada__baixo,22.06.2022-14-03-47_v01.png,22.06.2022-14-03-47,1,0,4d29591c6dc13592a05c7d08dcca7eb029f92f7507f0a418e1050833cacf17db
599,casada__baixo,24.06.2022-15-35-01_v01.png,24.06.2022-15-35-01,1,0,caa67c041e62d5d1bd2c2ed8339e18b5928ea1beed7844c17e79da7e3858b124
600,casada__baixo,13.04.2022-09-52-08_v01.png,13.04.2022-09-52-08,1,0,61c4ef0c95a4fd0261fbdfc5faca666253ae94a9dc55c5d63c55d8f2e6230105
601,casada__baixo,14.04.2022-15-41-36_v00.png,14.04.2022-15-41-36,0,0,9288999ecfa6652a8864e33e36beba23588a94c9692205adbf307fe81fb67005
602,casada__baixo,11.05.2022-14-15-18_v01.png,11.05.2022-14-15-18,1,0,236e7a13c807bd685e4c7f6864a69b213f3f155c6c1a98313719057c12391c4b
603,casada__baixo,12.04.2022-08-43-51_v00.png,12.04.2022-08-43-51,0,0,7f85be3059e938ab30a2c7ca4892e4930a680ad56ba26179ef26cfd087d3f3aa
604,casada__baixo,07.04.2022-15-43-37_v00.png,07.04.2022-15-43-37,0,0,8fb6b7e03212b58298e344dd6224ec47db7b12f5a2ada8904a9f1066026f3f4a
605,casada__baixo,27.04.2022-16-07-01_v00.png,27.04.2022-16-07-01,0,0,7ed21ef26b55bf7ffc18f337eff8ef81f96a57e6f5d958a650a968fc86bb9733
606,casada__baixo,05.07.2022-09-58-48_v00.png,05.07.2022-09-58-48,0,0,a36decf5c9b09e08171232e6e8e149d7c831db519d4a791925692fa7cafd61b3
607,casada__baixo,27.06.2022-08-53-21_v00.png,27.06.2022-08-53-21,0,0,88cac5d86789d566fb88f625c76ac3e6de1cca6a011b69115ac7ae1882605893
608,casada__baixo,22.06.2022-14-36-40_v01.png,22.06.2022-14-36-40,1,0,fd1d02255c49245a7f91aaffbc71f07bd1be3b07d8ca02d495c04808e82ca933
609,casada__baixo,24.06.2022-09-17-10_v01.png,24.06.2022-09-17-10,1,0,830a71f5901f80ca6ba730a957966de843fdfa147a9c81df95fba98ecb01805d
610,casada__baixo,29.04.2022-14-41-26_v01.png,29.04.2022-14-41-26,1,0,fe7d3965d236c23908751791eda40b02c7600d019135e007aaa15548869ae10e
611,casada__baixo,20.04.2022-10-07-41_v00.png,20.04.2022-10-07-41,0,0,eeac00c56f2ee1603a284798144139b1bbf2854978d903ba11c9f3259d12ac28
612,casada__baixo,23.06.2022-09-13-44_v01.png,23.06.2022-09-13-44,1,0,3712b60c17c91a8afa3649a9ae937414b685dffa680d77b3316b0316054a1790
613,casada__baixo,12.04.2022-13-31-34_v00.png,12.04.2022-13-31-34,0,0,2e8355bf7588b3f253e38ad1ff94f8859393dcc4d343af46883057537dd55c3e
614,casada__baixo,22.07.2022-14-13-11_v01.png,22.07.2022-14-13-11,1,0,8a8956d8fdefcb250760d5a52db3fc2074b2e31b6e8ac42452e4366c7704f521
615,casada__baixo,22.07.2022-11-25-35_v01.png,22.07.2022-11-25-35,1,0,1c5ecf4d7af1d1e00e575314f64daa0fa02fcc6f8d36febd60ca49e06e825ed3
616,casada__baixo,08.07.2022-15-15-44_v01.png,08.07.2022-15-15-44,1,0,ceb59dbeedb4f2f1c54f20e9b36a9f1226d576a223f3afe35e066859a1c0052b
617,casada__baixo,18.04.2022-13-50-08_v01.png,18.04.2022-13-50-08,1,0,288a85922ab46f791277bb30c2a5911501b1239d8424b05f6b0e554bcb691e8f
618,casada__baixo,04.05.2022-15-26-31_v00.png,04.05.2022-15-26-31,0,0,7cdc8e68186b42060ae1ce6f97c77a9953c8375b58f39b6fadf3032f200fe550
619,casada__baixo,23.06.2022-08-28-53_v00.png,23.06.2022-08-28-53,0,0,8ead42a35d61bebafd84f53074f83c4dc6a63053ef0eec12bb667ff4e45be752
620,casada__baixo,20.04.2022-11-26-19_v00.png,20.04.2022-11-26-19,0,0,7f9b616cfd8dac3da29d9a6bff4b0183376916499460fe5a7bd053f07c9b80dc
621,casada__baixo,08.07.2022-15-33-47_v00.png,08.07.2022-15-33-47,0,0,1407022411da0d882b4c393a6880a993b2f9a7d6ac38da96a1b7b25918ab1c1e
622,casada__baixo,24.06.2022-16-16-19_v01.png,24.06.2022-16-16-19,1,0,1aee0cfecb41e58932a81281f3dd2fd02894bcca26b3c3ff5a835b59bd3778de
623,casada__baixo,22.07.2022-11-09-38_v01.png,22.07.2022-11-09-38,1,0,22b1109e2e30c3ddd9ed57198bb4073c9bc8c73b575ebadad8a17d2934d6babe
624,casada__baixo,12.07.2022-10-06-58_v01.png,12.07.2022-10-06-58,1,0,a3518404ca2a2cd1a668507c61d5396db08fe75df9125186b48a2ec9949647f6
625,casada__baixo,27.04.2022-10-39-47_v00.png,27.04.2022-10-39-47,0,0,258590c2d55c1664ba2007f70a08b32d0edc122fd1e235bb56ede80317813acd
626,casada__baixo,28.06.2022-09-25-40_v01.png,28.06.2022-09-25-40,1,0,7874bd0cff62dd72315e5a7417e4caffc49874ffcf5f48a67503e647d752a2de
627,casada__baixo,14.04.2022-15-32-52_v01.png,14.04.2022-15-32-52,1,0,8f2c4dbf6f3aad3879e9e91c5f0911c486ab589aa1320689e0ad3d43d78e427d
628,casada__baixo,20.04.2022-11-23-14_v01.png,20.04.2022-11-23-14,1,0,a6340e53e310ee8447a398844d42b7ca01e26b7085e4ebe7e01bd11d25cb039f
629,casada__baixo,20.04.2022-09-34-52_v01.png,20.04.2022-09-34-52,1,0,fca3183089252c03cb99f278927a62d8e79572f33c7d9885b20f6457e36a965e
630,casada__baixo,12.07.2022-10-37-53_v01.png,12.07.2022-10-37-53,1,0,963a439ac6489cf0bc4db2ef3e799ef36d74cfb97bb3b1da5c0652700e4f815a
631,casada__baixo,24.06.2022-15-11-33_v01.png,24.06.2022-15-11-33,1,0,09bc064f89e1582604599c6a04a57a86ba5e58380060279a2dffbbc1000b7fdf
632,casada__baixo,13.04.2022-14-35-42_v00.png,13.04.2022-14-35-42,0,0,dab910779aafb78d906fa71f9dd7df500473e825a34d602b55da6726e6b71e5b
633,casada__baixo,13.04.2022-16-04-13_v01.png,13.04.2022-16-04-13,1,0,5476873e15275708784f3fa37c2007eb16f7cfc4c6d6d675aff842337c8324ff
634,casada__baixo,07.07.2022-10-46-32_v01.png,07.07.2022-10-46-32,1,0,75e8f11f70a99f7770159da08527fb2eba38f06f6a72ab99a14365756d3abd92
635,casada__baixo,22.07.2022-14-30-14_v01.png,22.07.2022-14-30-14,1,0,d5b10fc15ef316636873f16dec1803a35e1fe5506151f722a7e3d6b5839695a4
636,casada__baixo,07.04.2022-14-17-41_v00.png,07.04.2022-14-17-41,0,0,37dc33c46f4d97bc828348d310a8a8744b0889b33d7552b2a916e94805ee70c5
637,casada__baixo,10.05.2022-09-17-32_v00.png,10.05.2022-09-17-32,0,0,b24900d868810b5f271f97c4a27092ca2f01d1b5c4e2d144cb008ae784b68c81
638,casada__baixo,04.05.2022-13-47-26_v01.png,04.05.2022-13-47-26,1,0,0ab3ba66e03c7b7c4486767d8e47c5965524b4bc5470d6b617595a591b7cc4f8
639,casada__baixo,11.07.2022-15-51-30_v01.png,11.07.2022-15-51-30,1,0,c3411ac941e588a0588a181c16ab10fb0dad1d933062e83ea081210ae4d9b4e0
640,casada__baixo,23.06.2022-11-06-04_v00.png,23.06.2022-11-06-04,0,0,7edf912641023bd680b1bfd7bf96af73706e62620956bbe3c722ccbc555bb1c5
641,casada__baixo,24.06.2022-09-46-42_v00.png,24.06.2022-09-46-42,0,0,560a9d44e8ff9dcd4102348bf7f84b5dd168f0cbfb08d200435ba1eddfab8a33
642,casada__baixo,12.04.2022-14-52-51_v00.png,12.04.2022-14-52-51,0,0,0e0c5fd0878c77bb96033f998a8047da54f01df35e04ff33c0aa4389712ffeb6
643,casada__baixo,07.04.2022-11-06-37_v00.png,07.04.2022-11-06-37,0,0,0d89d6772ef72d0bf11985e90f72cd7fac97982bb64ce6963cc43e4000de71b4
644,casada__baixo,22.07.2022-13-58-14_v01.png,22.07.2022-13-58-14,1,0,d55576797a8b7f7412fca07b26aa61b5e22fcb716731a7fb5c52a3f6c19aaf57
645,casada__baixo,12.04.2022-13-43-26_v01.png,12.04.2022-13-43-26,1,0,617a61dff99d6b62ef217278bdd3705f75a9e15848a0dfeb5f69c4564ebf7e4f
646,casada__baixo,27.06.2022-14-37-13_v00.png,27.06.2022-14-37-13,0,0,678c19b23e683f0eec58fc6b519e27f667d7e87c7376c267d5d88c2155970e34
647,casada__baixo,14.04.2022-13-14-04_v01.png,14.04.2022-13-14-04,1,0,6a8213a4962a6343bf8e921b8d0b88405957d2a8678fe21aaf9ecde47ce5aeb4
648,casada__baixo,20.04.2022-09-40-43_v00.png,20.04.2022-09-40-43,0,0,c8016ad4761e9186d9e357b8d29cf0a554e604c254db04c48996bea50afc7e34
649,casada__baixo,24.06.2022-09-23-22_v00.png,24.06.2022-09-23-22,0,0,f55443664022ad35c435ebe22204d5bbc8c48a3e4990eb6659b600fb10fd0fcf
650,casada__baixo,18.04.2022-09-37-33_v01.png,18.04.2022-09-37-33,1,0,37fa6cb0c4c306d4cef4a0cb4b40c2555a39f9702bde6a2137e5bf17600af381
651,casada__baixo,24.06.2022-14-51-14_v01.png,24.06.2022-14-51-14,1,0,64a80ca169953a914c58c56b846f88195e701a7079f50018ff262a4db77f304e
652,casada__baixo,27.06.2022-15-58-42_v00.png,27.06.2022-15-58-42,0,0,bb1d19394248cba46fc513651bf83822a6111d65e9e12835f4bb4512e20f0ec9
653,casada__baixo,28.06.2022-11-08-46_v01.png,28.06.2022-11-08-46,1,0,de05556a9cf24b2b97b681cbedaaade7895171d4f9132e6d7f8b0c40373fc56f
654,casada__baixo,09.05.2022-09-37-57_v01.png,09.05.2022-09-37-57,1,0,c9a8e5b451f3e522846f602f50c6baa497a9b9143ae4f89880e944d5d735e8f8
655,casada__baixo,09.05.2022-14-20-29_v00.png,09.05.2022-14-20-29,0,0,b57447d1b64125cbfc62c249b0772175c5d5e6f8e08c69ddbf42508c435a58ac
656,casada__baixo,22.07.2022-10-07-41_v01.png,22.07.2022-10-07-41,1,0,5da8f46563d194e8a96cea787637bab69281b8dc764564a6072a23caea17f007
657,casada__baixo,24.06.2022-16-03-23_v00.png,24.06.2022-16-03-23,0,0,a4af678366c7fddea96849c2416e0395d62e9c26a60841f5ead44e37cbc0f002
658,casada__baixo,27.06.2022-08-48-20_v01.png,27.06.2022-08-48-20,1,0,cda879dc3c843e46e600447ec8a186d790807b36daa7e24569363fa0366806b1
659,casada__baixo,13.04.2022-11-16-24_v00.png,13.04.2022-11-16-24,0,0,cc5f22304dc0352908f056edd716f22d9675557f004a5e0bdb70d6552952756a
660,casada__baixo,13.04.2022-09-36-37_v00.png,13.04.2022-09-36-37,0,0,42c4a67b579428f12ae89e2d407966e481a97226571e504c5c6119354fc7193a
661,casada__baixo,05.07.2022-09-06-34_v00.png,05.07.2022-09-06-34,0,0,222d16cb2d921463041e90f79f1fa1c469f2a294f2f02b66dc0e0bb8c8c236ed
662,casada__baixo,10.05.2022-14-08-00_v00.png,10.05.2022-14-08-00,0,0,bdd53b3106a0d110bbab565cfc267d14f3902a8a4b9630bcf90a4017a4faf1bc
663,casada__baixo,04.05.2022-14-09-37_v01.png,04.05.2022-14-09-37,1,0,645908f5c4282d1fee3cc7b35175a2915125af706761c27aa489661175707610
664,casada__baixo,18.04.2022-13-41-04_v01.png,18.04.2022-13-41-04,1,0,998f408652f0568faf9ae2a957c8c552f0e95d73d002409c6de23e3d753b218f
665,casada__baixo,22.07.2022-11-25-57_v00.png,22.07.2022-11-25-57,0,0,9a997826a00f61423991b87fa80597a9cab6f87c3a3e9b994b8b124f23aa2832
666,casada__baixo,22.07.2022-10-18-51_v00.png,22.07.2022-10-18-51,0,0,83c81cdd16de4ab35d13e5e35cc8c83294b4b18a7d0aaf617e24d39e2f6fd712
667,casada__baixo,12.04.2022-14-37-05_v01.png,12.04.2022-14-37-05,1,0,2436b7e92790ce5c2714efe1f079841309f093c568dffa42edfa5d818e69a3fe
668,casada__baixo,05.07.2022-09-33-01_v00.png,05.07.2022-09-33-01,0,0,d9ffa227c908815edd82f750bb4e891d095a92f500d8b919345cb17a691422dd
669,casada__baixo,22.07.2022-14-15-59_v00.png,22.07.2022-14-15-59,0,0,7febf78e104305797513002ecb91e66804070e892d3a51f3d7204b46d9ba3c94
670,casada__baixo,11.05.2022-14-18-39_v01.png,11.05.2022-14-18-39,1,0,f653196ffaf2d3e9841b7804db5cc05fbd944d67e17e569ef8cd45ea21c17ecc
671,casada__baixo,23.06.2022-11-20-28_v00.png,23.06.2022-11-20-28,0,0,a34b5fe57feefb091f1d83e568ed043c386d04067aa3b1f30890a5c34020c4f3
672,casada__baixo,05.07.2022-09-00-57_v01.png,05.07.2022-09-00-57,1,0,dea2979e64a3748b48cc215593452fd95fea7a2b0a104b593c7a8f77de89bece
673,casada__baixo,05.07.2022-09-05-49_v00.png,05.07.2022-09-05-49,0,0,31680095def3fb1dcf8ac24277c6c69aec2111315a958a18069b549acfc7fcce
0,reduzida__alto,22.06.2022-15-21-18_v01.png,22.06.2022-15-21-18,1,1,ec0c6df972d9267e7bfdeeb30fc15f1472940670b41daced2f1e76601464225e
1,reduzida__alto,05.07.2022-10-45-30_v00.png,05.07.2022-10-45-30,0,1,2ae9024f1ee6540a1d012c1fd750a608b33401246114a919fe45b9606cba85df
2,reduzida__alto,10.05.2022-10-44-19_v01.png,10.05.2022-10-44-19,1,1,7b80807af8d142e14b77fdfa889a199ee48a65de719fae32701c35b12a80acab
3,reduzida__alto,22.07.2022-09-54-53_v01.png,22.07.2022-09-54-53,1,1,36a4e2bc06ec0be24e32dc55f0fcc049781abc8bd742e171a9c1ad7b38f09bc1
4,reduzida__alto,12.07.2022-09-59-53_v00.png,12.07.2022-09-59-53,0,1,10323f331c830ebb47096df28b660a654b3c0d73851ce37b3cd6ffad8a34255b
5,reduzida__alto,09.05.2022-11-10-06_v01.png,09.05.2022-11-10-06,1,1,ddaf9f2975044b038c05cb106884a6144a54ab858cb2a4fe090943c103136468
6,reduzida__alto,28.06.2022-11-18-29_v01.png,28.06.2022-11-18-29,1,1,37d6ae1b3002fa972e28fd47501c18fe14ca0ce65cba3c0afcb3bd29166defe8
7,reduzida__alto,13.07.2022-14-00-53_v01.png,13.07.2022-14-00-53,1,1,075ff970109e50523449b3cb63de53fcfaa7edb7a0cfb76ac6d37de2dfb80de9
8,reduzida__alto,07.04.2022-14-17-41_v01.png,07.04.2022-14-17-41,1,1,78cfa26750d265d84462d4911a59ae3f039383b0f1f1615d41de12c61e1a468c
9,reduzida__alto,23.06.2022-09-13-44_v01.png,23.06.2022-09-13-44,1,1,49af0558191d2c294673158e684121c14c4052c9c5c0adf3d236cbb26112f0ea
10,reduzida__alto,12.04.2022-10-08-19_v00.png,12.04.2022-10-08-19,0,1,d9d661d7077c641214bcefccf0c8395605f8bc3a8aacb59a63e52ffd5acfd921
11,reduzida__alto,11.05.2022-14-20-19_v01.png,11.05.2022-14-20-19,1,1,5c06011ca16fa4c734b82c6c99ecc3dc7d2bf03e944e1e0338c53e153598b822
12,reduzida__alto,28.06.2022-09-37-40_v01.png,28.06.2022-09-37-40,1,1,d66ba30a4cefc7b332d4cd54830f4ac188e514596e3b24798a8f282c5e53ea38
13,reduzida__alto,05.07.2022-13-54-27_v01.png,05.07.2022-13-54-27,1,1,bac26df87a1fde83429d72a535670f63ed7af6c3303c86dee1836afbd52b9735
14,reduzida__alto,10.05.2022-13-36-48_v01.png,10.05.2022-13-36-48,1,1,cff0095de5efb238baa799e509ea2d71e663e1cf80b4c40ee220e9813d532a74
15,reduzida__alto,23.06.2022-08-50-51_v00.png,23.06.2022-08-50-51,0,1,5ad576487605eafcd5ebadb208665338e4a601dcd6daf60758a83b402d8b9aa0
16,reduzida__alto,23.06.2022-14-12-29_v01.png,23.06.2022-14-12-29,1,1,f84cdfc0619d5086a6418a12b32a06e0d0b2bfa97779011e9efbf7abc8d1f848
17,reduzida__alto,18.04.2022-10-28-51_v01.png,18.04.2022-10-28-51,1,1,add8f7d1ea44d52c0ce53ea029db7bec481257586abb41b14f2a5b9a642699d9
18,reduzida__alto,27.06.2022-14-00-22_v00.png,27.06.2022-14-00-22,0,1,e99c47f47bb4b2b03d3d64628fa62d918d60d520e9814e0406af87e205c8940b
19,reduzida__alto,07.04.2022-13-42-10_v00.png,07.04.2022-13-42-10,0,1,072e44a34d9910b67e8f8a64b3f820135642a6ed1a124525c972dc505c6cd595
20,reduzida__alto,05.07.2022-08-42-33_v01.png,05.07.2022-08-42-33,1,1,69476df4cfd3ac1a3d8ca1f30ac15a97cd16c8d4c1dfbaabad9f77c14401bac3
21,reduzida__alto,11.05.2022-15-24-16_v00.png,11.05.2022-15-24-16,0,1,d73ea5ed5b20c953fc6a7ebee8f87df22b1d651c0b5f5ac8c6680cfd6105c812
22,reduzida__alto,13.04.2022-15-32-47_v01.png,13.04.2022-15-32-47,1,1,7f8f37a2e5f0f607ed5ae4ccfed654a9c11d4a9012dd0a2ae18745940c868cee
23,reduzida__alto,07.07.2022-09-54-54_v00.png,07.07.2022-09-54-54,0,1,e9cc5a595e54673677cbe87946e77ece9b82be32df18f07eee904180f9af4cf2
24,reduzida__alto,12.04.2022-14-28-19_v00.png,12.04.2022-14-28-19,0,1,d8ee721d933834102d0b9a83187c9cc921d58de0352e159466e4e15b01c92ec9
25,reduzida__alto,05.07.2022-10-49-56_v01.png,05.07.2022-10-49-56,1,1,0533c4f66068f75311ace2716b44fb8a73124d2ffbcbd2d1bae6a00578d853af
26,reduzida__alto,05.07.2022-13-57-00_v00.png,05.07.2022-13-57-00,0,1,994319352fcc4893c6840ad1e9fe47efeb0331de172128b6a92da91cfe41f945
27,reduzida__alto,05.07.2022-13-54-27_v00.png,05.07.2022-13-54-27,0,1,068e5afec4b8cffbdcbc42c466341dd60f176054e89419dca0527621a929f199
28,reduzida__alto,23.06.2022-09-41-33_v01.png,23.06.2022-09-41-33,1,1,1b11d19c135254fd0a02bd6934fabc8e9bbadb7ec8f5a4b5cebaec5d9ed86575
29,reduzida__alto,08.07.2022-15-21-45_v00.png,08.07.2022-15-21-45,0,1,97095456a13f05a17e67469b54653521b7c80db6b8e9670e676bb7ef71b52692
30,reduzida__alto,12.07.2022-10-40-53_v01.png,12.07.2022-10-40-53,1,1,24e093befeb1f03e6094765ae102d2aabe0fea148e0b23fe315c5a188477205e
31,reduzida__alto,28.06.2022-09-35-35_v01.png,28.06.2022-09-35-35,1,1,5a094ddf69a8e7e218e1cd1dac5ef1226811c0ee251b135c0885096a8f4a91c8
32,reduzida__alto,13.04.2022-10-03-20_v00.png,13.04.2022-10-03-20,0,1,1908f376cf6f8a93fe462f559996df214fea17fb3801bd29305530160bc99d60
33,reduzida__alto,10.05.2022-10-34-28_v00.png,10.05.2022-10-34-28,0,1,89589f898fc80f0b7305a70fca6b8202b90ceafd6415667b6450fab6a167f660
34,reduzida__alto,13.04.2022-15-36-56_v01.png,13.04.2022-15-36-56,1,1,1c1f732a8e50e29a380421ea6e71ec1c5cb3e15be94925528745c0b79f79f3c7
35,reduzida__alto,11.05.2022-14-18-39_v01.png,11.05.2022-14-18-39,1,1,d58a98bf1b43fc39bcc421ee8a61b1d006094723b28590f2f76bebe2f14b6166
36,reduzida__alto,10.05.2022-13-31-56_v01.png,10.05.2022-13-31-56,1,1,8c2b3a22cfe40dd1290ad977d9fc3dca180883219eba337474c0dc38a3c98edd
37,reduzida__alto,12.04.2022-15-35-44_v00.png,12.04.2022-15-35-44,0,1,a0bcef74efaa0f903035992330ea1226d53f30f95f7e812c5be6a02e3d5e4d58
38,reduzida__alto,27.06.2022-16-14-25_v01.png,27.06.2022-16-14-25,1,1,a81429519e89ba0d253b0a8eb36d3c506b063b31e86dbd0439d8cce552590255
39,reduzida__alto,05.07.2022-11-21-38_v00.png,05.07.2022-11-21-38,0,1,b705a51a420b43c7fdf0dcb2690044d360f91a72d94ad247a107f7c53607e6ff
40,reduzida__alto,23.06.2022-13-54-55_v01.png,23.06.2022-13-54-55,1,1,6c7dedaffb607b81c0ab76ec9430e43148920bf035447265a64a3d92a0eafa11
41,reduzida__alto,12.04.2022-13-23-37_v01.png,12.04.2022-13-23-37,1,1,0550d48b9ca269daf5ba35537fb359a034d22f742e6e3ebe5b001de122acde18
42,reduzida__alto,12.04.2022-09-40-51_v00.png,12.04.2022-09-40-51,0,1,3c829ffd8dcae6afa0e3695f760a591aeb0423881764af3fba45a0d071e19677
43,reduzida__alto,27.06.2022-15-58-42_v00.png,27.06.2022-15-58-42,0,1,0ee4113e78c24469a762babd9302e0ca31b86b17a216375d1574e6b864382e1f
44,reduzida__alto,28.06.2022-08-31-27_v01.png,28.06.2022-08-31-27,1,1,0a099797c3d3120d0398e5d6561cccff3456aefe9f387afafce0a3e83430b457
45,reduzida__alto,08.07.2022-15-02-56_v01.png,08.07.2022-15-02-56,1,1,6e742932c7e0278195d2389ba31c85363b266d910ab69a1f690eea76359bbe01
46,reduzida__alto,18.04.2022-13-32-10_v00.png,18.04.2022-13-32-10,0,1,52919e942a703a3fca52a261930bf2c2e9bbdc0927497c64314165aa4b2d0502
47,reduzida__alto,09.05.2022-08-31-33_v00.png,09.05.2022-08-31-33,0,1,01a35035d27feec0a82ec166d1878ba3c57c203f5a617023196c45a4c61c4a4d
48,reduzida__alto,12.07.2022-10-04-00_v00.png,12.07.2022-10-04-00,0,1,0f5eb747ff5bbe4893488be26844858fb31ff2592fee7f6daf2f37ddaa6f8f16
49,reduzida__alto,08.07.2022-15-13-02_v01.png,08.07.2022-15-13-02,1,1,7d4f1b205805c1844af279de9fd417d1390c7ce5a1bb669291abd0947d774c9b
50,reduzida__alto,12.04.2022-14-23-39_v01.png,12.04.2022-14-23-39,1,1,d5c1a771548867ba2820d042dceb5b024dac0fdf54796cacc12b612fd3368d15
51,reduzida__alto,24.06.2022-11-21-50_v01.png,24.06.2022-11-21-50,1,1,d66713efe6c65be35d046c37181fd744a497303c6e1de20a62562bef1e411df7
52,reduzida__alto,12.04.2022-16-00-05_v00.png,12.04.2022-16-00-05,0,1,11b750604a8912f2555b38cc1bbf0e97c03a0d77db5de143b50f87934776c148
53,reduzida__alto,09.05.2022-13-55-24_v01.png,09.05.2022-13-55-24,1,1,c457d85750b9e2460b71f598f7a2dc07c10c1b908877c742668e1213c4d91e52
54,reduzida__alto,05.07.2022-08-38-44_v00.png,05.07.2022-08-38-44,0,1,6c70879be23cddf6d610a348582a43016273fc46b2478a77c38bc73249b6d6b6
55,reduzida__alto,27.04.2022-11-24-40_v00.png,27.04.2022-11-24-40,0,1,1356d61c0aee3d1eea3fdc13d86a00d6bf4a5fe1f0c2cefc325f38c491868742
56,reduzida__alto,11.07.2022-15-44-25_v00.png,11.07.2022-15-44-25,0,1,8a8eaffa7a0bb3c377ef7480ff1e65044142432b044e063a2b7abc416e82321f
57,reduzida__alto,22.07.2022-09-54-40_v00.png,22.07.2022-09-54-40,0,1,861b29ea9ba7f0dc2e33356fdf7d7b430c9eff30b0e38753379fb308d9b3ca1d
58,reduzida__alto,09.05.2022-15-51-55_v00.png,09.05.2022-15-51-55,0,1,3d8b52cd227fa4d86231dd2276c20825b49f6d7a0cc7fbf5998f98b81e101d7e
59,reduzida__alto,22.07.2022-11-09-23_v00.png,22.07.2022-11-09-23,0,1,1d43a1ab6f14464bda7609eb837a6b52e7a4454d574980a45a85ed6c5e448c96
60,reduzida__alto,07.04.2022-13-47-55_v01.png,07.04.2022-13-47-55,1,1,8742f3a4248ab3b2c93331942ca14f11792b5ab4fa8b6276b27149f04d915b62
61,reduzida__alto,12.04.2022-10-18-12_v00.png,12.04.2022-10-18-12,0,1,1b2dfbadc59adff879d8d02302b8a2caa081b8417df132e4810c295b926d448b
62,reduzida__alto,11.07.2022-09-49-45_v01.png,11.07.2022-09-49-45,1,1,0535a61bceb74f7d31ff3580f0586e9b2a193c02515ec9e8686ef845c160ca58
63,reduzida__alto,28.06.2022-09-12-32_v01.png,28.06.2022-09-12-32,1,1,f5d5a57b8d89fa1cd662b5b247651568a42cb3c932c7747bc80b18b7f68026db
64,reduzida__alto,27.04.2022-10-42-23_v00.png,27.04.2022-10-42-23,0,1,7c4b8db6c52c992669daf76ebbabf842c46c75dc3949ef9b200efb9fe2c66fcd
65,reduzida__alto,22.06.2022-15-21-54_v00.png,22.06.2022-15-21-54,0,1,ed06baef94b66a29cf64418db7233ecd3fab5a549265762442fad64b09b713e3
66,reduzida__alto,11.05.2022-14-15-18_v00.png,11.05.2022-14-15-18,0,1,f710f166903d0b8398f38b13437ab55730794232aa6ba832605c3124f9bd712b
67,reduzida__alto,12.04.2022-13-22-48_v00.png,12.04.2022-13-22-48,0,1,f895252de54cbff8b6f343d19b973f3f1f2aeb15eeaa27abcfa0830fcd8bd9a6
68,reduzida__alto,28.06.2022-10-57-42_v00.png,28.06.2022-10-57-42,0,1,a36c9879d7dee453cc671cdd05bd44649b70280f3e6a185a116af55a73f005e7
69,reduzida__alto,07.04.2022-14-20-47_v00.png,07.04.2022-14-20-47,0,1,10e965440a579bd6afd6d8c4f5afed4ff500a15f0287974ae0bd418661fdbb11
70,reduzida__alto,11.07.2022-16-05-06_v01.png,11.07.2022-16-05-06,1,1,f4cbfcd9fc13e94089047514d9426c92adbb68f764dcfad635b5733c03689db6
71,reduzida__alto,24.06.2022-16-04-10_v01.png,24.06.2022-16-04-10,1,1,79739eb1f04b296528b305e189dd2f7f021ae8eb45328470390703d6505a4859
72,reduzida__alto,27.04.2022-11-24-40_v01.png,27.04.2022-11-24-40,1,1,f20281d3533b0b6076b101a59796e8922ae8956afd5ca2350bf36dc8638a80b1
73,reduzida__alto,05.07.2022-08-37-18_v01.png,05.07.2022-08-37-18,1,1,bea79ffd97fd09cd975eeb84aa10cd654226a4af2109b10302906aa14450488b
74,reduzida__alto,10.05.2022-09-52-10_v01.png,10.05.2022-09-52-10,1,1,3e2e7c3728e102a4c6c4c600e0ce17e1e36fde6c98d2bbe987ea2721f9aa1100
75,reduzida__alto,13.07.2022-13-59-21_v01.png,13.07.2022-13-59-21,1,1,02d558fdf974db08454764bade3a5ca6c0daf787bfefed80388092213ca2e501
76,reduzida__alto,12.04.2022-08-46-51_v01.png,12.04.2022-08-46-51,1,1,91a7b0fbe43b12c3257351d847a4628176d057cb7abe479aa2b13d54bdf77a50
77,reduzida__alto,18.04.2022-14-23-10_v01.png,18.04.2022-14-23-10,1,1,71d72d24b41df3a0ab7ee50f09888b74085ea0e7bf46ee1815da43a7fdbb18b4
78,reduzida__alto,11.07.2022-11-09-25_v00.png,11.07.2022-11-09-25,0,1,51e4bdc22f3dabc3b936c33c19088e3ff51e303d7c62e6ff8a2982fd77732094
79,reduzida__alto,08.07.2022-14-58-31_v01.png,08.07.2022-14-58-31,1,1,345164420356873671cfec8d4862e2e51aab8a13a067b060e1a5e839d30d5ef5
80,reduzida__alto,05.07.2022-16-10-58_v01.png,05.07.2022-16-10-58,1,1,3bd2ebba2e1938487a271bff1df8b03de9304a21cd63202efd8200d13a6fa304
81,reduzida__alto,13.07.2022-13-35-35_v00.png,13.07.2022-13-35-35,0,1,b7cdf6e64cafc4d1bb59d0b47633b76df3e94bb4d77f1a3865618bce83bf6a38
82,reduzida__alto,05.07.2022-10-42-49_v01.png,05.07.2022-10-42-49,1,1,271dbee2f1eca49c9c96c6225292759ddd88655b7ca506ae1f9392e53cf14e0a
83,reduzida__alto,24.06.2022-09-45-34_v01.png,24.06.2022-09-45-34,1,1,3d202011ff41895c795bd7351e729728d2482a62e9c4d95a3bb54f8397d4432e
84,reduzida__alto,14.04.2022-10-21-56_v01.png,14.04.2022-10-21-56,1,1,a1b08fb2c6ed5f8afe4826eb9c211fba9d5ea8286ada87a2d2da110117bf0c59
85,reduzida__alto,18.04.2022-13-59-51_v00.png,18.04.2022-13-59-51,0,1,40fd085ff5af1a355cfdf78b67109d59c927ce046e51247bd17cf9a8caa45cb0
86,reduzida__alto,07.07.2022-10-30-43_v00.png,07.07.2022-10-30-43,0,1,925818b830ea8d537bd7375e32987468f80909b3759758f7fcc8ecce2f137e30
87,reduzida__alto,13.04.2022-10-36-51_v01.png,13.04.2022-10-36-51,1,1,083f214a5bdf785b057c06611213fb38c6d83ce7446f38a50145e593d98735ac
88,reduzida__alto,22.07.2022-16-00-19_v01.png,22.07.2022-16-00-19,1,1,841f291f6d3a35dc6eeba750346d2a6a9dd8b5f43acac49596e3c1283062c38b
89,reduzida__alto,23.06.2022-08-50-51_v01.png,23.06.2022-08-50-51,1,1,50c8591842df88886255faf91b47469d928f8079d46cf1b2bd143d204dc224b0
90,reduzida__alto,24.06.2022-13-59-37_v01.png,24.06.2022-13-59-37,1,1,baf6aacac6f1ab7b8084e1bd163962ab9f3514fc940a796521616cf3d1209fe0
91,reduzida__alto,11.07.2022-15-56-00_v01.png,11.07.2022-15-56-00,1,1,445aa0bf91bf629274c023bd14aa488b1342c48d5f9206bb775effeaf82b826e
92,reduzida__alto,27.06.2022-14-05-30_v00.png,27.06.2022-14-05-30,0,1,ba078ccb6fa3213111680a1027334eca257e931068c250bb962f98f573719884
93,reduzida__alto,23.06.2022-14-19-01_v00.png,23.06.2022-14-19-01,0,1,3bd0b4ffbf4ad7f9160209c8c228fdb0985ad82404f3f2ebb92cb4c388d76974
94,reduzida__alto,12.04.2022-11-05-33_v00.png,12.04.2022-11-05-33,0,1,3072ff27b67916afa9e1de4d7ce5c898675ce5334e8fe242e5d54e80a63ec00c
95,reduzida__alto,18.04.2022-15-04-03_v01.png,18.04.2022-15-04-03,1,1,0ce7e0cc63d24ddb2d98998e5b1abb8564b965459e221c2d39d079b6476fe6bf
96,reduzida__alto,08.07.2022-15-05-52_v00.png,08.07.2022-15-05-52,0,1,323578a5c56d73d8832a5711d68017a65f1aab010f5733e7f2b554d535e55841
97,reduzida__alto,11.07.2022-15-48-44_v00.png,11.07.2022-15-48-44,0,1,b133566bdd2f85b69e020c8d24fd29fef3835aa6eade6d7777e324c23368b0d7
98,reduzida__alto,04.05.2022-09-56-04_v01.png,04.05.2022-09-56-04,1,1,89fd575fe69c9ff50fa5f6a04b60db3a99ab1c1f49364df94c326e60007114df
99,reduzida__alto,29.04.2022-15-17-33_v01.png,29.04.2022-15-17-33,1,1,f4306eaa0bef28798da54b34ef142eb706fda66f0c5e96828ef846964230e7c7
100,reduzida__alto,05.07.2022-08-43-24_v00.png,05.07.2022-08-43-24,0,1,a840888b733c16e51a405319c994d2dfcd456f11adc093b06b495d658107a0ea
101,reduzida__alto,12.07.2022-10-39-34_v01.png,12.07.2022-10-39-34,1,1,c1d11f0096368e0c78315773666cdd1fb9147bc57a2afa4b69102b6f48d4e51c
102,reduzida__alto,28.06.2022-10-22-39_v01.png,28.06.2022-10-22-39,1,1,8dd409aaae5f2a269e9c490a405992695e20c3f226aeb69cb8a091a3effe2023
103,reduzida__alto,05.07.2022-09-31-40_v00.png,05.07.2022-09-31-40,0,1,42c359a278f05ae0ac2eafda7af4f7b14541767fb0ae552113f4e65e3d276d5f
104,reduzida__alto,13.07.2022-13-56-36_v00.png,13.07.2022-13-56-36,0,1,2df5e802f717d92fad784c7e25cbb94a02e3ce64c080816292d7c113abf9edef
105,reduzida__alto,24.06.2022-11-04-12_v01.png,24.06.2022-11-04-12,1,1,7a6433c35b63472daf086105b5e897c39f3e77b0395604cec6560c6875ad7a5d
106,reduzida__alto,13.04.2022-14-58-22_v01.png,13.04.2022-14-58-22,1,1,7225232ee2d19720ccb62b2d8b65e62d3ada3481c788969ce9bd66aa23d04c1f
107,reduzida__alto,13.04.2022-14-57-07_v00.png,13.04.2022-14-57-07,0,1,230a5a2fc935252f552918eeadaa58e6d37cb4f2468ff56072efd13eac810185
108,reduzida__alto,05.07.2022-09-32-00_v01.png,05.07.2022-09-32-00,1,1,036d5f70b49f01e350bab32acf972c21200d81d906fe761cc44e9a8a79c1092a
109,reduzida__alto,27.04.2022-10-48-41_v01.png,27.04.2022-10-48-41,1,1,95091cda2bcd040769705c7f9caf9857aefb345da436943eb42218dcf064b5a6
110,reduzida__alto,14.04.2022-10-25-38_v01.png,14.04.2022-10-25-38,1,1,432d6aac644fe790134546f0ab1fa901725e5c14d4769d9ca0d97c1186cafbaf
111,reduzida__alto,05.07.2022-09-05-24_v00.png,05.07.2022-09-05-24,0,1,762d4b945d54d09f5dea00b2615ad466a5f7e96f6b16a9b1d9d72f571598402c
112,reduzida__alto,04.05.2022-11-26-16_v01.png,04.05.2022-11-26-16,1,1,d3537cfd67c81c8d32a211424795bcfa9171faa27e851c1fa15c2a98d2c7e3bd
113,reduzida__alto,08.04.2022-09-49-34_v01.png,08.04.2022-09-49-34,1,1,aa644a2db55f5d75fad63b206300010499f30a9f98432b4a4b18349a252f2435
114,reduzida__alto,09.05.2022-14-03-37_v01.png,09.05.2022-14-03-37,1,1,2e859bbabe0a7639fd12cd1addd11ffcb06dcd9021716fe4ec77a4883e0787d3
115,reduzida__alto,13.04.2022-14-57-07_v01.png,13.04.2022-14-57-07,1,1,efd8a2b7941e12721c383c6b50e25acc0a76c166f835c2669d0435bc08b694d6
116,reduzida__alto,09.05.2022-14-02-25_v00.png,09.05.2022-14-02-25,0,1,6f5b4b431b5569fc230a01d664c6f70037326ae29bed52418ecd89d3a46c86e1
117,reduzida__alto,20.04.2022-11-24-00_v00.png,20.04.2022-11-24-00,0,1,ca379592817eed787751d16a904f6008a0ab05705c01df2ab8a4737351804b21
118,reduzida__alto,27.06.2022-09-17-36_v01.png,27.06.2022-09-17-36,1,1,580dcc061a47ff44e2497030662bcd4975e912ae3efd0d38f8327415c1271e18
119,reduzida__alto,09.05.2022-09-15-25_v01.png,09.05.2022-09-15-25,1,1,ccb593bf9b6a00f7b089f522d7ae97a514d074f72e7bdb558c50083c10f5b75c
120,reduzida__alto,13.07.2022-14-01-41_v00.png,13.07.2022-14-01-41,0,1,fd0b4e1919781b914955774afbeb9956d1cbc1e847d47bbe3e7e6fa35dcc5056
121,reduzida__alto,23.06.2022-14-11-03_v01.png,23.06.2022-14-11-03,1,1,26830c09a0b6fea1547539d43eac06d9d6b7dee3e2fec11f4f4c81ee86d6bfa7
122,reduzida__alto,08.07.2022-15-11-52_v00.png,08.07.2022-15-11-52,0,1,fa98fee5d2e6c6f6aca6c60454f345c16502ee14921548bed29c95a36a17f5b9
123,reduzida__alto,28.06.2022-09-34-51_v01.png,28.06.2022-09-34-51,1,1,de626437e3f33f70cbd9764dd4edccd7d341d63514c8779d29fccf8104675446
124,reduzida__alto,22.06.2022-14-08-54_v01.png,22.06.2022-14-08-54,1,1,5bb7b613df7fd8046c592f70decb667846eab3a96e604fd5dd7a1a57a2b95e0c
125,reduzida__alto,22.07.2022-09-58-57_v00.png,22.07.2022-09-58-57,0,1,b4cc17aa999200bcb9b49e30a1ee840ec6b48a9be527a8011e11e363d935f8a3
126,reduzida__alto,20.04.2022-09-49-13_v00.png,20.04.2022-09-49-13,0,1,2471be75ce04471a27ba7ea373f801888768fc23a23e9e502e3c7344675252cd
127,reduzida__alto,13.04.2022-09-35-52_v01.png,13.04.2022-09-35-52,1,1,68394b346806b21863271b1eb9e6cdc11e893f22a63f35496f8066fa68cf4125
128,reduzida__alto,13.04.2022-10-47-47_v01.png,13.04.2022-10-47-47,1,1,83a5c4275c2c4f39413be2e15467174ad287c5187f9a2a6c97a28bfb9c73a32f
129,reduzida__alto,05.07.2022-14-53-20_v01.png,05.07.2022-14-53-20,1,1,cc9a4f9e2d279fc025b2cb0ada79959c319168b3b7038263298a4549c9d07367
130,reduzida__alto,24.06.2022-09-29-02_v00.png,24.06.2022-09-29-02,0,1,d8e2a4e8c6cde327cae1a316ace3433e4ea5be132173f71623c13262aa039c2c
131,reduzida__alto,13.04.2022-15-56-30_v01.png,13.04.2022-15-56-30,1,1,4e413aa661e9abc7faf532f761842b74d0dd79c0bfd85b89b6c1a2ac44bc15c4
132,reduzida__alto,05.07.2022-13-51-18_v00.png,05.07.2022-13-51-18,0,1,55eafa8ed2b398e00aa43d86b8e25f51a2f524cb26876bc96ba979200a6f01fd
133,reduzida__alto,24.06.2022-14-50-21_v00.png,24.06.2022-14-50-21,0,1,4dbf968be5712411c22027dbebb244c81a201d74fe09ce26ff6d58c785efd603
134,reduzida__alto,23.06.2022-08-40-15_v00.png,23.06.2022-08-40-15,0,1,85078c25ff9b7efad3691f2d7216c08d76ccee9d12c53cd98a16631af1db3171
135,reduzida__alto,22.07.2022-11-16-33_v00.png,22.07.2022-11-16-33,0,1,1584a7f373df81d2c772a65bcfc3a3149282c2ad24dd400cf655e529ea7d1f8d
136,reduzida__alto,10.05.2022-09-07-17_v00.png,10.05.2022-09-07-17,0,1,9e2af0cdbbd6ee11cff2b35d0d0af9cb610574d9256d06db1a787b34091acc2f
137,reduzida__alto,08.07.2022-15-11-52_v01.png,08.07.2022-15-11-52,1,1,10df619d0479b75d3f50e8ae6a26150d06e91bcf36a0712ddcc08d7629a378a6
138,reduzida__alto,24.06.2022-13-58-24_v01.png,24.06.2022-13-58-24,1,1,594e673cadb2ee393b5aaeb4cafc65536e702954988f820d44bb0b30d6c53b73
139,reduzida__alto,28.06.2022-11-09-33_v01.png,28.06.2022-11-09-33,1,1,f8e6aaafe667f4520302c7bac5f17b38d9ba463508f543386cdc91c02c483517
140,reduzida__alto,11.07.2022-15-48-44_v01.png,11.07.2022-15-48-44,1,1,9a8855678d1c939b31c72ecfd24ffdc6fe74af948985d5d67f35fa95f677eee7
141,reduzida__alto,18.04.2022-14-17-06_v00.png,18.04.2022-14-17-06,0,1,eb14655dd2ef3d6569f27343588dba211df44580b3d790443e528b82f0d6177a
142,reduzida__alto,20.04.2022-09-45-50_v00.png,20.04.2022-09-45-50,0,1,3e1c15d7dde2e5c4e57138b6eba4a5acd03a1a9376f0331987626480ef4e9b08
143,reduzida__alto,04.05.2022-10-29-21_v00.png,04.05.2022-10-29-21,0,1,9cf9fadcd2a6bb7eb5d7f9c09f7d4c6396f3e56daff18c95f5f257abd258e1cf
144,reduzida__alto,04.05.2022-15-50-50_v01.png,04.05.2022-15-50-50,1,1,a2da07fb083deaa9bdf8a8cdfad1c512ac3bb0a6ba71c323f1de496ddf6f9f27
145,reduzida__alto,27.06.2022-15-58-11_v01.png,27.06.2022-15-58-11,1,1,964dbf47a842f58e6234bb49e79f0d14162cf04828da9534bbc7ed7e4f17b3e5
146,reduzida__alto,20.04.2022-10-46-40_v01.png,20.04.2022-10-46-40,1,1,274815cc2d6d41f4fbf12124af699cc1c343cc1ef6c235e4d95d57ad35cd4e3f
147,reduzida__alto,22.07.2022-14-19-14_v01.png,22.07.2022-14-19-14,1,1,666038697464a5d4918e408f23b0b8872ec6140bdf1d73de21f4c48360722241
148,reduzida__alto,18.04.2022-13-49-30_v00.png,18.04.2022-13-49-30,0,1,3515355b27de5fd70f2019d189e3f3be06175950fd48637225101d9e637e53d4
149,reduzida__alto,13.04.2022-14-44-28_v00.png,13.04.2022-14-44-28,0,1,fed5f89ea465d7b855d843326159eb3f0085cccd2457fbfd927fbedaf6680f70
150,reduzida__alto,08.07.2022-15-24-16_v01.png,08.07.2022-15-24-16,1,1,d0cd598d2d8d05275f963f3accbbfcdb9c7f89ac8fa5f124c5d37032c0d7aee4
151,reduzida__alto,13.04.2022-13-34-49_v01.png,13.04.2022-13-34-49,1,1,2a57f527018f383aa0e013e4a3784d63df93324b36ee8f8563f252ca87b0d697
152,reduzida__alto,05.07.2022-11-12-43_v00.png,05.07.2022-11-12-43,0,1,0257682516f03e17f8b4e22385721271f7007ead5841c2dc37c07d2d4daf8751
153,reduzida__alto,08.07.2022-15-01-35_v01.png,08.07.2022-15-01-35,1,1,b790b4a685e06e7fde624020a3b9257d630d113d5f00f1d4d2df792473c0c29b
154,reduzida__alto,20.04.2022-10-02-48_v00.png,20.04.2022-10-02-48,0,1,b6454a302c570a26e70d8545d377471b8ddebfcefefe1e90f3b5390a2d11bfd7
155,reduzida__alto,18.04.2022-14-31-15_v00.png,18.04.2022-14-31-15,0,1,ce875ff84352e9811562ee35e2b7bdf73729dc5ec02ee537dffb1c52436b5d0d
156,reduzida__alto,07.04.2022-11-17-25_v00.png,07.04.2022-11-17-25,0,1,fc432cae74c1872bf27605ebcd322ef7e9bb7dcae0a350d5e9ab55aaa175a58a
157,reduzida__alto,04.05.2022-14-12-40_v01.png,04.05.2022-14-12-40,1,1,1d5b4c367bfda53d6a5de4cd5faf09da33696e99173e8c5bc806648d12f1cd77
158,reduzida__alto,05.07.2022-14-09-27_v00.png,05.07.2022-14-09-27,0,1,17b8f0a58d3a7bbfa4cdf0e19ea92db5a472c5e104863d746d8b11928cb0660a
159,reduzida__alto,28.06.2022-08-28-29_v00.png,28.06.2022-08-28-29,0,1,875c3e7ad8ff11628531116290383207a5ae3a4959a488d11eb6069b7c29aa5f
160,reduzida__alto,24.06.2022-09-46-42_v00.png,24.06.2022-09-46-42,0,1,0b90d93bf39bf5a1616c06d866166689baa98d87fce2323e0f087c2dc23123c0
161,reduzida__alto,05.07.2022-10-36-11_v00.png,05.07.2022-10-36-11,0,1,d9afd36f2062a0870524de112608435cff0bc8e7a92d9c2e61c13b4119818ef0
162,reduzida__alto,10.05.2022-09-00-37_v01.png,10.05.2022-09-00-37,1,1,13cd5e8ab37a69a175ce8f3e22d7d45c72ce40765caf760a733a1098666092b5
163,reduzida__alto,08.07.2022-15-19-54_v01.png,08.07.2022-15-19-54,1,1,1fa98e12d9822a7710b278cc5cc3bdc2c94eadf548563169b98dd517aa04a241
164,reduzida__alto,22.07.2022-13-56-51_v00.png,22.07.2022-13-56-51,0,1,34bf7a77d26ec4ec16e0485863ee6562e656f135be924cd18f81ff8a7a1f2a21
165,reduzida__alto,07.07.2022-10-33-08_v00.png,07.07.2022-10-33-08,0,1,f74d75a5af6935a2f05785c37ab29b91a85f5a65df7cc1e36ddcafb73c791c6b
166,reduzida__alto,24.06.2022-16-13-33_v01.png,24.06.2022-16-13-33,1,1,5f3f26f2a5633e8b0b49fee8de30238984f611a3bd114eda0c922420909ae629
167,reduzida__alto,27.04.2022-09-06-34_v00.png,27.04.2022-09-06-34,0,1,79753f53f77d090b9650a70e1317d13d487038436256b7c1271108c0fec820b7
168,reduzida__alto,23.06.2022-08-53-46_v00.png,23.06.2022-08-53-46,0,1,432ad77404b686b466c707395d56fdf68eaa040943f132313b1c3eabf4919f27
169,reduzida__alto,28.06.2022-09-54-07_v01.png,28.06.2022-09-54-07,1,1,66a3942b0974222a7037f090f320f2bd8e130bd07deba5980c209a50e552078e
170,reduzida__alto,05.07.2022-09-39-22_v01.png,05.07.2022-09-39-22,1,1,c3c69bc3c7e0b884c1f0bf8bf70d32a9648493f02d8ce051b6061cec017a3930
171,reduzida__alto,10.05.2022-10-44-54_v01.png,10.05.2022-10-44-54,1,1,0fe57bdb44b8e6bb5cace508b06d340695edcaee2317cae5c409cd33bbfaf41c
172,reduzida__alto,24.06.2022-13-49-22_v00.png,24.06.2022-13-49-22,0,1,fad3fec82791322a3541c50958215246f43d2389c4930583b8dfa701f33a1aab
173,reduzida__alto,05.07.2022-10-36-11_v01.png,05.07.2022-10-36-11,1,1,3c8be455488d6beba631b4389cf1e2ffb47a9af71c049974a2d1c15cd5953ce2
174,reduzida__alto,23.06.2022-08-28-33_v00.png,23.06.2022-08-28-33,0,1,54043a704c2cc6ef8a0bfa55beb79266dfebbfad8d8b2c4f1f94c9839ff9524c
175,reduzida__alto,07.04.2022-16-07-03_v01.png,07.04.2022-16-07-03,1,1,4907060279539233a8d087a99a57d7d01029bec3ba880a800341648e9770e309
176,reduzida__alto,28.06.2022-10-53-13_v00.png,28.06.2022-10-53-13,0,1,f3b2ae1c7bc9f1a34fadc25139fbbd9500a25422d9255ab127a75f97744ea422
177,reduzida__alto,28.06.2022-10-56-03_v01.png,28.06.2022-10-56-03,1,1,9c35a4efa9ce52266db4c3435658a2e5786d352c654144fddb8f36bef654fdf2
178,reduzida__alto,18.04.2022-16-11-33_v01.png,18.04.2022-16-11-33,1,1,b18c496ce77b22a5c6b95c05b764ff66f82eb943645f029bfb24051045d2e1bf
179,reduzida__alto,13.04.2022-15-23-22_v01.png,13.04.2022-15-23-22,1,1,565b461f70b51d5ba3cb527ac197416fd4adf2af1bad3faf43154a696463d656
180,reduzida__alto,10.05.2022-10-41-54_v00.png,10.05.2022-10-41-54,0,1,1418f383be1203e895500ae2b7b989e49c6dd954730fb8f59462f0cecae5422c
181,reduzida__alto,08.07.2022-15-02-29_v00.png,08.07.2022-15-02-29,0,1,87ea166ba998df24f05865c3af5c4ba32e7a84e5660362d1d21ed9320f17f87f
182,reduzida__alto,27.06.2022-09-20-37_v00.png,27.06.2022-09-20-37,0,1,c3743f517a04b9b22f5626959895fd52047b51f72a0ceb1f789a473f4c6ac63e
183,reduzida__alto,14.04.2022-15-32-52_v01.png,14.04.2022-15-32-52,1,1,02fd78b4c48bda4f6ff34a13d41c94974d10d7c614f39bbb66d92d9b807e37e0
184,reduzida__alto,22.06.2022-14-09-44_v00.png,22.06.2022-14-09-44,0,1,879f26d5aaffea9ead81ccecc40b1135c91bf2871c54e8f097dd2735b8482c44
185,reduzida__alto,07.04.2022-16-02-10_v00.png,07.04.2022-16-02-10,0,1,29bfa031b48a9b125176f0150c12a60c7e9bbf6940bb44ab408696e4169fd56f
186,reduzida__alto,24.06.2022-09-22-30_v01.png,24.06.2022-09-22-30,1,1,98a3551e9a8f505a6019567b65f9b171acf05843db1144259f5ced6bc97fb90c
187,reduzida__alto,27.06.2022-09-55-21_v00.png,27.06.2022-09-55-21,0,1,7fda4b80a176a0d868319a1bdb23832d60021331c939ef49a4edeffc88a5a2c6
188,reduzida__alto,12.07.2022-10-45-01_v01.png,12.07.2022-10-45-01,1,1,d498d15c20d4ec333d1b8d8ed402baa1c3f26b5268746bd86a8a5b9a5924bbe0
189,reduzida__alto,28.06.2022-09-54-32_v00.png,28.06.2022-09-54-32,0,1,b7457129d4f7e6600ad096ac09774d4729fc0dab7a7d0e7ea5dae5121ea75084
190,reduzida__alto,10.05.2022-11-15-48_v01.png,10.05.2022-11-15-48,1,1,202d72a118c25f3cd8b38fb0754a5e5913bcaca52fd66249d2f6aa6e61e03d07
191,reduzida__alto,28.06.2022-11-15-43_v00.png,28.06.2022-11-15-43,0,1,df2d413ac4695a8fadb265b7383c64daa462833cb0c5ef59c8c17cb4ee1e33a9
192,reduzida__alto,27.04.2022-16-03-13_v01.png,27.04.2022-16-03-13,1,1,d98c30bef2a23a104241bf2957bece6366c6ede0a719f1fd5f972a99825a498d
193,reduzida__alto,09.05.2022-14-02-25_v01.png,09.05.2022-14-02-25,1,1,893693f50802bd636b52cb9a960b62ac11bdee5d39b3207291a435544f1a55c1
194,reduzida__alto,23.06.2022-11-00-51_v01.png,23.06.2022-11-00-51,1,1,4cab43c65105d40adb635973c889ab31abae2e4903fdd6874307ab0d787cf5c0
195,reduzida__alto,22.06.2022-14-30-07_v00.png,22.06.2022-14-30-07,0,1,ef0504324f4f07dea02aa09b8760018ba76f966441d249474762caf1c67cd785
196,reduzida__alto,12.07.2022-10-35-49_v01.png,12.07.2022-10-35-49,1,1,41a3b84e827f42d02fb25708330847cc7b24dc6e8cdb0d9a69853612a5269816
197,reduzida__alto,04.05.2022-14-56-02_v01.png,04.05.2022-14-56-02,1,1,40e9864f78f863a8bf0fb64a19a6ddd094e478529683d895462aae31b098c4ff
198,reduzida__alto,23.06.2022-09-13-01_v01.png,23.06.2022-09-13-01,1,1,9ee570f981f0f41b93b6cd9880f05b7a87094e605bce04513c4df42693bba4e8
199,reduzida__alto,04.05.2022-14-38-51_v01.png,04.05.2022-14-38-51,1,1,fc90dba3fbf70bbcb6d7715335bf398670954c17ceb4a0c2018b96bc37f91fb3
200,reduzida__alto,23.06.2022-10-53-20_v00.png,23.06.2022-10-53-20,0,1,ffedb57a54f5cb506084475f4c7c2b0eda19305f2668e6231161efeb6d335729
201,reduzida__alto,20.04.2022-09-39-33_v00.png,20.04.2022-09-39-33,0,1,1b5ad31913a3694150df1a3b9b3ccad12a287eff48598b90dbe4ecad49c7e44c
202,reduzida__alto,10.05.2022-16-21-21_v01.png,10.05.2022-16-21-21,1,1,7eb1ee572cd0c9676e95534a67eb2a421caa774ac081da6df7672638952e58d0
203,reduzida__alto,23.06.2022-11-20-28_v01.png,23.06.2022-11-20-28,1,1,84c8b2593e3f48f6163641b3ecae7e73b6796954d9631ecef53ff7a4feba72c2
204,reduzida__alto,08.07.2022-14-50-41_v01.png,08.07.2022-14-50-41,1,1,2ac0fbee299f16be2273e91cd10496de776a458d8a39e1256e64b4e9b683e22c
205,reduzida__alto,13.04.2022-14-40-24_v01.png,13.04.2022-14-40-24,1,1,9b405ea7f6c73f30fd5a0592700b031770a7824026d74244a394c85deea55510
206,reduzida__alto,11.07.2022-10-45-41_v00.png,11.07.2022-10-45-41,0,1,e41c62aa9193e9b37d75652fcd6f1a35d14af5c6c7d5d9796494d5d63c0df7ff
207,reduzida__alto,24.06.2022-13-58-24_v00.png,24.06.2022-13-58-24,0,1,7cb135349d07728f8396ca95e9ea7fb92c2c7bcd1afc745f8d0ad8bc47b213db
208,reduzida__alto,08.07.2022-15-01-09_v00.png,08.07.2022-15-01-09,0,1,a65ff68266b2456c0b8036d02c877161290f943e0dd07c44edc15959bf24a1b1
209,reduzida__alto,27.06.2022-09-05-50_v00.png,27.06.2022-09-05-50,0,1,dd928eb7bcbeb2635134f518efa7fee0194bfec66aa0dfb333c64a3fcc85f4d7
210,reduzida__alto,05.07.2022-08-38-44_v01.png,05.07.2022-08-38-44,1,1,f3badc3598a87d19082b891560e288a583ce7379b8409a7219d7d81832f772a2
211,reduzida__alto,28.06.2022-09-30-17_v01.png,28.06.2022-09-30-17,1,1,cc9c75f238e263d5977bb77258ec27775256fd218fe50adce89de84345f9bb27
212,reduzida__alto,04.05.2022-10-05-42_v01.png,04.05.2022-10-05-42,1,1,ef4dfabf1d1bddaf9ea0bbba76bfba32ff92d79f96c7db405eefd9c226600d9e
213,reduzida__alto,28.06.2022-09-59-10_v01.png,28.06.2022-09-59-10,1,1,7c26bae217159cc042f4b3a34fd4c345d982de84958f2e7e5f0db3b70afbf615
214,reduzida__alto,27.06.2022-09-13-51_v01.png,27.06.2022-09-13-51,1,1,33e4fca2bb5fcef1aaea2c03a2dc204ceac955fe630e5c88be172c05628c545d
215,reduzida__alto,12.07.2022-09-59-53_v01.png,12.07.2022-09-59-53,1,1,ea057abdc9193bc2197f9b6e6e3b3a12a81a3a3f302ca01b52cd9aa99ecaed43
216,reduzida__alto,22.06.2022-14-03-47_v01.png,22.06.2022-14-03-47,1,1,e137335e2b29318ef75d89843061aded2d92416a29988cb05cdbc57ade236e1e
217,reduzida__alto,22.07.2022-14-07-52_v01.png,22.07.2022-14-07-52,1,1,dc434886af4799a86bca2cbec0e21b8c1b08cd64119ffbe51fe4f6556b9d0fee
218,reduzida__alto,13.07.2022-13-37-25_v00.png,13.07.2022-13-37-25,0,1,f5b90db0f98e8648e5673a575f229a20b4a25c24851d4ded3e04932f85c2e652
219,reduzida__alto,23.06.2022-14-27-53_v01.png,23.06.2022-14-27-53,1,1,ad68bc3363b5b2cc0df61d68502470bc17fc4698a6c41af2297ccdced20456e4
220,reduzida__alto,10.05.2022-10-42-32_v00.png,10.05.2022-10-42-32,0,1,4b9af9cc07a514a63706a9de0923f507ddf0df9016fb72c6d56af9f4f5760792
221,reduzida__alto,28.06.2022-09-23-19_v01.png,28.06.2022-09-23-19,1,1,c1d31caecec2b673445050402a8078f15be7fd71c29a033f2701426f6350a9b9
222,reduzida__alto,11.07.2022-14-13-17_v01.png,11.07.2022-14-13-17,1,1,101b64bc14f57d16bda2cda196d5babeab310636d1bd641a9be42057861815ff
223,reduzida__alto,07.04.2022-10-33-09_v00.png,07.04.2022-10-33-09,0,1,352ae0b7b4f233f1eeba6c9648719bdaf55a95c33e1957e21b266e6d65cf1733
224,reduzida__alto,04.05.2022-11-22-03_v00.png,04.05.2022-11-22-03,0,1,a1a0db173a61956be42d3bcf8e667acbbf7ad4b7ba1c6603af2a5fec1b1d7671
225,reduzida__alto,24.06.2022-15-55-19_v01.png,24.06.2022-15-55-19,1,1,3882cbf2af8dac02e2d96410d2438c8d1ae69163b27e115f67ea3f08f0751da5
226,reduzida__alto,07.04.2022-14-47-47_v00.png,07.04.2022-14-47-47,0,1,f6d2c18f28b8f273bdefe3b8e179619e5f91ff2d263e3d0385de0e09f7358cb1
227,reduzida__alto,12.04.2022-09-36-09_v00.png,12.04.2022-09-36-09,0,1,9ec9c62d3db3d00d7a18ff6ef88e1f4795eab000df2654a36fbc7d5a23697f20
228,reduzida__alto,05.07.2022-16-09-13_v00.png,05.07.2022-16-09-13,0,1,ad05a94844cbdcdb720e8fe08bbaf9bc720346cc1f30fc1455e6cd18f6474f3e
229,reduzida__alto,24.06.2022-10-14-43_v00.png,24.06.2022-10-14-43,0,1,afbd156e740ccd41fb5465d29c28a152abfb998f8c939ce6ab9fb777ae793ca9
230,reduzida__alto,11.05.2022-13-51-28_v01.png,11.05.2022-13-51-28,1,1,4393273b28f28b20d453247cd3aa147ca3a81d7fc30fe6533ad2bb178a35af9e
231,reduzida__alto,22.07.2022-11-24-20_v01.png,22.07.2022-11-24-20,1,1,c1c8264352b0d08b115a47e292439df15d7b2a1a0c3f03825041550c3ef800fc
232,reduzida__alto,18.04.2022-10-45-32_v00.png,18.04.2022-10-45-32,0,1,1e5de27394956710375b81ea8f48969ae2b972510607a87539e23b924a7e223e
233,reduzida__alto,20.04.2022-10-07-41_v01.png,20.04.2022-10-07-41,1,1,86f9a08088dea1a4736c228c0de9b05afab4d15308cca296170c281e5b03fdd9
234,reduzida__alto,28.06.2022-11-42-23_v01.png,28.06.2022-11-42-23,1,1,96b4c96abbf72788d1018ff464c811b1968f3be7f3c7a9765b6d2fcc97b8a517
235,reduzida__alto,24.06.2022-14-43-46_v00.png,24.06.2022-14-43-46,0,1,ee3040424e2bb7846d7ca30f284f22981955db3730ea43f3c6015e39ed7281c1
236,reduzida__alto,27.06.2022-14-41-10_v01.png,27.06.2022-14-41-10,1,1,a0de1ac105580db925138148df698fbd2dbe2d26cc83e8963b83a04bed338d4a
237,reduzida__alto,05.07.2022-14-00-56_v01.png,05.07.2022-14-00-56,1,1,fd7f7ff217610d102fe673b8bca20105eada58080e2f74287f67e9e5dc080c30
238,reduzida__alto,08.04.2022-09-21-56_v00.png,08.04.2022-09-21-56,0,1,e24858ee6a71cb2711c24473daf366a7fa3779f2285e52d1c2eaca1082d64f2c
239,reduzida__alto,28.06.2022-11-03-47_v01.png,28.06.2022-11-03-47,1,1,9c3f48250c8b0f5f5af60dc01a499ce0e4a4c4985f8414893da7b363e3a22d39
240,reduzida__alto,12.04.2022-08-43-34_v01.png,12.04.2022-08-43-34,1,1,f030c1549245422334bbd95f5e15060f72fdd7c91effb98ba63ed990a7b5ec14
241,reduzida__alto,20.04.2022-11-05-39_v00.png,20.04.2022-11-05-39,0,1,511480d6e83692f6259981da965b2874f32b5537f89dc3600c96655153a25ee9
242,reduzida__alto,12.04.2022-09-50-20_v00.png,12.04.2022-09-50-20,0,1,d660276de373011d7382703c581ae77ed505172d3e5359a514f12d8949af0ca6
243,reduzida__alto,22.07.2022-14-23-29_v00.png,22.07.2022-14-23-29,0,1,76dc35a3b9b05dc6dc556b21236eade5bffd39990d133f7cce1d22f4f595b427
244,reduzida__alto,12.04.2022-09-08-33_v01.png,12.04.2022-09-08-33,1,1,e81e01f021e5ae65049c908805244f5c2e4455c3040fe83e4069445e8ba5913e
245,reduzida__alto,29.04.2022-15-10-15_v01.png,29.04.2022-15-10-15,1,1,9de480627ad3aa510c78b03c56c72444b8895eed5764f622d7008831c6a09b2c
246,reduzida__alto,08.04.2022-09-43-25_v01.png,08.04.2022-09-43-25,1,1,e2374187db5f43d49283a7a2e77c51d2e3c443beffd70517c87cc4c32ebca5b2
247,reduzida__alto,08.07.2022-15-05-52_v01.png,08.07.2022-15-05-52,1,1,698d908e16b1904eabfba5074e8ade1781ad0def607b1d9bf4100a00859911a5
248,reduzida__alto,07.04.2022-15-22-21_v00.png,07.04.2022-15-22-21,0,1,525c4522c2415fb30946f87909633327c1af3a017397aa46f78288bfe648cd3c
249,reduzida__alto,18.04.2022-14-22-05_v01.png,18.04.2022-14-22-05,1,1,15229c8b13023948dd4ba06c738e49cb6f53c1979d08e60459cf8c403eb0a6b2
250,reduzida__alto,07.04.2022-11-02-16_v01.png,07.04.2022-11-02-16,1,1,2fe580e0e0bf6cf2e559721f4197c264179a1adde09bb740b2e952942919f4af
251,reduzida__alto,27.06.2022-14-05-02_v00.png,27.06.2022-14-05-02,0,1,3766ef8e61573c471819d7461dafce7c6a8b05aef7ff1884e571024b52c9c01a
252,reduzida__alto,23.06.2022-14-27-53_v00.png,23.06.2022-14-27-53,0,1,605acad305a31c2d41e3d348dfe447ac20c05cc600539b31eda15625cef52328
253,reduzida__alto,24.06.2022-15-13-05_v01.png,24.06.2022-15-13-05,1,1,4b5c76796a8c469debcf253c2473a1c7cc9663ac5e18d0d3e33d35bcee1990d3
254,reduzida__alto,04.05.2022-14-10-01_v00.png,04.05.2022-14-10-01,0,1,09cc2be33dbb86906c798de3711f4524af2df3e099fbb1b68f0715b8d6ac3a86
255,reduzida__alto,13.04.2022-14-39-41_v01.png,13.04.2022-14-39-41,1,1,d7d042b74a32b51193fec8cc56d1cdfe248130c34425cb47aa8f02d32a67e88a
256,reduzida__alto,14.04.2022-15-41-09_v00.png,14.04.2022-15-41-09,0,1,94ebba06da6a1991b4a73e243b98c6f75154d47e369022657f434f2f90d76c8e
257,reduzida__alto,05.07.2022-09-05-49_v00.png,05.07.2022-09-05-49,0,1,2cf688ba59f15a67627d7bae29e393864f2646fa7eeb823a965475260cdf72a2
258,reduzida__alto,05.07.2022-09-47-05_v01.png,05.07.2022-09-47-05,1,1,bcaede36e45719c5d1995056f6b938800bcf9e079fb2ef580770b17352e9f9a5
259,reduzida__alto,13.04.2022-15-07-51_v01.png,13.04.2022-15-07-51,1,1,6af93b8c8c13c86198ce3f04fb93b14f3f1b6e32ba92093b5959203f9722a72f
260,reduzida__alto,22.07.2022-15-47-30_v01.png,22.07.2022-15-47-30,1,1,f1f716c09625b32243bad62f9975423572901fb22a105a5aaa1f000877639dc0
261,reduzida__alto,22.07.2022-11-08-54_v01.png,22.07.2022-11-08-54,1,1,e15b446b84e66b03a74c2fa8b26b5fb278322de176b77af5c0d063ffc70d14c6
262,reduzida__alto,27.04.2022-10-40-58_v01.png,27.04.2022-10-40-58,1,1,e9b3d5c8784803008cdd18b1dd03ae9d626df8c46bdcea94856c75457faf8254
263,reduzida__alto,24.06.2022-09-47-55_v01.png,24.06.2022-09-47-55,1,1,ee298d97cad3fe9501ff2bb8931928fff9049483f6173a938a2078fd1e2296a0
264,reduzida__alto,04.05.2022-14-41-45_v01.png,04.05.2022-14-41-45,1,1,2dea785753af9b09c9a5bf38923a5fe10359be665de53fa6185b9513ad503107
265,reduzida__alto,13.07.2022-13-36-50_v00.png,13.07.2022-13-36-50,0,1,441b535272607852d0ad2eb439fdca0d95acf45dbf04a90dc3c73f033a51c10c
266,reduzida__alto,27.06.2022-15-49-41_v01.png,27.06.2022-15-49-41,1,1,e621cdaa3c03775c1c59232eac46eec08cc2e2ec26fbd16d4d19b05305d3bafd
267,reduzida__alto,18.04.2022-14-33-22_v01.png,18.04.2022-14-33-22,1,1,50554df93af93db9dc78d485a64142b117db858dac32b6a293a3d408b044a505
268,reduzida__alto,22.07.2022-15-45-22_v00.png,22.07.2022-15-45-22,0,1,310b39dfda5393b1adec1b5c7e6bcdf79ce218ba9de5eb8f656e25b4bc0812ab
269,reduzida__alto,18.04.2022-14-18-53_v01.png,18.04.2022-14-18-53,1,1,620616ef86448f351772b82c4aa40ae0cb732e4fe5d613a25bddbc50b5934b24
270,reduzida__alto,14.04.2022-10-16-57_v00.png,14.04.2022-10-16-57,0,1,29e977794f05b36703fcb271a9356c398c82a751e2ceaf7383395c7d0f9665d9
271,reduzida__alto,12.04.2022-10-04-14_v01.png,12.04.2022-10-04-14,1,1,d983cec705cf629cd3c8853c2c0661f0ce77d87fe7892097a84ace4096421993
272,reduzida__alto,01.07.2022-10-52-47_v00.png,01.07.2022-10-52-47,0,1,c9d68efe40c89328546ffdf2870b038118c804c7aa9df1192f1d721d37acfd0f
273,reduzida__alto,14.04.2022-10-15-46_v00.png,14.04.2022-10-15-46,0,1,237464d39e814419809d86b50d43ae70b5643e00dd86e6a7b7c5323764da593b
274,reduzida__alto,01.07.2022-10-51-03_v00.png,01.07.2022-10-51-03,0,1,4506cc4c524e17e610aa2c3b4016025aa5075d421f6fb2368d877e3d397a1109
275,reduzida__alto,12.04.2022-09-26-52_v01.png,12.04.2022-09-26-52,1,1,0e442b33773d455321f7d430af61752feaa1f541b7dbf4074d97cbf1bbd9508d
276,reduzida__alto,11.07.2022-16-03-51_v01.png,11.07.2022-16-03-51,1,1,65c471844fd13f0f178fe7706ea7ec3500783ecac1aa556ecb71c4fc687afdc1
277,reduzida__alto,28.06.2022-10-06-21_v00.png,28.06.2022-10-06-21,0,1,382a8df4dfaa98801df1ba622e5d3bde2efe6d8085f50d41a6a75a725802ce76
278,reduzida__alto,22.07.2022-15-37-23_v00.png,22.07.2022-15-37-23,0,1,10488efbb63ff159b13036bd09fc0a6f44582628a4a0be679e4f557f0116bb53
279,reduzida__alto,07.07.2022-10-50-56_v01.png,07.07.2022-10-50-56,1,1,8c9e4b502601bf8d32d45a20af4e5f788c9f88d444548ee675087044e039106c
280,reduzida__alto,22.07.2022-14-23-44_v01.png,22.07.2022-14-23-44,1,1,d30ff464d3e5c1aeaf128a6b35b1849bb601a7df5d1fe80d486d7de36085211b
281,reduzida__alto,13.07.2022-13-53-24_v01.png,13.07.2022-13-53-24,1,1,b9959453c4c6a634534c50fe9272da6ece459443d51da90eee8dca174fbdfcb7
282,reduzida__alto,11.07.2022-16-11-52_v01.png,11.07.2022-16-11-52,1,1,e375aaca2cb1cefb164360f9eff1f135617c5d432a2c77a937bbce329b233b29
283,reduzida__alto,09.05.2022-15-05-43_v00.png,09.05.2022-15-05-43,0,1,5193b15ce2282bfc9985845807673cbd8c594c6208d6a193301e2a2997632262
284,reduzida__alto,12.07.2022-09-58-58_v00.png,12.07.2022-09-58-58,0,1,82827570cc4c6b23c9dad58396915216b1a0358fe94702a2ca3acacecb82726a
285,reduzida__alto,09.05.2022-08-34-19_v01.png,09.05.2022-08-34-19,1,1,0f4c44195da36a601807a620d6e356eaca668962ef78a6619a7d2062b45b20e1
286,reduzida__alto,04.05.2022-14-08-57_v00.png,04.05.2022-14-08-57,0,1,b324d86fbd760dc79387608b61072bbd1fb6bb17dfbc5ea014277f587211e8ed
287,reduzida__alto,10.05.2022-10-21-07_v00.png,10.05.2022-10-21-07,0,1,4a4fb4112e21036d53c99a9e0b9b4f795a2bcdf7ac74e39ddb9b4684e8a83d17
288,reduzida__alto,11.05.2022-13-49-17_v01.png,11.05.2022-13-49-17,1,1,9970eb1dec71f3bed751d2d8b26ce8840ca558aa88fefa0523fcef2b9c2b0b25
289,reduzida__alto,14.04.2022-13-52-04_v01.png,14.04.2022-13-52-04,1,1,c9e7a001e9c36c7af2f8797cd3bafc944da62c7fafd5fb4819e721745ec27f35
290,reduzida__alto,23.06.2022-09-54-50_v01.png,23.06.2022-09-54-50,1,1,968cd2b40bb84cd2d983af244e17ef371360fa91ff6cbba5bd90737f918595e7
291,reduzida__alto,18.04.2022-09-45-29_v00.png,18.04.2022-09-45-29,0,1,f06c48855a29c1bb9fdcfd2855019b93f16ce62d6fea35d8dbd887c0726751ff
292,reduzida__alto,05.07.2022-16-10-29_v01.png,05.07.2022-16-10-29,1,1,acefb7835f8b8acffa370130f7bf95758ac118c128ec23f5d5a8c9ac61f18a47
293,reduzida__alto,08.04.2022-09-56-47_v00.png,08.04.2022-09-56-47,0,1,33908de6f2c801af0adf3887450a55a3e7b67287a3cbb8161359d9634d0a3c76
294,reduzida__alto,14.04.2022-15-57-06_v00.png,14.04.2022-15-57-06,0,1,44da11c1863830496e3196dd7e182e57c16b6ad82ecb2796cfdd893557f70429
295,reduzida__alto,13.04.2022-14-31-51_v00.png,13.04.2022-14-31-51,0,1,48f67619bfbb57ba417adb55c43c26252366f1a46db119e1a02d33c7205f4cbc
296,reduzida__alto,13.07.2022-13-55-43_v00.png,13.07.2022-13-55-43,0,1,227f9cacd296849b0ea437ba7e0c2d1d86b90086692b274aa02e2fb2280ba0ac
297,reduzida__alto,12.04.2022-09-48-48_v01.png,12.04.2022-09-48-48,1,1,98f99cc72af65f16e60f1a8dc743eaa1c2d16f75ef65f2394a3333a41c70c7c7
298,reduzida__alto,27.06.2022-09-18-42_v01.png,27.06.2022-09-18-42,1,1,3ae005dd0e44fbb33d198cd0ce177e981475a9108f5345c0b6725ab292416a81
299,reduzida__alto,14.04.2022-08-46-34_v01.png,14.04.2022-08-46-34,1,1,d10c3f7cf0fd8cf6e729dec7f3f807125a78cb3a00fdd964d076498f1df797f4
300,reduzida__alto,07.04.2022-14-20-47_v01.png,07.04.2022-14-20-47,1,1,faaa02ca9b6f980d4582cfd0f7cab0a39aea37c80f234e3be9fecf4c1807d0d7
301,reduzida__alto,18.04.2022-14-14-32_v00.png,18.04.2022-14-14-32,0,1,be37dce4e7e19928b217d43ddfa33a19ba3b0d91f982244911f4cf888a0f5644
302,reduzida__alto,07.04.2022-14-47-37_v01.png,07.04.2022-14-47-37,1,1,4e0826052e55f42392bb0ed0eb2fb0e4c0da3516d9c0eacd28976fc3036d2c4f
303,reduzida__alto,14.04.2022-13-14-04_v00.png,14.04.2022-13-14-04,0,1,167a9e815d9e3604232f7987ad681da4c79ac72d17d2fbe6788ecd7cb5fd407e
304,reduzida__alto,24.06.2022-15-55-19_v00.png,24.06.2022-15-55-19,0,1,dbba7eb437c311f3964278fb5053e97241205d2f726d3426d62ba860ec1b571e
305,reduzida__alto,22.06.2022-15-01-09_v01.png,22.06.2022-15-01-09,1,1,4640fdf31db785e5fac18604c855058681deb4b9d0a3019c9fcaa491cc034fb8
306,reduzida__alto,07.04.2022-11-01-27_v01.png,07.04.2022-11-01-27,1,1,848dd21b4c2d0c17a35539908a9ede25341fa7a88896d698d77d7dc942dd93c1
307,reduzida__alto,14.04.2022-09-11-45_v01.png,14.04.2022-09-11-45,1,1,fa774847f47642e5b13eefb32b4b57e7991040d573d8f649be310350caff68f4
308,reduzida__alto,22.06.2022-14-30-07_v01.png,22.06.2022-14-30-07,1,1,2a65a2e27c01b5d4e392fa2018372836d046f86312ab169e5151ff64a8196560
309,reduzida__alto,22.07.2022-13-59-51_v00.png,22.07.2022-13-59-51,0,1,327a8e672a6f44be1548fac0e4822e6c0cb5d9f777c60ab72ee1af6474f0f670
310,reduzida__alto,13.07.2022-13-53-53_v01.png,13.07.2022-13-53-53,1,1,a9a33fb33e2ad2d085b8b5745fc7c6aced78b1b7253a1eaa172ceeba32b00025
311,reduzida__alto,08.04.2022-09-42-22_v00.png,08.04.2022-09-42-22,0,1,2feb15a92efc30d4fbe57adfc7b406a115f0345e15f2cf9f2df47b26942c0657
312,reduzida__alto,12.07.2022-09-59-36_v00.png,12.07.2022-09-59-36,0,1,7f9f16fe87b40d67824e6c642aa0bc70d9e1392cc9077f95f6d493502b8bcd5c
313,reduzida__alto,10.05.2022-09-00-37_v00.png,10.05.2022-09-00-37,0,1,77fe8a7d8c4c03ce9f3c4fb7f8b696e5a1c7133d755490b360e7d81b9f3ea2f2
314,reduzida__alto,05.07.2022-09-58-48_v01.png,05.07.2022-09-58-48,1,1,1f07807dac0530f8b4b842b4ef390a2ed25c393b157776fdcef8d31f53b43ad3
315,reduzida__alto,27.06.2022-14-37-13_v01.png,27.06.2022-14-37-13,1,1,358a95f3050cc805d32b14d0e7be96fac11a786ce9a8326c2a63ff945b9d408b
316,reduzida__alto,11.05.2022-15-09-21_v00.png,11.05.2022-15-09-21,0,1,d2e64e3927bd8115e551a1c4c471e350184d85d6a20759a0c32567ec900ee0c2
317,reduzida__alto,13.04.2022-09-59-21_v01.png,13.04.2022-09-59-21,1,1,75bf7c75563a504c81288139aa283128b3cfaf268dc567e24d78bddeb8dae997
318,reduzida__alto,27.04.2022-10-36-16_v01.png,27.04.2022-10-36-16,1,1,f6bfe5dd67fcd113ccf207ea4e8ead183a390166e2bceb28d1395abdc978498f
319,reduzida__alto,27.06.2022-10-06-50_v00.png,27.06.2022-10-06-50,0,1,84a20c835eafdf07276be8694fcaa85da7116853cdb5429c2cf1871916976f78
320,reduzida__alto,28.06.2022-10-27-08_v00.png,28.06.2022-10-27-08,0,1,5160366ad4a173bb8eac3479ef18aaac8a761c56073c9db1d6a01982ce1118fc
321,reduzida__alto,23.06.2022-08-31-59_v01.png,23.06.2022-08-31-59,1,1,61375ce152fcc4c08d1d8b042892a4ccb4da910ef81cc85e17d6f6d0725a8fd6
322,reduzida__alto,13.04.2022-10-54-36_v00.png,13.04.2022-10-54-36,0,1,3f383384cc7f43bff21e5042d9c393301c38f902ed7ab38994ccd5c13e7ca7fb
323,reduzida__alto,18.04.2022-15-40-42_v01.png,18.04.2022-15-40-42,1,1,440aedfc592b68426b0b1923bf7e344a9647f398695fc11ebc80dbb6644fd980
324,reduzida__alto,28.06.2022-08-24-56_v01.png,28.06.2022-08-24-56,1,1,df4810387f2f428884158ace619749d98a5048fd58df60cd64e07ccad0178a9d
325,reduzida__alto,24.06.2022-14-09-15_v00.png,24.06.2022-14-09-15,0,1,f6e28eab3e747a6390e2269d30d206ce73dd1d882022785795340fa0bbc05b63
326,reduzida__alto,04.05.2022-14-36-55_v01.png,04.05.2022-14-36-55,1,1,1bf20a1bfd5a43c6b0d87f7ba175d0d39a7d8c8045f0b1c55fc58123ad58fb01
327,reduzida__alto,22.07.2022-14-32-27_v00.png,22.07.2022-14-32-27,0,1,f8d3b3a2419f099d739c2488c27c4deb5843fae69553e43ec56e11a4abafd493
328,reduzida__alto,22.07.2022-11-25-35_v00.png,22.07.2022-11-25-35,0,1,42b0c63b9f8d5be53f7855776597bea9e98fdfccf723ca4a2a5653a9a2d56936
329,reduzida__alto,27.06.2022-09-55-21_v01.png,27.06.2022-09-55-21,1,1,4972dd14005e8d762cb5ce71e3e31c2c1c0d0e1cb7ba26944d159c5aabc7fc94
330,reduzida__alto,12.04.2022-08-43-51_v00.png,12.04.2022-08-43-51,0,1,4a608b5e2586bfdeed5ecd2ac8cf59d7f88adeaaa7c5919651d974378ba8b693
331,reduzida__alto,24.06.2022-09-23-22_v01.png,24.06.2022-09-23-22,1,1,eae73ad385831aa8d85abbf3207526aa707e069ebf7a3e03dab29647fba35359
332,reduzida__alto,18.04.2022-14-13-22_v00.png,18.04.2022-14-13-22,0,1,aa1c6361780bce0625c2070e9b9766688842493ea031d4165088ed7a38d56d95
333,reduzida__alto,23.06.2022-11-04-19_v00.png,23.06.2022-11-04-19,0,1,4d4d2e48b2fb1128c5da00b6c0cd1c720d81cbce10d625f8890e142c7db62002
334,reduzida__alto,22.07.2022-13-58-14_v00.png,22.07.2022-13-58-14,0,1,ab42c058086ed9a9d86187d3ebc0bfca71106465750df432e2b7cf9c228ff6f9
335,reduzida__alto,24.06.2022-11-16-53_v00.png,24.06.2022-11-16-53,0,1,2ec704bcecb188b167fd85939632e1749dcb86800bf7fab29dc3295fc139ae21
336,reduzida__alto,04.05.2022-14-12-40_v00.png,04.05.2022-14-12-40,0,1,2653d6b9a123c5f46acdea7396bf358d3de7f0eb0df0a27d55476e63507071fe
337,reduzida__alto,22.07.2022-09-53-43_v00.png,22.07.2022-09-53-43,0,0,a59a83d4ed15cc6f8a1229c851b1d50bb06f7ea29a5aa875c11438e4f27d95af
338,reduzida__alto,22.07.2022-15-47-30_v00.png,22.07.2022-15-47-30,0,0,7a991394c2ff43d54a3360c9494c3b7e407a5c1f13292552693859c90ed61c08
339,reduzida__alto,10.05.2022-10-35-40_v00.png,10.05.2022-10-35-40,0,0,11a09cfddbe48c92072898026b1fad007fb8f1211b09790f3bf6a0d91212b7df
340,reduzida__alto,05.07.2022-09-57-10_v00.png,05.07.2022-09-57-10,0,0,c96b8a0bd42045cf0b1688b1118467f2f8886f0d73c8d690afcfcc955ab1b4aa
341,reduzida__alto,08.07.2022-15-22-21_v00.png,08.07.2022-15-22-21,0,0,4eee0a3d358aa2fd35aae20aec193949705c51c316b6d37dce08b51c5114bb2b
342,reduzida__alto,14.04.2022-15-35-12_v00.png,14.04.2022-15-35-12,0,0,8a9cf5dde7f089fa314f7b86da5963c98b580f23b74993405136587abcb16bc5
343,reduzida__alto,27.06.2022-09-21-30_v01.png,27.06.2022-09-21-30,1,0,049900a66ec0014ac35e0533b9287e10ad645473eba70de12f15a1a6e0b76afe
344,reduzida__alto,29.04.2022-15-16-00_v00.png,29.04.2022-15-16-00,0,0,78bdf430a2fa0c3e0dde2b8c3c4d4f215c46102c2b1b5f0a17e364a60faaec62
345,reduzida__alto,24.06.2022-15-53-04_v01.png,24.06.2022-15-53-04,1,0,a952465f8b74ffa703e8cc077548fe85419e4f1d2817d040736df32a5d037f2f
346,reduzida__alto,28.06.2022-11-09-33_v00.png,28.06.2022-11-09-33,0,0,0bceb6fcfd8881a280029518458619f5b733551ed22403c53d33a9ecd3c1e66c
347,reduzida__alto,07.07.2022-08-54-15_v00.png,07.07.2022-08-54-15,0,0,d9133cad87d1ec9b252a669f093fb126efc4ea2904e922544cdb63da95c48004
348,reduzida__alto,18.04.2022-13-41-04_v01.png,18.04.2022-13-41-04,1,0,976faa6cf693d98a26743397aa8f26ab1303260e900249ad18a0fa0f5d681953
349,reduzida__alto,23.06.2022-09-46-59_v01.png,23.06.2022-09-46-59,1,0,03be8ebded462d2049d75643bac4590175b490a4970d7a6651d0dea053afc06e
350,reduzida__alto,11.05.2022-15-21-51_v00.png,11.05.2022-15-21-51,0,0,c85af92ef800066beae06c83a0085b83cc2d8e1aa1945d1a1ed4ed6b4ed15289
351,reduzida__alto,07.04.2022-11-05-07_v00.png,07.04.2022-11-05-07,0,0,c1b29ecc17bf2c8f38ea4203fff09d256f8d5bc623e24070ff2369dbf3ffb259
352,reduzida__alto,27.04.2022-10-22-49_v01.png,27.04.2022-10-22-49,1,0,3324199052661aa1a31cb4e1df55fd0790b4352f9e025e19519ddb8be28e3932
353,reduzida__alto,23.06.2022-14-56-41_v00.png,23.06.2022-14-56-41,0,0,d77a5db0fc23ebac77b72e2449828b196df5c53422b4b83d5de411249922d3aa
354,reduzida__alto,28.06.2022-09-34-51_v00.png,28.06.2022-09-34-51,0,0,8f4daf953b65588e24fa2ec447558fb5636b21d49661a23d75dd9d5488d7d7c0
355,reduzida__alto,12.04.2022-13-22-48_v01.png,12.04.2022-13-22-48,1,0,39f18cafdee7238cf91ff1c535a44eb58ef539294a765a90ffdc3d7511144cf5
356,reduzida__alto,23.06.2022-14-16-46_v00.png,23.06.2022-14-16-46,0,0,5129c2c9b9c6fc2e97410088adbfe3915177ad46cdac4625e22e479cfdc11f5e
357,reduzida__alto,11.05.2022-13-48-06_v01.png,11.05.2022-13-48-06,1,0,bae1dc552f14c8992a03bdac0afdf1ccc062ab2fad6847b0cb966cda5a4ce06d
358,reduzida__alto,28.06.2022-11-31-07_v00.png,28.06.2022-11-31-07,0,0,3717813c03973bd234253d2a42354fd0c146c0b078cd09ebdf0d0a305506979a
359,reduzida__alto,10.05.2022-10-36-07_v01.png,10.05.2022-10-36-07,1,0,c96940df557b3a15eaed9ac9e966c2c0d021b9603140b083ad10a83a3b929fbe
360,reduzida__alto,23.06.2022-16-10-31_v00.png,23.06.2022-16-10-31,0,0,570b76f3ed1230fda3ed47f29ff8453f1724bc1740a900cec6fda891c841e9d1
361,reduzida__alto,10.05.2022-11-05-01_v01.png,10.05.2022-11-05-01,1,0,20ea96d18babbef1ed7393bd968fe40c40647b98189b6b28d5d1616a750976db
362,reduzida__alto,04.05.2022-14-09-15_v01.png,04.05.2022-14-09-15,1,0,4a861f79678baaf5e2da4a6b83bd23ddd00f5375be5abdf807726368d6077e61
363,reduzida__alto,18.04.2022-15-58-53_v00.png,18.04.2022-15-58-53,0,0,75fad150191e4e84503cd7395af12db5a0b93afeea506e479a3ddf34d0671e56
364,reduzida__alto,05.07.2022-08-37-18_v00.png,05.07.2022-08-37-18,0,0,5c29e76afeb05fbbd989ec507889a649380fea40f74fbf88c8ab040b56c21577
365,reduzida__alto,27.06.2022-09-03-31_v01.png,27.06.2022-09-03-31,1,0,b7f3ee962639462990312eda4f5302540eeef445dd3562434b45cd05a93d72b0
366,reduzida__alto,28.06.2022-09-17-24_v01.png,28.06.2022-09-17-24,1,0,8339f2bb065dfa966e1db888eca114840de53a54a829357e710bf74c26791dc3
367,reduzida__alto,11.05.2022-13-49-17_v00.png,11.05.2022-13-49-17,0,0,13410ee320915a874499b328c437fa121c81ca6094ebae1388a092082f9a9732
368,reduzida__alto,27.06.2022-14-53-25_v01.png,27.06.2022-14-53-25,1,0,f0c5ac345fde14d663e10cdb9b2250a4ec2c29304f1d61013077a2aa8339f777
369,reduzida__alto,10.05.2022-09-13-47_v00.png,10.05.2022-09-13-47,0,0,95806489066b80fe3b725002301e27121c760721149b518ddcd8650b1a297930
370,reduzida__alto,22.07.2022-14-19-14_v00.png,22.07.2022-14-19-14,0,0,12071c07bc561a47fc3b65227382e2e38d41fa1cb9d2cf2841b69eecc9aee7ea
371,reduzida__alto,27.04.2022-08-57-55_v01.png,27.04.2022-08-57-55,1,0,424726b366d5812490571bfa3f7f24f62c6f367449cd505fe7d93a08c050856f
372,reduzida__alto,14.04.2022-15-43-44_v00.png,14.04.2022-15-43-44,0,0,fb735d415523c564a46442c42b373cc6d898504bf1a1b0b026a8ad9212c2a12b
373,reduzida__alto,12.04.2022-13-43-26_v01.png,12.04.2022-13-43-26,1,0,23feb9ce1b7fcbf014efd7bdefce5354c342d1d6a63489af3b7d486f0d6aef6a
374,reduzida__alto,13.04.2022-14-33-35_v00.png,13.04.2022-14-33-35,0,0,440e2130a41d5335893805a391535044167db8dd7577ffc5bf429f65ad4f467a
375,reduzida__alto,08.07.2022-14-53-04_v01.png,08.07.2022-14-53-04,1,0,a91f39a7641be62284712499e3f4a26bb4780fc5163a54bcadc3b04f604ed451
376,reduzida__alto,10.05.2022-16-21-21_v00.png,10.05.2022-16-21-21,0,0,ae9e8964058fc29ae68218e3aff3daa157581d819581ea0102adcb1d0a40d959
377,reduzida__alto,20.04.2022-10-10-51_v00.png,20.04.2022-10-10-51,0,0,cd1463e5bc64d67b56d7f239d6c1ae922a1b0e8e1ad98bd546a09ac5ecba104b
378,reduzida__alto,04.05.2022-14-56-02_v00.png,04.05.2022-14-56-02,0,0,1c9fccf329bd27fb17e9f9c01faff04fba04f2b9882dd4b8a64254c42a411236
379,reduzida__alto,07.07.2022-10-26-42_v01.png,07.07.2022-10-26-42,1,0,0d2c3c2f36823c578f94e9f7d83b4ef93156df8e69f3bfc64aa2053a6f4ef501
380,reduzida__alto,11.07.2022-10-57-41_v00.png,11.07.2022-10-57-41,0,0,8bf34b8349d7f7f4758f347068ef59439aff68ccf865294ef461cd4bbdcd8e02
381,reduzida__alto,28.06.2022-11-02-00_v01.png,28.06.2022-11-02-00,1,0,6416c86b30f5d4f62547e8b23f202f27f648d03c7a666df3f12c552b61cca376
382,reduzida__alto,07.04.2022-13-49-59_v00.png,07.04.2022-13-49-59,0,0,3ac074ff062d637501dfe1816b26e7560c6988db4103928a6fae4ca65b599b49
383,reduzida__alto,11.05.2022-14-12-29_v01.png,11.05.2022-14-12-29,1,0,fa7654d3e0369b9c984d9d132381c7b6fbbfdb09d8963c1873e0956d4aa0b349
384,reduzida__alto,08.04.2022-09-22-44_v00.png,08.04.2022-09-22-44,0,0,3b19a1abebc94bee6fda2b5e763519ce74fa48b23c2a5224a6a5fd149fe1b1c6
385,reduzida__alto,07.04.2022-13-52-11_v00.png,07.04.2022-13-52-11,0,0,54714bdda5296638e1c0f582c01e4079da545fe75521732d89659af2f1d82f13
386,reduzida__alto,12.04.2022-10-08-19_v01.png,12.04.2022-10-08-19,1,0,7f511e95d682e72f616647262f57766206f0042e04447c661bd8f40d672bbe7f
387,reduzida__alto,24.06.2022-15-35-59_v01.png,24.06.2022-15-35-59,1,0,2d831b3260435144808d2f98b049588111fe8185dd5168b4228a1e63ceda8ccd
388,reduzida__alto,22.07.2022-14-28-33_v01.png,22.07.2022-14-28-33,1,0,3217d01c3b507352c24257b07df06516d2398cf0bb3504b5150c42c0f5e61fc0
389,reduzida__alto,09.05.2022-10-46-43_v01.png,09.05.2022-10-46-43,1,0,39a108ec5ca3bb52520a5a441718683f6c2a6d3859ee4bf589cfe7e3ccd39fba
390,reduzida__alto,12.04.2022-10-04-14_v00.png,12.04.2022-10-04-14,0,0,3741db9d2b5e2edb34e7f62696d89a0c34f6678d3cac23b0d3a50aa2fd580553
391,reduzida__alto,11.05.2022-13-50-21_v00.png,11.05.2022-13-50-21,0,0,fa0b32ab3e52de9de94739c931c45a42b1b42fa0c5deb815d085041834e997fc
392,reduzida__alto,28.06.2022-09-59-56_v00.png,28.06.2022-09-59-56,0,0,ce9bd441404ce629923ff31df65a98845b968b514fd79f11c08589d320046bd2
393,reduzida__alto,12.04.2022-10-06-44_v01.png,12.04.2022-10-06-44,1,0,207e8dcbaa1d1f86f011a53f6c2d7f62e670a8147a22e0d63f7987265445c2f3
394,reduzida__alto,04.05.2022-14-38-51_v00.png,04.05.2022-14-38-51,0,0,86f4a74cea9b85c95de7f1a6cef16852ac0e76bc48fd3b94dc0082caf8441434
395,reduzida__alto,10.05.2022-13-38-28_v00.png,10.05.2022-13-38-28,0,0,d96bc1194dc63164aa4474330d33274879c542e475aa102b644bdc8672bc31b8
396,reduzida__alto,23.06.2022-16-08-17_v00.png,23.06.2022-16-08-17,0,0,a460376b945ebbbfedd2476f756931df261d08707433a04a1dd6351739bcd871
397,reduzida__alto,07.04.2022-10-59-14_v00.png,07.04.2022-10-59-14,0,0,601911b6f9693cdd2502807439517a49afe959f3baeefc952c283d4548ef6bd5
398,reduzida__alto,29.04.2022-14-26-47_v00.png,29.04.2022-14-26-47,0,0,e291a7d14fb70a1b9e54e77c387e254090db989d518d4fdd564828d2f4f16f85
399,reduzida__alto,20.04.2022-09-26-36_v00.png,20.04.2022-09-26-36,0,0,df0131bc894e96936292b4965089a084a0bc186ce084e90c31db7a436ea1f5c0
400,reduzida__alto,23.06.2022-14-56-41_v01.png,23.06.2022-14-56-41,1,0,660208262c18556b0ce98c2fa1bcfa846ed8bc8424a3e3cb6230a47360fa33c9
401,reduzida__alto,10.05.2022-08-18-18_v00.png,10.05.2022-08-18-18,0,0,1cc81b3f71e929ac6876f7ea7e4fc52a4984765bccc0d378109ecdde237924f7
402,reduzida__alto,05.07.2022-08-54-10_v00.png,05.07.2022-08-54-10,0,0,f4acf4637a519f76938fd3c261cf6675386a0c8ca5a13caa88427eeef14dbadb
403,reduzida__alto,10.05.2022-10-36-07_v00.png,10.05.2022-10-36-07,0,0,72ec74600f7464a1f7cceb5a1ad515e1e5d2d7704057b586d2559204c81c1fd5
404,reduzida__alto,05.07.2022-14-50-11_v00.png,05.07.2022-14-50-11,0,0,3bc576007874468a074a25efa12d490a835a6d03f2cd661453c41075f86296ef
405,reduzida__alto,22.07.2022-11-15-23_v01.png,22.07.2022-11-15-23,1,0,61da63b451671d39fe08a5b1bdfdc95d4c989f7b1f0b6619f1c802b9d6c648f3
406,reduzida__alto,12.07.2022-10-45-50_v00.png,12.07.2022-10-45-50,0,0,88b95b5d7c578b6ef8d51050084da6f9934ec55ac553e973f86fcfd0b588f52b
407,reduzida__alto,27.04.2022-08-48-19_v01.png,27.04.2022-08-48-19,1,0,bfc75def37506dcd25ef1c08ec175351c38a1b439814263c488855606e67eeef
408,reduzida__alto,23.06.2022-11-14-27_v00.png,23.06.2022-11-14-27,0,0,406ba48d5946ac87a5baed5788acf33c9b28f2c73c0f946458704aa5653cfbf8
409,reduzida__alto,20.04.2022-09-49-13_v01.png,20.04.2022-09-49-13,1,0,925bbc189778a5011b6d9d267e277d3ee6f0255018e1116da64bcda3e2eedbf3
410,reduzida__alto,18.04.2022-15-38-25_v00.png,18.04.2022-15-38-25,0,0,c36f14db33017fabb74c56edacfde2da2be458f9b925051c91a86d6b22e88023
411,reduzida__alto,20.04.2022-11-23-30_v01.png,20.04.2022-11-23-30,1,0,552f406a5fc0dc24402379288924c8d254399cf9c7bb2732c847a7f1bd4544c9
412,reduzida__alto,07.04.2022-14-47-00_v00.png,07.04.2022-14-47-00,0,0,e8650f806213561e601b9c9fb57b4e065aafcde4aaf08c56f014ef2f298ec575
413,reduzida__alto,22.07.2022-14-00-23_v01.png,22.07.2022-14-00-23,1,0,9639af970a8d54095051aef74740abf24ec549f4e7f27f769f9881c53290b60d
414,reduzida__alto,07.04.2022-11-06-37_v00.png,07.04.2022-11-06-37,0,0,90b67688c1d73c6df69e60af320f34720db02bd533118d82b34ee685cc06d889
415,reduzida__alto,11.05.2022-15-24-16_v01.png,11.05.2022-15-24-16,1,0,5f014832a1d0167cf2071747eefbd7500e410561fcdb279ad3c8335593dec0fd
416,reduzida__alto,05.07.2022-15-17-59_v00.png,05.07.2022-15-17-59,0,0,410e4c717c2a92c440f1c9e4a19f30541054af387a6e8112f39fc9799259373e
417,reduzida__alto,22.07.2022-11-09-38_v00.png,22.07.2022-11-09-38,0,0,22e1b290527abcce2ef0e84d4b3186afcb745bd55a832859d096816e4e101c2e
418,reduzida__alto,14.04.2022-15-35-31_v01.png,14.04.2022-15-35-31,1,0,5a188b63ac6810aeeb2390424c11e86bcc1eedeb79f493c7c34d330b49b0db19
419,reduzida__alto,13.04.2022-09-58-41_v01.png,13.04.2022-09-58-41,1,0,e04c7a4a48aea31dab6b0fc6f98bbfa4887fb4062efed61c0be4d7092bbca398
420,reduzida__alto,11.07.2022-14-32-58_v01.png,11.07.2022-14-32-58,1,0,3af59b8d57d842a66b490024c3f618fc79a4a3cc62ace3f5b5ba5e18b5e3127f
421,reduzida__alto,22.07.2022-11-05-16_v00.png,22.07.2022-11-05-16,0,0,d476b15d399936721695d96341c6fec9daa0b8c2b532d5ab234ae225e81d5fc8
422,reduzida__alto,05.07.2022-15-12-54_v00.png,05.07.2022-15-12-54,0,0,14e26abbd46a7ef911ff2dc54fa8ae422ce5e991c37fee4ad138cbd2c0d9e41b
423,reduzida__alto,23.06.2022-11-01-21_v00.png,23.06.2022-11-01-21,0,0,992e75310acdb5c4ba172a6451bc9cd9e3315150748e00e6311eaba01fcd02e9
424,reduzida__alto,13.04.2022-16-07-51_v00.png,13.04.2022-16-07-51,0,0,972e332465eae74f4289841c2245c1989aaee4377e943916d095baca174bcb51
425,reduzida__alto,13.04.2022-13-56-20_v00.png,13.04.2022-13-56-20,0,0,8eec0e10f34bf6f65f6f4277bffafd08305852205e22f547479446cf10615be1
426,reduzida__alto,07.07.2022-10-51-40_v01.png,07.07.2022-10-51-40,1,0,41414abea1f21ba1286cd740a702fa0949d4224e628b228235e18dfc1a7cd4d4
427,reduzida__alto,11.05.2022-13-48-06_v00.png,11.05.2022-13-48-06,0,0,98e32dc2b8c25fe1fa526b681039a212d2187affed0f257fc32227640578c55e
428,reduzida__alto,22.06.2022-14-03-47_v00.png,22.06.2022-14-03-47,0,0,5fb36260ee598b76646935d386d64f49e0edd0cb71dc1811aa881c9c29c2cc55
429,reduzida__alto,27.04.2022-16-09-17_v01.png,27.04.2022-16-09-17,1,0,036453dd6bb1ee6dbde38c9b5bc3a3337910e93951b7355a9d06e56caca27c41
430,reduzida__alto,10.05.2022-15-54-45_v00.png,10.05.2022-15-54-45,0,0,478e062d3ad3e881cee2753348ca7eb4b07546ea4d6b9080b0e34c0cacfca493
431,reduzida__alto,07.07.2022-10-51-40_v00.png,07.07.2022-10-51-40,0,0,f0be6925a7d7bc0b6caa02156822aec7d11921e26c6793156b11e560e4f2470f
432,reduzida__alto,28.06.2022-11-18-29_v00.png,28.06.2022-11-18-29,0,0,e58f9c395d2a664c66e34983b8b16d4875a7b59ae475d9e95db89f2636b758f6
433,reduzida__alto,11.05.2022-15-25-59_v00.png,11.05.2022-15-25-59,0,0,24bfc8d9fb041b64d93ff3433850b10cdcde87b3d30045035c3d56afa655a7a5
434,reduzida__alto,05.07.2022-08-47-24_v01.png,05.07.2022-08-47-24,1,0,ced7083b9a15c2daee8e99dfdc602dd28cea1ef1a950e5ca5432a380b627881c
435,reduzida__alto,07.04.2022-15-22-21_v01.png,07.04.2022-15-22-21,1,0,94d8dc6ffe1c526ec69fd02c162322bb989307502c5f5a2bd0d704dc31f565a4
436,reduzida__alto,10.05.2022-09-13-47_v01.png,10.05.2022-09-13-47,1,0,048d824dad272547a20cb92de34c564d4b1e27e640bcdb9691214709392db41c
437,reduzida__alto,05.07.2022-14-55-25_v00.png,05.07.2022-14-55-25,0,0,c5d682f6f0cfaf94a4110afdb952c6f2600009d09b5dc2997151e9ab0a27d385
438,reduzida__alto,27.06.2022-15-53-37_v00.png,27.06.2022-15-53-37,0,0,c563b3706123bc9a256d55a5e9c844b2fec2b07f6b2f4ee5a9db3f600aeb0ba3
439,reduzida__alto,05.07.2022-16-10-58_v00.png,05.07.2022-16-10-58,0,0,6ba316f78150707590dabcccb778b1217cadfce3786805efeafd0495379facdd
440,reduzida__alto,28.06.2022-08-56-47_v00.png,28.06.2022-08-56-47,0,0,03188094f562352e480997783883bcd7850acec80d52fd08ae6eb701216bd883
441,reduzida__alto,07.07.2022-09-28-06_v01.png,07.07.2022-09-28-06,1,0,3c1610fa77c74430b2aaf46950dd9d6430fb186f95d76f04ba6aa56c499bfa2c
442,reduzida__alto,20.04.2022-11-46-03_v00.png,20.04.2022-11-46-03,0,0,7f5025819e7234fc8392d4b0fd458fae85674364c70a1723baecae4dbffc1f88
443,reduzida__alto,28.06.2022-10-06-37_v00.png,28.06.2022-10-06-37,0,0,6b25ceea226d84a579c52dea9a08463cc2a361f0b7a7914b131d242cb4e8b65b
444,reduzida__alto,10.05.2022-10-43-24_v01.png,10.05.2022-10-43-24,1,0,98dd50d62991629d70498472d775c62c5cef6d1674178c9376ae922289e49537
445,reduzida__alto,13.07.2022-13-52-36_v00.png,13.07.2022-13-52-36,0,0,1918acc8f4b2734763152a8cdf010a81a0a0bfd1ff2f8b07b6d4359d0652c551
446,reduzida__alto,04.05.2022-10-05-42_v00.png,04.05.2022-10-05-42,0,0,abf201b25638709791487931c3d3b273d499224707e832349e0dd6b9f93ec9e8
447,reduzida__alto,05.07.2022-08-50-48_v01.png,05.07.2022-08-50-48,1,0,8b3390659f0bd26e4854e696ea3ab072a1624de2e8c106212f0250b681518719
448,reduzida__alto,24.06.2022-11-01-11_v01.png,24.06.2022-11-01-11,1,0,e1b41f4084ca55c863ac3e3789985ab62a08ade5eb99412f949092f64103ef40
449,reduzida__alto,27.06.2022-09-21-44_v00.png,27.06.2022-09-21-44,0,0,87533539db50ee99e1138d9bddf60672903b81c3df1cb8215fdf925da8dd216c
450,reduzida__alto,22.07.2022-15-39-25_v01.png,22.07.2022-15-39-25,1,0,73d0362696c033cdbf75b4276c90ae0e206549ec1a70622fa6e6432dbced5a6d
451,reduzida__alto,12.04.2022-14-52-51_v01.png,12.04.2022-14-52-51,1,0,2e6106612929c809c5229ac4dba27d4116d95373cea7df05741ec22ec4ddb129
452,reduzida__alto,27.06.2022-14-48-58_v00.png,27.06.2022-14-48-58,0,0,3da098289045cf757c7d11c10bb08d6a552a2454fbe1204117095dc4767c9c4e
453,reduzida__alto,11.07.2022-14-39-44_v00.png,11.07.2022-14-39-44,0,0,e90625fe0df58e382204341fbdbabc83ffde6c27ea0163eb266323ea199fd962
454,reduzida__alto,22.07.2022-10-02-37_v00.png,22.07.2022-10-02-37,0,0,51da89e6a935f075f58eba3946794c277f96cd59f20e14e2b3e39dd31b77bdcb
455,reduzida__alto,07.04.2022-16-02-10_v01.png,07.04.2022-16-02-10,1,0,0599f0a15a6849159009124f3752e8ff302cabd7a3122ce974000b210ee3d541
456,reduzida__alto,28.06.2022-09-30-17_v00.png,28.06.2022-09-30-17,0,0,88d495dabd78e038c4f7277d9e172007da815c492169e037e7ec977bf056454d
457,reduzida__alto,14.04.2022-13-35-52_v01.png,14.04.2022-13-35-52,1,0,14db8cfac47cc8ab0cf252c7ff801322589c3d48db7b66f0a8860596fa62ff93
458,reduzida__alto,24.06.2022-14-50-07_v00.png,24.06.2022-14-50-07,0,0,80b2a4c7022a247c9956586a808d651fba5529d13daf82015b4604ab65a5faa6
459,reduzida__alto,28.06.2022-08-38-13_v00.png,28.06.2022-08-38-13,0,0,e603f4a95f57c6be1eb965fb4122eeab5b1463ca9428886e022577f4bf4cabce
460,reduzida__alto,12.04.2022-09-52-19_v01.png,12.04.2022-09-52-19,1,0,a56e14e2993c7b23c45b1e1caaefef31da262d76831b4f38bbdd0102f9355bd4
461,reduzida__alto,13.04.2022-14-45-10_v00.png,13.04.2022-14-45-10,0,0,efa6e5a9f08a9f1ae3788214c0ca3bd526b4c8f246e0ad46c99709e6782d5b9f
462,reduzida__alto,08.04.2022-10-47-35_v00.png,08.04.2022-10-47-35,0,0,6b71158fe19110ca441883079feba7f430bd5a76611e8934ea33165ba3d7aa8e
463,reduzida__alto,11.07.2022-09-42-25_v01.png,11.07.2022-09-42-25,1,0,ba141d5f227d4fe1b7371b012f8aa8d9d5cd2d3d8ed437e2238f5d9ab9a0bf4f
464,reduzida__alto,11.07.2022-15-43-38_v01.png,11.07.2022-15-43-38,1,0,f9711a472bd834486e9ea71149a3c7e459625b374641c4b2453a1b3b76b8d36c
465,reduzida__alto,20.04.2022-10-02-48_v01.png,20.04.2022-10-02-48,1,0,b20a9c6d9909c541e8ae2029a69792d05ece06653e55704158dd23e495c453bb
466,reduzida__alto,22.06.2022-14-32-26_v00.png,22.06.2022-14-32-26,0,0,fea31c4a8cd75797e378491bf595c3de64ce200773445634581ead5bfc5aad63
467,reduzida__alto,13.04.2022-14-15-29_v00.png,13.04.2022-14-15-29,0,0,8b3c72aa1888beecd8a9ada462bee0543480fd9900c195696ee2bad94756e486
468,reduzida__alto,12.04.2022-14-22-25_v00.png,12.04.2022-14-22-25,0,0,423ca301c3d55b1d1d92952d97e648552b2e33117b5f2cea539231871a88167b
469,reduzida__alto,27.04.2022-10-26-07_v00.png,27.04.2022-10-26-07,0,0,f61a1238d99faaad03984a69b7a8283a546038d1b6262b782e5cadc3487f5f7f
470,reduzida__alto,20.04.2022-11-08-38_v00.png,20.04.2022-11-08-38,0,0,8b725b6683e1425cc953d2f8151c1432e191fa2ff4a05e32b27c996b94c00d5a
471,reduzida__alto,22.07.2022-16-00-04_v01.png,22.07.2022-16-00-04,1,0,127d8e1cb16f87c95f8255451aed0f579e2e7fe18c65272210009b13c0be9770
472,reduzida__alto,12.04.2022-09-51-28_v00.png,12.04.2022-09-51-28,0,0,95113c349ffc389b710683e020234bda7a886f5e8ad087c70f7a9b45408dd937
473,reduzida__alto,05.07.2022-09-44-42_v00.png,05.07.2022-09-44-42,0,0,cacae7b4ece857c101138b1f982fd7b22678ba70ae43d124e8f49fe555bf8c04
474,reduzida__alto,22.07.2022-11-21-59_v00.png,22.07.2022-11-21-59,0,0,2452a0a3d0da27cb00d2205d8d6399c05d1b66831d71e49fb8199a095a7e148a
475,reduzida__alto,23.06.2022-11-14-27_v01.png,23.06.2022-11-14-27,1,0,67c2c8c225a54913029be3e161ee638421a084382ea387017b9a8b809fcbae21
476,reduzida__alto,08.07.2022-14-52-25_v01.png,08.07.2022-14-52-25,1,0,359b8a97b622c7a9737b9452e88f6dc88108e49064fe663a6dfc7cedbfca3ef3
477,reduzida__alto,04.05.2022-11-28-37_v01.png,04.05.2022-11-28-37,1,0,fe11cd1dd2f8b7f8be375c1a48d680df43f2cfb1adb990ae99e4a8437c284fd5
478,reduzida__alto,09.05.2022-13-42-06_v01.png,09.05.2022-13-42-06,1,0,c356736ed29d1e41818a9f64900678ce15885ec1bef896e76f4306f28109910c
479,reduzida__alto,14.04.2022-11-15-42_v01.png,14.04.2022-11-15-42,1,0,22eaa7e42b62a84260fdc38f4cad98816ced575dbf9db79bf4296b949748137c
480,reduzida__alto,12.04.2022-10-44-22_v00.png,12.04.2022-10-44-22,0,0,c02024d57f36dadcfc709016431dcdb11b2eaa3f66b56d06494397f8e4f2cbc3
481,reduzida__alto,22.07.2022-14-06-35_v01.png,22.07.2022-14-06-35,1,0,812cfd053f7e0f7f182fe80feaa213b5ad7f8292f5d5752680ef947153136e47
482,reduzida__alto,13.04.2022-14-35-42_v00.png,13.04.2022-14-35-42,0,0,356da4cd33e0bd62ac5e5ea12af6bd22b2b8ef84290e3c8a835593be37ebe130
483,reduzida__alto,23.06.2022-08-45-03_v00.png,23.06.2022-08-45-03,0,0,385279f2622d40f90df5b9ac865e2e80075f6704863ace683f381d88f20d3f15
484,reduzida__alto,08.07.2022-15-01-09_v01.png,08.07.2022-15-01-09,1,0,eaa7291b4b72a11da6a2022a9e4a7559cd21e091dbba2b59d5094551c232a69e
485,reduzida__alto,27.04.2022-10-33-15_v01.png,27.04.2022-10-33-15,1,0,1b50e3105df5c22b133e6cbdf1b41642d10dc5a83e55aa1a7342788da99d767a
486,reduzida__alto,11.07.2022-09-43-17_v01.png,11.07.2022-09-43-17,1,0,ce74cd9c0b46507afbdbee04e1fbc190608cc00899db0a65d5e00e6dd4bc23a5
487,reduzida__alto,11.07.2022-14-38-24_v00.png,11.07.2022-14-38-24,0,0,2dee25d943a68b892722c39c2690b100140ef15e3dcc0e0ce78b418f120350c8
488,reduzida__alto,22.06.2022-14-04-25_v01.png,22.06.2022-14-04-25,1,0,81cfdee62f18dbba1982c923f139eb4bdcc5d92067d226c8f7f92c091980314f
489,reduzida__alto,18.04.2022-15-01-54_v00.png,18.04.2022-15-01-54,0,0,a100d62d6610fcb7f5424fc7ab9ec1bccd0de5cd7c9a651df7ad8f784a4f4f11
490,reduzida__alto,10.05.2022-14-02-02_v00.png,10.05.2022-14-02-02,0,0,f5ccf6789420ac8f763989755035fbfea138c856675b024bb2f94315ac542dec
491,reduzida__alto,05.07.2022-09-33-01_v00.png,05.07.2022-09-33-01,0,0,28b741304bbe9ba4514616b057a661f256e58a717b2ee2e3268bf7abb444e8b3
492,reduzida__alto,09.05.2022-08-36-34_v01.png,09.05.2022-08-36-34,1,0,8316aaa0e62e04e3fe6f200b621b1c29cd924c5b34391e4e058c1275d4fee95f
493,reduzida__alto,10.05.2022-13-48-31_v00.png,10.05.2022-13-48-31,0,0,8371e7976504899179e41a68802b75063847637d81cc4604e3b3e93e94a4ba24
494,reduzida__alto,13.07.2022-13-51-21_v00.png,13.07.2022-13-51-21,0,0,5c778c47795df5c4ca5e72c900b61b7a7d7a328d2c9fc30baeba169b7c61d621
495,reduzida__alto,13.04.2022-14-34-07_v01.png,13.04.2022-14-34-07,1,0,6a4ab3c8e19f0860a5fa3edf43bc0103dceac81a472eb3f26712db5de5acf02e
496,reduzida__alto,18.04.2022-13-38-40_v00.png,18.04.2022-13-38-40,0,0,1ebf71b1a58cd729823c4cb1513353c3e03be40fbd009d18cfead06a7293acf0
497,reduzida__alto,20.04.2022-11-48-57_v00.png,20.04.2022-11-48-57,0,0,f7fdac014a53e9b2691aa99705b76942f8882433c97e881c89d79c563ea71fa8
498,reduzida__alto,27.06.2022-09-14-48_v00.png,27.06.2022-09-14-48,0,0,f3ee8a0b1738978562e71711b889b98523aac03d40537ea7816724705dce2a05
499,reduzida__alto,07.07.2022-10-00-04_v00.png,07.07.2022-10-00-04,0,0,d9332cc0ef4cbfbd9e0c566e450756dcbbe6d43e71261852853fdba0e44ab15a
500,reduzida__alto,05.07.2022-08-39-26_v00.png,05.07.2022-08-39-26,0,0,b7ab19bb991957a21f6a62c88f072ebf775c2016ae80fb6c5667a28493cb7930
501,reduzida__alto,10.05.2022-11-01-01_v00.png,10.05.2022-11-01-01,0,0,96be2b400c6c3848655e135a191f4500b357135d4cbaad3830dac2e4f179a2d7
502,reduzida__alto,14.04.2022-13-23-51_v00.png,14.04.2022-13-23-51,0,0,f449beabb6c51954a868d85fe1a135171a4f965bc0fe2dffb4961c6b9bb2729d
503,reduzida__alto,27.06.2022-09-14-48_v01.png,27.06.2022-09-14-48,1,0,2a51f1fa3adac563386fdfdf941e9a2a23055044dbc907c6c28addb6609bdda6
504,reduzida__alto,27.06.2022-16-14-25_v00.png,27.06.2022-16-14-25,0,0,672813ce71a0816b4d70ce618d4ba97a1749018f43b205a0f75d77bceb362948
505,reduzida__alto,09.05.2022-09-37-57_v01.png,09.05.2022-09-37-57,1,0,b54a3573f7de0899e5f6625565cdbee49c6c181470aae74c2911fab05d435304
506,reduzida__alto,05.07.2022-14-09-02_v00.png,05.07.2022-14-09-02,0,0,253e15ce113a3e83ecffa0af792d28ba57920d354dccdcaa2213372c87385679
507,reduzida__alto,07.04.2022-11-12-42_v01.png,07.04.2022-11-12-42,1,0,57aa25f39abc3dc3280af19072f9624b753d37af0aaaced1d312c8d783df8085
508,reduzida__alto,24.06.2022-14-42-55_v01.png,24.06.2022-14-42-55,1,0,c591e306460dd9f83c9c67a055f45909a748c9a616bd15c7c36b0d61ad9305bd
509,reduzida__alto,23.06.2022-15-56-51_v00.png,23.06.2022-15-56-51,0,0,826f7af32fef365460cbfbe99d2e3ce90c8a711a2e50bb21e5151e758df3c44a
510,reduzida__alto,27.04.2022-16-07-01_v00.png,27.04.2022-16-07-01,0,0,8e9dcd6eef5d1a8c6c34733029475b6f7f0918b2aca43f607b8ad74052d32d5e
511,reduzida__alto,23.06.2022-09-54-50_v00.png,23.06.2022-09-54-50,0,0,b13e020dd328ba4dfbf932d9483878eaffc63c2d3802c015c9459e1655e1b157
512,reduzida__alto,28.06.2022-09-25-40_v00.png,28.06.2022-09-25-40,0,0,ed84249deef7cb0336fa820ea5c64a8ae24c09a073fefd9f8b5e225de06f8642
513,reduzida__alto,05.07.2022-10-01-34_v00.png,05.07.2022-10-01-34,0,0,99b10aeb00ee50daeed7facde983a9c28d8707011c25bc65da3d0778fff5736c
514,reduzida__alto,13.04.2022-10-36-51_v00.png,13.04.2022-10-36-51,0,0,558c88b003ee3ba50904478bb499ef0aff13159772171de78b8b059548210dc2
515,reduzida__alto,22.06.2022-15-23-03_v00.png,22.06.2022-15-23-03,0,0,d7097af0cc1e384a7124235dd5d5b5cc2bbb5d8d6978afcf9c602adbc82d9b08
516,reduzida__alto,12.07.2022-09-59-46_v00.png,12.07.2022-09-59-46,0,0,2ff4b7e04a94cfc4a01e24e6dc1409f16333078cf5a56c626127a5119db9a020
517,reduzida__alto,04.05.2022-13-43-33_v00.png,04.05.2022-13-43-33,0,0,e761cb6d43d6915108f1b5d393b199887fd93fd16288369f15c461a4079c5fdc
518,reduzida__alto,11.05.2022-14-16-59_v01.png,11.05.2022-14-16-59,1,0,ff48c9209545dd3929a5e04977f84770ded159b6f9df95a738d7bddaeb7d3922
519,reduzida__alto,09.05.2022-08-22-33_v00.png,09.05.2022-08-22-33,0,0,58c1f669a7dd4c205e4c88c56158ccaf3906c29fd7fcb902b0f40f4a250e222e
520,reduzida__alto,23.06.2022-16-18-39_v01.png,23.06.2022-16-18-39,1,0,0edb7c61775f6e711a76d92e340ef7ac7ccad4f72e87f4e841441dd5f7598cbe
521,reduzida__alto,04.05.2022-14-35-20_v00.png,04.05.2022-14-35-20,0,0,c48f47094df560af2ecafe5de7095a3feaae45a08207137584dc434af5df8165
522,reduzida__alto,27.06.2022-09-11-15_v01.png,27.06.2022-09-11-15,1,0,8f67252dab36ddc89baba65ddeae6c801110109d34a01e1fe2a54d7ac0565414
523,reduzida__alto,22.07.2022-11-03-24_v00.png,22.07.2022-11-03-24,0,0,7f2e68254586b0c28cd5514ebcffb823f0e44c744bca23502b62717db4789cb0
524,reduzida__alto,23.06.2022-11-19-54_v01.png,23.06.2022-11-19-54,1,0,8176278f5ef1a3782a99129bd6c80057a52f7ac34f003f03948436844a0f14b2
525,reduzida__alto,11.05.2022-15-07-04_v00.png,11.05.2022-15-07-04,0,0,e3f848b7f3391b9ad252d59e5b3ec77bbdca160c71b2427d0cc1ddfe1a85437a
526,reduzida__alto,12.07.2022-10-46-44_v01.png,12.07.2022-10-46-44,1,0,531f900211bc466d4fc7600b00082d9a5db46c2eddec2cd9d2ca2e550be5d766
527,reduzida__alto,08.04.2022-09-42-22_v01.png,08.04.2022-09-42-22,1,0,51f236e143f525d19fa41341688d1a26f70b1a2e3266e8248018d71acbebd464
528,reduzida__alto,12.07.2022-10-00-25_v00.png,12.07.2022-10-00-25,0,0,7f3959fc2216dd17a1978c20970e4796ff21de441c6a54ebc513e53567a1aa0a
529,reduzida__alto,05.07.2022-11-20-19_v01.png,05.07.2022-11-20-19,1,0,1c481dc85e87b5740921fc9cf3400847eabd0909bc8ec311fd732049fd829612
530,reduzida__alto,09.05.2022-08-49-29_v01.png,09.05.2022-08-49-29,1,0,facc0a5d3c07e1d42e8a916ff6ad84cf1fa1f3b9050d6531e3a5818db393bd13
531,reduzida__alto,13.04.2022-09-40-15_v00.png,13.04.2022-09-40-15,0,0,10c3319826fe14d63df280e4be7482e889c28b93f36f886cf079a33b4694684e
532,reduzida__alto,23.06.2022-15-58-28_v00.png,23.06.2022-15-58-28,0,0,4f04a50f18800445a7934f2260176d1860ff92ba31782085cd850bc35ffe305c
533,reduzida__alto,04.05.2022-14-09-15_v00.png,04.05.2022-14-09-15,0,0,b1788be84d75846ac2c0900a9f78c0995a7c419ccf8461e10945d0404b0c083f
534,reduzida__alto,07.04.2022-15-20-32_v00.png,07.04.2022-15-20-32,0,0,19ed3843f6b18d2fc7ea6fe35a9bae5c703e5bb5adaab04bdbf9e815f79c947c
535,reduzida__alto,18.04.2022-14-15-36_v00.png,18.04.2022-14-15-36,0,0,6e8e37deb8211463277595813e87e9925cd9eb1fde6b2753825f152bb5ec4dbc
536,reduzida__alto,18.04.2022-14-23-26_v00.png,18.04.2022-14-23-26,0,0,d064f30b311efd4ac6c540f3fd7fe065b3b3594aef5a6be25ecab9a00ff590b0
537,reduzida__alto,23.06.2022-09-41-33_v00.png,23.06.2022-09-41-33,0,0,9f38f852f7315d943f0663bd578d33c95e1b792a0a1a5155ae6abf1799302a3b
538,reduzida__alto,10.05.2022-10-03-56_v01.png,10.05.2022-10-03-56,1,0,6d6da94064aea804596a7c8ae55d1a797f2b3b5ed4297f7864bd90b86c171a9f
539,reduzida__alto,23.06.2022-16-01-57_v01.png,23.06.2022-16-01-57,1,0,6ae115cb34e7b8123458f5a958dbbe91f3d127b35719f8d892f74083d7a89a1e
540,reduzida__alto,18.04.2022-09-37-33_v00.png,18.04.2022-09-37-33,0,0,6cfa6c592908cdb15166babfc7e1c2e21cb82d734ad4a4db79f2f3ff29560ebc
541,reduzida__alto,28.06.2022-11-12-44_v01.png,28.06.2022-11-12-44,1,0,27d9778396ce10b42df36cb7b7994be2b649c0bcf8db87c3eab34779844bb5b0
542,reduzida__alto,22.07.2022-15-41-17_v00.png,22.07.2022-15-41-17,0,0,c35c9204e8d43ee5ea4c1070d07932e92bdb96c8c9a8a5245f26d30d5a2aef99
543,reduzida__alto,13.04.2022-16-04-44_v01.png,13.04.2022-16-04-44,1,0,40d92c0e319b917d0b0e6a3152373958769b8e404689f294ffce5f46168f766e
544,reduzida__alto,11.07.2022-14-50-19_v01.png,11.07.2022-14-50-19,1,0,d2e317bcaee9dba8e4373e474f2141dd8bfa810faa37945dabd64de9c0101f5f
545,reduzida__alto,18.04.2022-09-37-33_v01.png,18.04.2022-09-37-33,1,0,0360aa745b75b1707971168520038ff31220e0c16c4bd64263b446bd2a7bc928
546,reduzida__alto,07.04.2022-13-46-12_v00.png,07.04.2022-13-46-12,0,0,bf70031a734226fa7d117063646eb19f64d3a6c171096801dced5d1bc0dc5f5a
547,reduzida__alto,13.04.2022-10-04-52_v00.png,13.04.2022-10-04-52,0,0,30269e979be17bbcf22a68b202f94e9561f2c8213c3f198069779be8df064a88
548,reduzida__alto,28.06.2022-10-21-29_v01.png,28.06.2022-10-21-29,1,0,92dc6c60d3730ebf7778c0799d3de3c8d52db7b99f7e55a27c244f9c622e03af
549,reduzida__alto,11.07.2022-14-38-24_v01.png,11.07.2022-14-38-24,1,0,eb29457e7b8a51dcbf0afb78e2cbb4364da1c5efb2aa41d3d595b2742bd3c08e
550,reduzida__alto,12.04.2022-14-22-25_v01.png,12.04.2022-14-22-25,1,0,d69cf896b0ac2d568fb841bba2f80c5ea432478083dc97a1cc277411e9b97b10
551,reduzida__alto,11.05.2022-13-57-38_v00.png,11.05.2022-13-57-38,0,0,2b43c410fb82e0f8520140601f0dda927a579c1e93282edff8a8b2c47434e6e6
552,reduzida__alto,05.07.2022-14-07-55_v00.png,05.07.2022-14-07-55,0,0,d3213bdbafa93b3a830e6804209aa31af3d41368b537020fef641c1301339acc
553,reduzida__alto,22.07.2022-14-15-59_v01.png,22.07.2022-14-15-59,1,0,2d66da3563789bdf0f161320c1df9b1acfb39e1334227f14010005609ae6a335
554,reduzida__alto,22.07.2022-11-08-36_v00.png,22.07.2022-11-08-36,0,0,593d0ac8239d38e7a1ce64e51df255bbef29d64d76f264c97a818a8ae251080c
555,reduzida__alto,08.07.2022-15-24-33_v01.png,08.07.2022-15-24-33,1,0,46a9a485c667ddc39febadde3721b9d0e397836d66cd3972578c1881dd69c95e
556,reduzida__alto,23.06.2022-16-15-05_v01.png,23.06.2022-16-15-05,1,0,78fea24765953366f073e95002fe2401948d2a7a52da1f347ad9871c676ef271
557,reduzida__alto,10.05.2022-09-17-32_v01.png,10.05.2022-09-17-32,1,0,0b91236dad0b4f20202176c46b81d9e3fc532d767777bee05471b8a13e0ee120
558,reduzida__alto,23.06.2022-10-47-19_v00.png,23.06.2022-10-47-19,0,0,5cc0b5431e90baef6617c6d62dfbec7153b43caf113e32501cf730480597dad2
559,reduzida__alto,28.06.2022-09-16-34_v01.png,28.06.2022-09-16-34,1,0,6f258d1139e0fc92962e4024208331d87f81f7d26ac3716f86964ef1a752a0fe
560,reduzida__alto,18.04.2022-14-23-10_v00.png,18.04.2022-14-23-10,0,0,a6bdaf0aacf6c2e64758dd1574b66cb9cc71eb0ba59220e8b52537fefd20bc9a
561,reduzida__alto,12.07.2022-10-35-49_v00.png,12.07.2022-10-35-49,0,0,b145a30abdeb46ca493b6164719498c6070f22c6431901e5b0a4886024cbb5eb
562,reduzida__alto,07.04.2022-11-09-43_v00.png,07.04.2022-11-09-43,0,0,465744d3a23ca30ae92c6f3edf658e0d61dcd41d903109f7fe109a94761f2b21
563,reduzida__alto,08.04.2022-10-42-59_v00.png,08.04.2022-10-42-59,0,0,d85957abe6329902c43f66d128565467b60a4f70cc00761c70861e01466284d3
564,reduzida__alto,27.06.2022-08-45-23_v00.png,27.06.2022-08-45-23,0,0,13b2e9c75a265b6629fc98b58fcd696c3b736b8d3091f94dc456f22a73d1f0d6
565,reduzida__alto,22.07.2022-15-47-41_v00.png,22.07.2022-15-47-41,0,0,812fc5c375d14d2544a3d12dc09996f48ca5fc21ef288afadebd5cadeff9c15a
566,reduzida__alto,05.07.2022-08-49-00_v00.png,05.07.2022-08-49-00,0,0,68024dc9f8de37e86518e22328337f78c85e044d34b6d8dab492bbd918b87ce3
567,reduzida__alto,22.07.2022-11-08-06_v01.png,22.07.2022-11-08-06,1,0,5eb74065f2fe01769203f87f7d37abab66931172378089980ce781d245d3def1
568,reduzida__alto,05.07.2022-09-35-39_v00.png,05.07.2022-09-35-39,0,0,4c0a3a98872239e634561e08180d2aed296642b73b85c292a0c5eef56e33fb08
569,reduzida__alto,05.07.2022-09-40-18_v00.png,05.07.2022-09-40-18,0,0,4aedfd785aa438a7c52fe13059c3556f57eadd3b158a26406e0531240d14cd59
570,reduzida__alto,07.04.2022-10-59-14_v01.png,07.04.2022-10-59-14,1,0,8c64ab4dc961186f8aaec14cd3399ab2e77215a292cfde1d2d909d9204560fdf
571,reduzida__alto,11.07.2022-15-55-24_v01.png,11.07.2022-15-55-24,1,0,402b5147809cc601e218194c6cfdb8f7df52298b7a979ca5a48f0674d4341d7b
572,reduzida__alto,18.04.2022-15-48-17_v00.png,18.04.2022-15-48-17,0,0,0b3ea20de4aa5331a483e015cdc8708ce6742ad51f41602f0aea0972241a7b59
573,reduzida__alto,29.04.2022-14-39-33_v00.png,29.04.2022-14-39-33,0,0,1321107d8674515cb6df46f46ce71f99176b2740c4f2d84fbfd36182c2e09845
574,reduzida__alto,23.06.2022-14-19-01_v01.png,23.06.2022-14-19-01,1,0,5da1140eb210bfe407e77986368f7f659dd06fc9c9cf326107339e45564c53d1
575,reduzida__alto,05.07.2022-09-43-02_v01.png,05.07.2022-09-43-02,1,0,7d6f7905625270e0cd73d402fe7e712967416469639b319b913f5586c3c7a53d
576,reduzida__alto,13.07.2022-13-53-24_v00.png,13.07.2022-13-53-24,0,0,e6a1fd32d7138ebbe67cc2089fbf390c7113ef36b33aefdcb35bea717aadc983
577,reduzida__alto,22.07.2022-10-19-34_v01.png,22.07.2022-10-19-34,1,0,eb714060aa11c237c6708faeeff1826be666f0be386743988d90fbc08a0f2922
578,reduzida__alto,14.04.2022-11-15-42_v00.png,14.04.2022-11-15-42,0,0,2a44d0aa12d0563c174eb2d45fe79b2859cb25479cf9ce0daa3c9a5fa85242d3
579,reduzida__alto,23.06.2022-16-17-01_v01.png,23.06.2022-16-17-01,1,0,6f4f573b29d7b247fda11ceae39e30f69da78b8e428f95b74067268c4ff27028
580,reduzida__alto,22.07.2022-15-43-12_v00.png,22.07.2022-15-43-12,0,0,7f9bea91bf2edd45065381ca37af82e1d5aa9381b330736f54c7fdd23167ea82
581,reduzida__alto,14.04.2022-09-06-52_v01.png,14.04.2022-09-06-52,1,0,2aa9fa08e05b24c18d9b061b2b3fa4af7c4af7e3360b444ffddab266eb57e2c5
582,reduzida__alto,22.07.2022-10-01-40_v00.png,22.07.2022-10-01-40,0,0,8c3850c74e2edcd9a2e73795d9580f68097f2f882bdfb14262267d0a3b00e972
583,reduzida__alto,04.05.2022-10-29-21_v01.png,04.05.2022-10-29-21,1,0,14c2f1f35b9e6b77caaf7bce80a6838f7211c7e2784fa702aae9edfa2b2cacd3
584,reduzida__alto,12.07.2022-10-39-34_v00.png,12.07.2022-10-39-34,0,0,dbbcadaf9ae5ea01a6b6d65fa6e7575972b7502cfed3c8eca048d70d9be644f5
585,reduzida__alto,14.04.2022-13-35-52_v00.png,14.04.2022-13-35-52,0,0,854ca75c6241acd6bb3c40954f65468638592d6248c6ffe76106f69b113384de
586,reduzida__alto,14.04.2022-14-02-20_v01.png,14.04.2022-14-02-20,1,0,4403323de6be3f88f799d24ebbf750486c4656c1a5ca90d1aa26a1888ab5412f
587,reduzida__alto,28.06.2022-10-20-54_v01.png,28.06.2022-10-20-54,1,0,08ca1a4c0735748e6048281d3991a95a291eb4b9e5052b2992cd450b34cdd9c6
588,reduzida__alto,12.04.2022-10-57-32_v00.png,12.04.2022-10-57-32,0,0,ce974dc28141801a94b5fead2abb43002d2e134de31d189684d95b7f9c24c69f
589,reduzida__alto,04.05.2022-15-01-54_v01.png,04.05.2022-15-01-54,1,0,868b5416688803677b1eaba68f0af1537a9e720a729a92fe8393ae06245c15c4
590,reduzida__alto,23.06.2022-16-07-51_v01.png,23.06.2022-16-07-51,1,0,f1839e80566c5ab9926ae25372f257e51070f0d6901a09be2959e167aa270390
591,reduzida__alto,11.07.2022-10-27-27_v01.png,11.07.2022-10-27-27,1,0,f0e46bc4971c3b1fcced930d46bfbf1326ffe106822c76c74a3f0d72478e292c
592,reduzida__alto,04.05.2022-15-26-31_v01.png,04.05.2022-15-26-31,1,0,1c27d70effcb16af355f6d97f42eeba5ee9f465142795aaf8d9920026fab9007
593,reduzida__alto,13.07.2022-13-35-35_v01.png,13.07.2022-13-35-35,1,0,7d1aa9cdac46af1aec69b8984faf9ff9a91e4638850e528bdeb2df1c60d7dc3d
594,reduzida__alto,27.04.2022-10-47-11_v00.png,27.04.2022-10-47-11,0,0,3142fa0558243b6da0ef349b22c7f427c1d86a62dfb72321405fd92ea9ec3e08
595,reduzida__alto,05.07.2022-15-05-57_v01.png,05.07.2022-15-05-57,1,0,51eefbd1cb0556b99a2606bb2b64e913ccbfb84c727a1cc0ded0fe78de33eabd
596,reduzida__alto,28.06.2022-10-06-02_v01.png,28.06.2022-10-06-02,1,0,3dd3e55c9caf88d0e114a53308ccc61bbea7f6f552be136459b73968ea559810
597,reduzida__alto,20.04.2022-09-36-03_v01.png,20.04.2022-09-36-03,1,0,19f2f6c1d6171974608f1cf80c7b0f7a114fd89db3b78747721938f24822c6c4
598,reduzida__alto,14.04.2022-08-56-14_v01.png,14.04.2022-08-56-14,1,0,f8fd889be7f4b6047d9d5c8bd3c994c8f5e8d3f7349c3867ed56c36b27a9e6f0
599,reduzida__alto,14.04.2022-13-32-10_v00.png,14.04.2022-13-32-10,0,0,46209d4a81662482bb93d71d80bf5f4d03ed8ac67739031ca22343dc4d02bdb7
600,reduzida__alto,05.07.2022-08-55-31_v00.png,05.07.2022-08-55-31,0,0,fa717c59bfe7e0dd7e27e6115d7710d384d34473940492fcd74883df1a7e7a1c
601,reduzida__alto,22.07.2022-09-54-53_v00.png,22.07.2022-09-54-53,0,0,e76c92f50554a5eff0b438123e40b4ebaeff15597e87d585e76b42489f026348
602,reduzida__alto,23.06.2022-11-17-31_v00.png,23.06.2022-11-17-31,0,0,c953eb88a5f7d472ba2045d31ed612d4482087d4c4188e89f9aaa08835495aa4
603,reduzida__alto,09.05.2022-15-10-21_v01.png,09.05.2022-15-10-21,1,0,5991021a9e6ce5ff981e2ec3dc398a1d100592c3fe9fd59f7e95580dbef4dbda
604,reduzida__alto,08.07.2022-14-51-49_v01.png,08.07.2022-14-51-49,1,0,ce3ade37078b2d6ab6306e2c019b90b7ebab475e7ded9655d5edb33150bc634c
605,reduzida__alto,23.06.2022-10-01-40_v00.png,23.06.2022-10-01-40,0,0,8873674d6053053b97ea13950d10834d68baefd2774ffd06f8468f011114de88
606,reduzida__alto,28.06.2022-10-53-50_v01.png,28.06.2022-10-53-50,1,0,c18707274678778a0e0f132ed5106bf063324cfb2358b9f562f93c7adfc16fb1
607,reduzida__alto,12.04.2022-09-32-50_v00.png,12.04.2022-09-32-50,0,0,0c1268cb89f808f27d0a24f1ca96bd18f0c20878601307735879e66af3e731d2
608,reduzida__alto,12.04.2022-10-46-42_v01.png,12.04.2022-10-46-42,1,0,7ead56ea5cce30c26ad6745e832f00bd3543025429c7f46b144e3860b47ea1d7
609,reduzida__alto,07.04.2022-14-47-37_v00.png,07.04.2022-14-47-37,0,0,fd63c6c9559a7ddb1b81b526aacd513b384866733b751c5de852b37bc22fc261
610,reduzida__alto,14.04.2022-14-02-20_v00.png,14.04.2022-14-02-20,0,0,7d4ae17c29ce1c7366d1d03a08edb157c48259349b783fc1ea3c2f36f2d48c5c
611,reduzida__alto,04.05.2022-15-18-49_v00.png,04.05.2022-15-18-49,0,0,3db4b8818bd6831a9d4c4d0ca0e8f820a51f03c623a659e768c7058a1e2e3259
612,reduzida__alto,24.06.2022-15-30-14_v01.png,24.06.2022-15-30-14,1,0,7054c40b1deba01f92814d8d654997020c583c980a2c2fc75da9228eb5da2272
613,reduzida__alto,12.04.2022-10-58-59_v01.png,12.04.2022-10-58-59,1,0,b0a75f7aff5dc2f89dde2710bc35e89b5433e58f1bb54a6c8bf70dda4b1256a5
614,reduzida__alto,07.07.2022-10-35-34_v00.png,07.07.2022-10-35-34,0,0,85e5a986894eb9914209567da09d54fdff6c83920620db4cd3435c2046aa6308
615,reduzida__alto,11.07.2022-10-24-36_v01.png,11.07.2022-10-24-36,1,0,390e2d769beb3044408fd9565e91b0794729c9bb1f41dcaca0bcb658251b2a0b
616,reduzida__alto,18.04.2022-14-43-02_v01.png,18.04.2022-14-43-02,1,0,2d956f0ef523704f18f436350206740312b97b69280d310860fb97fb1c98ff35
617,reduzida__alto,08.04.2022-09-53-23_v00.png,08.04.2022-09-53-23,0,0,fe658bebca3f210e69d67d9a5ac4ca47b77f0865cee359945e7359c4699f541b
618,reduzida__alto,23.06.2022-09-46-33_v00.png,23.06.2022-09-46-33,0,0,72707b966641f798b948d96229ee80f480ba462497eca4637d5b657db237ada0
619,reduzida__alto,12.04.2022-14-56-27_v00.png,12.04.2022-14-56-27,0,0,235e770b2675e5e4057ff82a6bcc1646803e271ae4c63088ce29a8faaea6d8e7
620,reduzida__alto,10.05.2022-16-22-41_v01.png,10.05.2022-16-22-41,1,0,55cd3786fcabd656249042372b80020b9bd04d832b81b8585ec31307f1fd199d
621,reduzida__alto,23.06.2022-14-23-07_v01.png,23.06.2022-14-23-07,1,0,3f00c575726b69839c944a6327bf9c6695f2c7dbaa742eda03717ae330f1b450
622,reduzida__alto,27.06.2022-15-51-03_v00.png,27.06.2022-15-51-03,0,0,be1c61df997b1b481342d6d28c02b6e5d61178011acc2a56f775130726dccc7e
623,reduzida__alto,12.04.2022-10-13-48_v00.png,12.04.2022-10-13-48,0,0,66a12349b29ebbf2110279cd8f66cab0e370a1d21151d6045adf46a1fc506a89
624,reduzida__alto,13.04.2022-09-44-58_v00.png,13.04.2022-09-44-58,0,0,bab84af96af724dd74142f6e950b964bd8bc759f04531dbcc092c2ac28df6c44
625,reduzida__alto,09.05.2022-11-15-18_v01.png,09.05.2022-11-15-18,1,0,27d6dc21144bc758ee9e6a6124003d85b91c183ce9f953584220b0bbe9b4df01
626,reduzida__alto,13.04.2022-09-41-28_v00.png,13.04.2022-09-41-28,0,0,bf0160a84e7ba0f0bba37245a9b95ab58803bb735123fe166266112a91a6f15e
627,reduzida__alto,18.04.2022-11-12-33_v01.png,18.04.2022-11-12-33,1,0,d4b22030146e2cd8b802d10769750759e8e712cf8e7fa3cedc4443be4137f41b
628,reduzida__alto,28.06.2022-08-31-27_v00.png,28.06.2022-08-31-27,0,0,4000e5b5b326e5793216d21809aa98ed6daff48aebd26c51a659e7c7d265ae0e
629,reduzida__alto,12.04.2022-15-51-21_v00.png,12.04.2022-15-51-21,0,0,baad5b8466140043ca3fe955b25333e877cf46c04b0b0d11af7690f94f822cdb
630,reduzida__alto,22.06.2022-14-09-44_v01.png,22.06.2022-14-09-44,1,0,f206762707e3864459f6f7a747a16e58920bd9e7cc88d66d3961965eefaac1b5
631,reduzida__alto,07.04.2022-11-12-42_v00.png,07.04.2022-11-12-42,0,0,70f81943f6aacb804f1d82f74f4650065d231e6a279214c6a23d70ab55a45c5c
632,reduzida__alto,11.05.2022-15-23-43_v01.png,11.05.2022-15-23-43,1,0,181ef37305f8cbaf5c65f083bdaa12df26a457cd405533ac8841a413d3996eff
633,reduzida__alto,13.07.2022-14-01-41_v01.png,13.07.2022-14-01-41,1,0,86c0cffd702e98eb44ff433b337f3902aabd1b18eb02eefa94856ee458a573ff
634,reduzida__alto,27.06.2022-14-07-32_v00.png,27.06.2022-14-07-32,0,0,633c8280d30cd197b1f7178a74d70f9e2a735104172a1a42f3bf9ade0be2cdab
635,reduzida__alto,24.06.2022-14-06-01_v00.png,24.06.2022-14-06-01,0,0,9276275a2c3cb32940e0f65864c59bedfcd7e15ba8e0a2809d1eff68a1921743
636,reduzida__alto,11.05.2022-15-16-07_v00.png,11.05.2022-15-16-07,0,0,5733ba60b5b528d35abdf1c0f7aa53821b3936d2716ccb14d3d011306dd39fe9
637,reduzida__alto,23.06.2022-15-58-28_v01.png,23.06.2022-15-58-28,1,0,176398f6ad66175ba7df2b27063a9ce2b28073f6a980b4b89595ae7fce551347
638,reduzida__alto,24.06.2022-14-01-40_v00.png,24.06.2022-14-01-40,0,0,a67019e3fca58d8d74f41dfedc70a2d2f9a2403902b160b38242a96a734b50da
639,reduzida__alto,14.04.2022-15-43-44_v01.png,14.04.2022-15-43-44,1,0,a6410b2269f167498afeeafebac06026be7e37d353ff3bc4535dc592b5b1c659
640,reduzida__alto,05.07.2022-14-12-44_v00.png,05.07.2022-14-12-44,0,0,cb2f133b0cc2717ddf3a9e56b6d3655079ed365fdc9818792e688864b5217636
641,reduzida__alto,14.04.2022-15-47-21_v01.png,14.04.2022-15-47-21,1,0,5179588e84f51fa5e677b0969f1d38de2dc693e3ebfce083bdc60c63178d9f23
642,reduzida__alto,10.05.2022-11-10-54_v01.png,10.05.2022-11-10-54,1,0,1133d308f367f23a185d926710c4395309f2c494ad977b01d71df3b7d89b431c
643,reduzida__alto,27.06.2022-15-45-56_v01.png,27.06.2022-15-45-56,1,0,7dfb090659546d92b913b5d7ff8fb5dd80c17c89f2c1b2155b2742ff8e142096
644,reduzida__alto,22.07.2022-14-36-03_v00.png,22.07.2022-14-36-03,0,0,527a8e2e8199d87b420aef2b99268a360aa907c9629a872badad355590df7537
645,reduzida__alto,23.06.2022-08-44-30_v00.png,23.06.2022-08-44-30,0,0,f07ddc9b27df4075ed3b7960a1585452cd236712346e413b20c090261dff5bc3
646,reduzida__alto,23.06.2022-13-54-55_v00.png,23.06.2022-13-54-55,0,0,bb4832173065da3cd3e388f7913446581746f15d867b851b5d8aa411ef16ac2c
647,reduzida__alto,08.04.2022-10-51-22_v00.png,08.04.2022-10-51-22,0,0,11191cba552775f9d90ba9fd4c0669f8ec119b87a64f0c560a58590fc1087bd6
648,reduzida__alto,28.06.2022-11-42-23_v00.png,28.06.2022-11-42-23,0,0,9854fdce33f9a312c10a3093021db0ae1f0e8c90759f063ad74048da2d70b2f8
649,reduzida__alto,04.05.2022-15-33-00_v00.png,04.05.2022-15-33-00,0,0,58e0778c40442a2f47f1cdb62eff1ade70c9c668836e20412e54ecff485dae2c
650,reduzida__alto,18.04.2022-13-39-05_v01.png,18.04.2022-13-39-05,1,0,7ee835c2b81abb1e8354978eb73b6971a59c0730ed09a3251291cd4dc81201f8
651,reduzida__alto,28.06.2022-09-59-56_v01.png,28.06.2022-09-59-56,1,0,d035aa7462aabce60d72828b4ae614f3f5b4f917d4d6fc942db0e397bb0f0a00
652,reduzida__alto,07.04.2022-15-43-37_v00.png,07.04.2022-15-43-37,0,0,b080ace2b7072fab5e4e2f0a193bf0851eaa0eb471a6e02c788fa501147fb209
653,reduzida__alto,09.05.2022-15-44-37_v00.png,09.05.2022-15-44-37,0,0,dee5be1d3fa52baec095a390f775e2f978e43c55df11ea318e1966951025687d
654,reduzida__alto,12.07.2022-09-58-58_v01.png,12.07.2022-09-58-58,1,0,e1b39f0d678177904be3c238f1ecbb477fd198cdb86817f872880099ad29fb8d
655,reduzida__alto,28.06.2022-10-04-31_v01.png,28.06.2022-10-04-31,1,0,d529d537e805bf0a9ef7b3d02efca2906d4cbc3d2055b83caabff545537a36f1
656,reduzida__alto,13.04.2022-15-34-37_v01.png,13.04.2022-15-34-37,1,0,eaf8f84423f40d7066d1bd22cb9906c326b1d5042d65ff46a920452a816ac377
657,reduzida__alto,14.04.2022-09-50-01_v01.png,14.04.2022-09-50-01,1,0,3a239643788a1452eacfeb03a49185bebbfb8649f0d41dc9ea6c2b644c13df7d
658,reduzida__alto,05.07.2022-15-11-37_v00.png,05.07.2022-15-11-37,0,0,ddb9aa9f02df1b40175d61c4f2b23439b949935beaed277d73cc0624dc50cc6e
659,reduzida__alto,27.04.2022-10-58-19_v00.png,27.04.2022-10-58-19,0,0,82f545b10e2995986c51452c92ca9a4d4ffaedf060778e2c32963f79b8392dc1
660,reduzida__alto,24.06.2022-11-01-11_v00.png,24.06.2022-11-01-11,0,0,a23e827b660d6499fd8525cf26073d1ee395f2a9a424df51af84f8b50c43b4a6
661,reduzida__alto,27.06.2022-14-44-26_v01.png,27.06.2022-14-44-26,1,0,76d2cbedb7d9de8304f7e5ef5168d66dda16d2d4caf5a1def60002fd3723e410
662,reduzida__alto,12.04.2022-15-28-09_v01.png,12.04.2022-15-28-09,1,0,4ee81b01132fe8ff77355970d3659f439e687a6c8a691e6ae9f69b928fb0bb66
663,reduzida__alto,24.06.2022-10-14-43_v01.png,24.06.2022-10-14-43,1,0,844f01721245e5f2473da2e526cdd98447fdb15bf62bea223001bd69a8cb21a3
664,reduzida__alto,18.04.2022-13-52-37_v01.png,18.04.2022-13-52-37,1,0,3667aa0cfa4f66804043cc00e7026d5cb8017802b1a87f7bc8407ffc3fe68b63
665,reduzida__alto,12.04.2022-10-01-25_v00.png,12.04.2022-10-01-25,0,0,421a0b2a6a55aeb9b1c71e69109877a9a875800854382bc438724d1f675a9147
666,reduzida__alto,08.04.2022-09-21-56_v01.png,08.04.2022-09-21-56,1,0,29ff892fd8346cce595b2fd06f4702e7d799e987da081e5af3d668abfb7be1a8
667,reduzida__alto,27.04.2022-11-21-03_v00.png,27.04.2022-11-21-03,0,0,11f1f40e436e691b34b42eb59de155149dbd3d2745b9eb3706524113859aa85f
668,reduzida__alto,27.06.2022-14-07-20_v00.png,27.06.2022-14-07-20,0,0,165886c59dacf47ccc84e00c874b557a2a87fd386a4d7713b0358b426bdf64f3
669,reduzida__alto,23.06.2022-08-31-59_v00.png,23.06.2022-08-31-59,0,0,bf13ce1203d8468f400fa0cab1ab19c6afea99bf309e7fcf1ee82a9235aa37bd
670,reduzida__alto,11.05.2022-15-23-43_v00.png,11.05.2022-15-23-43,0,0,4dc9f646c1099ae2d3fc8b0860439a63118a46f88f59d16cc7cd11c107f429b5
671,reduzida__alto,13.07.2022-13-48-35_v01.png,13.07.2022-13-48-35,1,0,96903f0cf5cf854afb8664a69d82741b5a89ffe3bf7cb38fe727d72e3aab3c63
672,reduzida__alto,27.06.2022-14-48-58_v01.png,27.06.2022-14-48-58,1,0,097785bf2fda4257d4e779f4ab5b57883557710e07ec2f687c8ec6de3656ec93
673,reduzida__alto,14.04.2022-08-42-45_v00.png,14.04.2022-08-42-45,0,0,901750462adc44666e77884f1142e1369ba28cde259826d9505916719a7fd02a
0,reduzida__baixo,12.04.2022-09-36-09_v00.png,12.04.2022-09-36-09,0,1,64b6a04a1fafc66c1711c75436c9e84e2b33f6e6d7734a45522ee80b1cd035b6
1,reduzida__baixo,20.04.2022-10-54-18_v01.png,20.04.2022-10-54-18,1,1,4595f843f777dfff664c560c9496ed3a593b68a57951bbc203561f3ceac1c565
2,reduzida__baixo,04.05.2022-14-38-51_v00.png,04.05.2022-14-38-51,0,1,a1fbb334a38bdd5fdaaeef5ff4a0541a34b81ddb27617c75e9e7fef9470a77f5
3,reduzida__baixo,05.07.2022-10-48-29_v01.png,05.07.2022-10-48-29,1,1,d116548ac961a6f0ecd84f1c521714088e3118bbaa66d2cab4a10c80da538a86
4,reduzida__baixo,09.05.2022-13-55-24_v00.png,09.05.2022-13-55-24,0,1,e66b19de3d9ba86e4288064eefa34ef0ca521dd85d40dc42549d9a65b3f620df
5,reduzida__baixo,13.04.2022-09-41-28_v01.png,13.04.2022-09-41-28,1,1,d84e2463b28d289ebf8ff851774272368688ce727fb3ae73b18e754bd27b8eea
6,reduzida__baixo,22.06.2022-15-23-03_v00.png,22.06.2022-15-23-03,0,1,ef76a47fb0fca7f8c68aac73db6fd799b9030b17dd4dc1812295006b2d5176bd
7,reduzida__baixo,13.07.2022-13-55-43_v00.png,13.07.2022-13-55-43,0,1,f0c53f2bd61e7ec56507785e54fc1dde1150d74b7fa57c4bf2ad2802e222756d
8,reduzida__baixo,07.04.2022-14-17-03_v01.png,07.04.2022-14-17-03,1,1,bbf4a228898dfc202096df1c6e86ea7e6e5a711c4ff85855ae6970566d198b2f
9,reduzida__baixo,11.05.2022-15-23-43_v00.png,11.05.2022-15-23-43,0,1,5d4b425f63e9270d4d094f294d52efd11b34d9b1c0e76891e8fa9da669fc5391
10,reduzida__baixo,18.04.2022-15-39-28_v01.png,18.04.2022-15-39-28,1,1,529e4de8d6a882572e7651e48bcd5725066b90537c16ccfca6df1df5a2ff7074
11,reduzida__baixo,11.05.2022-15-09-55_v01.png,11.05.2022-15-09-55,1,1,4c630b99b75f8b46e29e2790a58a2f88ee6b4b6252503670a52e47e8b82cfe0b
12,reduzida__baixo,27.04.2022-16-11-32_v00.png,27.04.2022-16-11-32,0,1,fa576e04e1302633067a9d4e0c7ba674399a9a35801dcfea158ac8f2e806678e
13,reduzida__baixo,12.04.2022-14-46-41_v01.png,12.04.2022-14-46-41,1,1,df09f8ab4703eab21571374b9266d211c6bc9cc1b4bfe3dda064f5f8bb9cffc2
14,reduzida__baixo,11.07.2022-11-09-09_v00.png,11.07.2022-11-09-09,0,1,310d82521180410ca5dc84aa0ce1d97c0ed35c04bd5fccddf8ae462d9dd673db
15,reduzida__baixo,08.04.2022-09-22-44_v00.png,08.04.2022-09-22-44,0,1,3ab357751fdac1cf8c2aeec0fb50c33592968608ebfb73f1c791534b3117e83c
16,reduzida__baixo,08.07.2022-15-01-35_v00.png,08.07.2022-15-01-35,0,1,628cc8af98f970db79f11b1ab003d93d186b6ac05245ba62f42346b02bc184cc
17,reduzida__baixo,10.05.2022-13-36-00_v00.png,10.05.2022-13-36-00,0,1,468c1cdd909f8bec3ee9b4ae3d3c4cc233d65ce6809ba1fd5d25d29e15d263d5
18,reduzida__baixo,07.04.2022-16-08-34_v00.png,07.04.2022-16-08-34,0,1,5856daebc0d4a9712de402e76daec88745e3160c54c458ceda6147c1c7864407
19,reduzida__baixo,09.05.2022-13-44-42_v00.png,09.05.2022-13-44-42,0,1,ed4ce4cd301426bf76a80ea79bf403e74ab0500234b0f6e983a29fd340e8488d
20,reduzida__baixo,23.06.2022-08-36-44_v00.png,23.06.2022-08-36-44,0,1,a7ae78cc6ad9806b3abd74f9c1efc516e89ebccba9d61a7220331a1b9903cb53
21,reduzida__baixo,10.05.2022-13-53-33_v01.png,10.05.2022-13-53-33,1,1,28a4ced6fec050f0c2a185a5fe22ed55192e61510d615127013e300e30aa2c58
22,reduzida__baixo,28.06.2022-08-28-29_v00.png,28.06.2022-08-28-29,0,1,1a1ccf5c27b38442a9c68287096bdef3aabaa6b8a14713c822b6600ca10c6b62
23,reduzida__baixo,28.06.2022-10-20-54_v00.png,28.06.2022-10-20-54,0,1,c5fb85a015e02419cd550dd208715e4d6e45d973b5f029fa5c77edc3df448d25
24,reduzida__baixo,24.06.2022-10-55-33_v00.png,24.06.2022-10-55-33,0,1,5db961dbbfc0ad5fd61f66b72629f0688ef2177f1ec6acde870d9c70a4f3a834
25,reduzida__baixo,08.07.2022-15-24-33_v01.png,08.07.2022-15-24-33,1,1,a35febeeda6e53196a8565e688762d114d08135d7471ea4cb8e717888a4e96db
26,reduzida__baixo,27.06.2022-14-52-16_v01.png,27.06.2022-14-52-16,1,1,ff5445f8f98d6980b987dc635f7f89c6556df050535f505cd2af2f311dad3563
27,reduzida__baixo,18.04.2022-14-00-15_v01.png,18.04.2022-14-00-15,1,1,25fa832bbd593b1e2e7f2dda64eb617c2be0128ed7ec8910df21b1c966d50d84
28,reduzida__baixo,12.04.2022-08-43-51_v00.png,12.04.2022-08-43-51,0,1,72296b8a9076f8644841be5fa7fd4d2dc907ce4ca90ee8ae3acd83494d087035
29,reduzida__baixo,11.07.2022-15-55-46_v01.png,11.07.2022-15-55-46,1,1,2bba5330d69c9bcaa83706699ca75bf8bd73d5169863ba4e764bc3ce431438ca
30,reduzida__baixo,10.05.2022-16-00-30_v00.png,10.05.2022-16-00-30,0,1,af481fb204476253fcb2ea879ef1508d5c8fbd4b17c0165ba2b449cb6acef2f0
31,reduzida__baixo,18.04.2022-09-49-55_v01.png,18.04.2022-09-49-55,1,1,4e5e8521846cf2c48b8d2a6bbe35595db54bb83f7be109881bbd438da9a994be
32,reduzida__baixo,12.04.2022-10-09-29_v01.png,12.04.2022-10-09-29,1,1,2142f1f74f63171a30ebbf26e6f679068ade08713891c23be3bac438e3de0e87
33,reduzida__baixo,20.04.2022-11-36-18_v00.png,20.04.2022-11-36-18,0,1,72bb836a12aec98567dd8cce4a697a92027b0e0dfdde487676cef3c94274c813
34,reduzida__baixo,12.07.2022-09-59-46_v00.png,12.07.2022-09-59-46,0,1,598dad8fa92f31797d511ac076187e645ecb831877065d5f4e3bc544fe5c446a
35,reduzida__baixo,22.06.2022-14-48-29_v00.png,22.06.2022-14-48-29,0,1,ce3f325ff98a22f6db7aa684f84c13402444ee7d975fd3986bc263664a0181cc
36,reduzida__baixo,24.06.2022-14-11-59_v00.png,24.06.2022-14-11-59,0,1,ddb52f0efb37a1cbd330a94359c587427721a0a30299ab2959c88e4caed5c3a9
37,reduzida__baixo,27.04.2022-16-07-01_v01.png,27.04.2022-16-07-01,1,1,a0e198c053079647964573cdff4c0f02331310f9d4ad0b981fe384d6f790d33b
38,reduzida__baixo,08.07.2022-15-02-29_v01.png,08.07.2022-15-02-29,1,1,d680cc3a3876da9042d10de0cf9bac85f55c3a419bc6a736f8134a757de882ba
39,reduzida__baixo,10.05.2022-15-51-02_v01.png,10.05.2022-15-51-02,1,1,662cb33c16c6b27c46883d75b5e94acbdb152af444a84aa6eb82146c8ff8ef36
40,reduzida__baixo,22.07.2022-16-00-04_v01.png,22.07.2022-16-00-04,1,1,c741bbe0cb0421aa039f61d1b8be0820df22ea11dadac3df814e968c234a61fc
41,reduzida__baixo,07.07.2022-10-33-08_v00.png,07.07.2022-10-33-08,0,1,6cd42ca1072cee20afc01390fcd625b38f80ce1f2229de1a1a9a16e9ea843023
42,reduzida__baixo,10.05.2022-10-27-47_v01.png,10.05.2022-10-27-47,1,1,bc5207f4ae093f4f48506af9b9c9594b0c96aa94df8c9e2e29deac4b3496bec2
43,reduzida__baixo,05.07.2022-09-00-57_v01.png,05.07.2022-09-00-57,1,1,4867890a7636e5cdec2cd4214970a7fe3f91038d5ad8ac729841c9c10646d486
44,reduzida__baixo,10.05.2022-16-17-57_v00.png,10.05.2022-16-17-57,0,1,179b233e56bea862d967e7e3a3654904ccd3c15d4f73441297e2883fb04cd02c
45,reduzida__baixo,27.06.2022-14-40-20_v01.png,27.06.2022-14-40-20,1,1,9c51194290ab0299ed65e619a291090d69b66fa58166d8468381aa70aa5dd903
46,reduzida__baixo,14.04.2022-15-36-16_v00.png,14.04.2022-15-36-16,0,1,c7a84a7503fe6851298c4d558f6d74b8a54a3b127ad0d3238a604ba4881b4c02
47,reduzida__baixo,18.04.2022-14-40-21_v00.png,18.04.2022-14-40-21,0,1,9b9a9441ff67f83811e0d85d57498662aef0efe1497356b76cd8eb8dbc4e2cb0
48,reduzida__baixo,11.05.2022-15-09-21_v00.png,11.05.2022-15-09-21,0,1,3be036bf2797fcc51178a840ace2fa1fda1164c1704e8584d31500d7e8db4ff4
49,reduzida__baixo,05.07.2022-08-43-24_v00.png,05.07.2022-08-43-24,0,1,82ec7fd4fa085c8946d20d8ae0664190cfd3b60fde1c5562e2fc9f42e0bfe266
50,reduzida__baixo,11.05.2022-15-16-07_v00.png,11.05.2022-15-16-07,0,1,45b8d437f27ccef7c393c0543d74f555c25834c47785a9bdb2a8e546a6f555b3
51,reduzida__baixo,14.04.2022-08-39-58_v01.png,14.04.2022-08-39-58,1,1,0ef3d045aa0c2392cec9c3bf06961545c376c6985e6cfdde1cd6a24d8e3be9de
52,reduzida__baixo,04.05.2022-14-35-20_v01.png,04.05.2022-14-35-20,1,1,565e1a0e751215e32c17e7a602c6b1f4dc36d0223e14d9fcf114bb4f70b17898
53,reduzida__baixo,07.04.2022-14-05-54_v00.png,07.04.2022-14-05-54,0,1,39f701566719f6e0d96f5536b11f08d239257a15d56dbbf03deab0aecc2430a3
54,reduzida__baixo,18.04.2022-10-54-34_v01.png,18.04.2022-10-54-34,1,1,3572a246dd91728696300699bcb7c1e3f6c810398167ab342ae91714b66f9382
55,reduzida__baixo,07.04.2022-16-18-37_v00.png,07.04.2022-16-18-37,0,1,37c73adef07bce25018ad580c7e512bf2935b70d5f1ba889eecf7a52d545c1e1
56,reduzida__baixo,28.06.2022-10-20-24_v01.png,28.06.2022-10-20-24,1,1,3dc0a6ee0d90566089d227ce41ef3963b2a58e51a4e6e1808a69eee9ec5cd593
57,reduzida__baixo,18.04.2022-15-01-54_v01.png,18.04.2022-15-01-54,1,1,0c83c5443ad30d2302937872df14943d97c69958e50438c27e2b045b815d54de
58,reduzida__baixo,24.06.2022-09-22-30_v00.png,24.06.2022-09-22-30,0,1,b9bd9b3fc4e39ad30f1a21499084ee3a3a2b4da649ec4fab31db51e84cfbfbed
59,reduzida__baixo,27.04.2022-15-48-10_v01.png,27.04.2022-15-48-10,1,1,b1c23380aaa0e29f308f873346e9c92798a046acabc5f44e2f5bdbcc3d82fcfa
60,reduzida__baixo,22.07.2022-14-30-14_v00.png,22.07.2022-14-30-14,0,1,eb57a53f3a30312e0e38736171fe208971d7477fa502005be0d466aa4145fd79
61,reduzida__baixo,05.07.2022-16-11-27_v01.png,05.07.2022-16-11-27,1,1,bd1bf5a44f3cda06552d12f00492fad092f9070f07d5739ae77dec541fa85185
62,reduzida__baixo,28.06.2022-09-37-40_v00.png,28.06.2022-09-37-40,0,1,b2d8bda15cd0a45ccafb187b60a4a427472f4860a98701a7583d6ca39e9b00fb
63,reduzida__baixo,10.05.2022-13-36-35_v00.png,10.05.2022-13-36-35,0,1,e9d84a7891a9a67f4947487fd921d68182ae3bc9464b2a3865593bf7defe958e
64,reduzida__baixo,28.06.2022-10-27-08_v01.png,28.06.2022-10-27-08,1,1,749f1ed1d6e050072443492add5d989bc7d2f0d4fbe2bcad8f7185c67c8cf864
65,reduzida__baixo,13.04.2022-09-35-52_v00.png,13.04.2022-09-35-52,0,1,1bbe75bd7a1f90f7c6632deb8ea022f9fe3fc5ef9999663e24a13b759a7c258b
66,reduzida__baixo,12.04.2022-10-44-22_v01.png,12.04.2022-10-44-22,1,1,67c71a82adb2fb43746e552c15a960aadff88d92e5ade04c8571c3a7b26c53fd
67,reduzida__baixo,23.06.2022-09-54-50_v01.png,23.06.2022-09-54-50,1,1,ec328aa0b75c0cd9e8c34c7fb364951f422607b422294b7cfacbc18915a0b0b2
68,reduzida__baixo,22.07.2022-14-24-13_v01.png,22.07.2022-14-24-13,1,1,98afcf64e5a2c2c6df7baebeef9b32f43d06ef2b0562f3521d58999a8e1c3e45
69,reduzida__baixo,12.04.2022-15-37-28_v01.png,12.04.2022-15-37-28,1,1,3151688ce368adc63b978b114a44165d54085cf86e160fdec76ce4626d02a8e5
70,reduzida__baixo,05.07.2022-14-09-02_v00.png,05.07.2022-14-09-02,0,1,b1c9e611423dbb3f850524f7bf1298dfabfdc419449b8419c58c9f3415a45026
71,reduzida__baixo,24.06.2022-09-48-48_v00.png,24.06.2022-09-48-48,0,1,f8abfd560176f1ca08129331c4dfd8a100beee0a9fb1504b56bae12512e7fd84
72,reduzida__baixo,12.07.2022-09-59-36_v00.png,12.07.2022-09-59-36,0,1,a38a55e4ce07bf9424a8112c37e5c2f701daffe2301f91fa8b53226a9334c478
73,reduzida__baixo,18.04.2022-13-38-40_v00.png,18.04.2022-13-38-40,0,1,741d5a0f2ab858820fa1d90a1f52474f04b7b83347fd81b00f7e4712326e0029
74,reduzida__baixo,07.04.2022-13-47-55_v00.png,07.04.2022-13-47-55,0,1,a8667a9a1b711c8077de4e23fa13b6a4d434846fe0dd2164979245e7a1f52cde
75,reduzida__baixo,10.05.2022-11-10-54_v00.png,10.05.2022-11-10-54,0,1,7d77896e0d1c7e50da725f2d2865afcd4d3ede78fd355368e9b3e3ba65309eca
76,reduzida__baixo,07.07.2022-10-30-43_v01.png,07.07.2022-10-30-43,1,1,af65981dc393394324ceca0ffa5c01a794acc24932a3bc610ab9db3b9b592384
77,reduzida__baixo,23.06.2022-16-17-01_v01.png,23.06.2022-16-17-01,1,1,0c3a625b3bfdb9fa9146818112102ece7c4ea7330d08c9848dd8e98cdc22dde9
78,reduzida__baixo,22.07.2022-15-43-12_v00.png,22.07.2022-15-43-12,0,1,5b55ca248a6b319c829bdddba7b16fb037b1297f44d8251eb787ab72a3574323
79,reduzida__baixo,14.04.2022-15-57-06_v00.png,14.04.2022-15-57-06,0,1,7b1d4636af7efdf167994674b48262bc2c741bdb16f5360491d6dfd05f98f01f
80,reduzida__baixo,24.06.2022-14-42-55_v00.png,24.06.2022-14-42-55,0,1,05d064e0a6c3fe7442adf7965293cf9a5f5b20c9aca6f2dcae5214090e584b48
81,reduzida__baixo,18.04.2022-11-11-01_v00.png,18.04.2022-11-11-01,0,1,f335ae5dee70849a1d4a2d5d7006bed9ddf5923370d6a43b4cc8b9e9ec0cf2f2
82,reduzida__baixo,24.06.2022-11-08-25_v00.png,24.06.2022-11-08-25,0,1,fcd60a15b77ab020194ca1e53019182202c5fc52b1b3a7a196a102ec0f66123b
83,reduzida__baixo,28.06.2022-08-39-10_v01.png,28.06.2022-08-39-10,1,1,84026d8ff51c814ac4572f213346d1a8385004f8bf28f50c92381ed0aca49556
84,reduzida__baixo,04.05.2022-15-01-54_v01.png,04.05.2022-15-01-54,1,1,da763d067a164c2891c590c0ebe45c93d3f654827ecc12a4ec8b29734c0b08d3
85,reduzida__baixo,13.04.2022-15-02-55_v01.png,13.04.2022-15-02-55,1,1,3599181318492458b3c4ac1635027d7f45efd1f9e7d68197c35a78da034e19f0
86,reduzida__baixo,18.04.2022-14-49-13_v01.png,18.04.2022-14-49-13,1,1,75c929d8faba3a377681ef250d93f5d11bd1c2ee2d72f0ee2eca528b02682729
87,reduzida__baixo,10.05.2022-11-10-54_v01.png,10.05.2022-11-10-54,1,1,8083d9bcc494bc5e3ce8aba4f3f00810592a5d2a9581807fbb25c34b775607d8
88,reduzida__baixo,11.05.2022-13-49-17_v01.png,11.05.2022-13-49-17,1,1,ebc8ca392c06cb598bb4740149cfb9b28f394e4eee038d7f73eef7bbc82e5629
89,reduzida__baixo,27.04.2022-16-03-13_v00.png,27.04.2022-16-03-13,0,1,f63363df77032ffbc23550694af71a5f033e6c71bd40bb982130fc4b1956c34c
90,reduzida__baixo,18.04.2022-14-23-26_v01.png,18.04.2022-14-23-26,1,1,6d3d27816c03349c012f372e0f33ac29722aaf1cd6032be972163dc29692201e
91,reduzida__baixo,11.07.2022-15-43-01_v00.png,11.07.2022-15-43-01,0,1,4d667ca621f21a5dc2a8dcb7753aeba19e9f5b034012a8c33581104b3af1c668
92,reduzida__baixo,12.07.2022-10-41-48_v01.png,12.07.2022-10-41-48,1,1,697eff28af7191b318d2f177a2b9e9210dee6a440deabed09fbad4ec5a441fa5
93,reduzida__baixo,23.06.2022-14-12-29_v01.png,23.06.2022-14-12-29,1,1,086eff969f8679d4356efb7791edffa12e3e92ec0966ac797ac25c325b58bd28
94,reduzida__baixo,24.06.2022-14-50-21_v01.png,24.06.2022-14-50-21,1,1,30448dc52189f3a835dcf224c2b803e577aa04e6d875d5cc2f1b1618f4ce3cd8
95,reduzida__baixo,05.07.2022-14-53-20_v01.png,05.07.2022-14-53-20,1,1,41ed567954a006750cfe7a0bada773c2ef7480dec56453d427c679e43934b042
96,reduzida__baixo,13.04.2022-16-04-44_v01.png,13.04.2022-16-04-44,1,1,a403f16ed7e9e9b5a6a4d9240cf1b4e56fb6b79e879a04fe7457fd8aa0c0f812
97,reduzida__baixo,27.06.2022-09-01-40_v01.png,27.06.2022-09-01-40,1,1,14aeacd28b0370b9e56365e76a67da69501d3ad5db59917e352dd0f8c5ab9504
98,reduzida__baixo,18.04.2022-13-49-30_v00.png,18.04.2022-13-49-30,0,1,a7c2873693fafb1a1483f556972fec7a0af3075359810ebc9c6dea7ee19efc00
99,reduzida__baixo,27.04.2022-16-07-01_v00.png,27.04.2022-16-07-01,0,1,b3551ecc370995a677478b9acb9a0bd7b3032be702c7fdfe5128eb0ee4fce808
100,reduzida__baixo,22.07.2022-14-18-32_v01.png,22.07.2022-14-18-32,1,1,fd4dfe1a8b5ddcb5412a744193083f0ed23fef028d9236a0063db9be7164203f
101,reduzida__baixo,05.07.2022-08-53-43_v01.png,05.07.2022-08-53-43,1,1,1d405762d9ff18ddbf32fe345d7c30dd49e54c8e2a8442d207fbde8f5841610b
102,reduzida__baixo,07.04.2022-14-47-47_v01.png,07.04.2022-14-47-47,1,1,b77d60461bbba2973ac01345770d86d2a8e384f3dd29e911482d9a869f9b6459
103,reduzida__baixo,07.04.2022-10-53-11_v00.png,07.04.2022-10-53-11,0,1,c60457c7c4cc7d6e9aae2aeb08d5501fc7e72fd7717bf2b0dec3f346fa37e0be
104,reduzida__baixo,20.04.2022-09-34-52_v01.png,20.04.2022-09-34-52,1,1,ddce55253660afebb3af3bcad96833ae79e64d6ee31bc8fceff20fde8db76545
105,reduzida__baixo,22.07.2022-10-17-41_v01.png,22.07.2022-10-17-41,1,1,190162b1a8c20b55387cceeae97f0a30a6857e1fcdb0e7e9eed4696bcece840a
106,reduzida__baixo,27.06.2022-10-06-50_v01.png,27.06.2022-10-06-50,1,1,0d8b0ff45eaf70038c2175654e8a125e0bf39e6863f752e2789d25535db3d040
107,reduzida__baixo,11.05.2022-15-07-04_v00.png,11.05.2022-15-07-04,0,1,1880d74b4240943324a1ed20463576c73804b7da120329eb5f8ca4de11fe954a
108,reduzida__baixo,14.04.2022-15-36-38_v00.png,14.04.2022-15-36-38,0,1,165b275b9d42d0cfe0d51cfcfbca1d2659360ab23dac176d4baa5893913c5ee5
109,reduzida__baixo,07.07.2022-09-26-33_v00.png,07.07.2022-09-26-33,0,1,4e0a873c6041682507c80aaef4538bd07f2a065a7a896cae8cc76a9db9daef58
110,reduzida__baixo,13.04.2022-15-44-27_v01.png,13.04.2022-15-44-27,1,1,bf5cfe891125a3c9833913e7935b9548932b1ff671f97bfd75a0ac1fcea5bf44
111,reduzida__baixo,27.06.2022-09-55-21_v00.png,27.06.2022-09-55-21,0,1,613728a2146abbf3a8d87595e7b2746ca06fe0a7b1243d936d8f06df41f14ded
112,reduzida__baixo,10.05.2022-14-04-48_v00.png,10.05.2022-14-04-48,0,1,6cd42366cd51e6902963f45e797a1bf5398720067b155138d34a631ff1f802fb
113,reduzida__baixo,07.07.2022-10-33-08_v01.png,07.07.2022-10-33-08,1,1,99e8040c1c747c0efef34d6cc2aa0f4de8b38aa152d768b7192bd67df19c3420
114,reduzida__baixo,13.04.2022-14-39-41_v00.png,13.04.2022-14-39-41,0,1,c093bea5ece4fdccf2b3dd3153f7dbdd171fa23fd59ddbaa83c078cb574348b8
115,reduzida__baixo,04.05.2022-15-01-54_v00.png,04.05.2022-15-01-54,0,1,f6d79ce4f3a11a021556176d9a8985d0e705979ac4e627b30feaae46b6433c08
116,reduzida__baixo,09.05.2022-15-44-37_v01.png,09.05.2022-15-44-37,1,1,310b3cc8d8ac2a9c6d3a9e74285ca71eb04f3765755c64c740cd233fb85844f8
117,reduzida__baixo,28.06.2022-10-03-49_v01.png,28.06.2022-10-03-49,1,1,33350ea8d382e5d7775d64911ced30ce03915a7bd595c0109f9748c5492fd9dd
118,reduzida__baixo,18.04.2022-09-45-29_v01.png,18.04.2022-09-45-29,1,1,5de066308828fa90f305fa42913922d773dcda1f5f944bd009e156d471d2b951
119,reduzida__baixo,13.04.2022-14-31-51_v01.png,13.04.2022-14-31-51,1,1,a5ca04ab5f8bbaa4c1df44488d46ed3f41e39935e56918ef8f3d3102b7ea672d
120,reduzida__baixo,27.04.2022-10-33-15_v00.png,27.04.2022-10-33-15,0,1,4272b5228e9384c78a931921cff026d7c673c222c7cfdfa0f4d3d7257c655033
121,reduzida__baixo,23.06.2022-08-31-59_v00.png,23.06.2022-08-31-59,0,1,5dda77dfafcb8f79f2ac45988a8a6d7ec591728c0e92bd2dc27ecae443a9aab0
122,reduzida__baixo,14.04.2022-09-06-52_v01.png,14.04.2022-09-06-52,1,1,14d0a574df1e218a94c4a304c0b53923883f9577247731e36a6f56ac405e7ad4
123,reduzida__baixo,22.07.2022-15-54-15_v01.png,22.07.2022-15-54-15,1,1,574ae9b299cb7e75b9730c8ae6e6db4eb40ecd61ba2783286f645708d9daf5d4
124,reduzida__baixo,05.07.2022-15-12-54_v01.png,05.07.2022-15-12-54,1,1,6dc7db8cb626b3554de80892d2560bd2043941d7861498b07e47bf74a8cc24bc
125,reduzida__baixo,24.06.2022-09-45-34_v00.png,24.06.2022-09-45-34,0,1,c8aab8645a0156404d950344fac3cf8cd8c03c8df8eb837fe6747be7cceede92
126,reduzida__baixo,04.05.2022-09-48-18_v00.png,04.05.2022-09-48-18,0,1,287e64e7731fbe017a506e60b968452f88930dfafb987183a2811b817ae5d70b
127,reduzida__baixo,05.07.2022-14-14-30_v01.png,05.07.2022-14-14-30,1,1,dff915f994b24a5cd631825a4c8176d3511d8d5c22ba2d37afd999c7e92db0c5
128,reduzida__baixo,18.04.2022-15-45-23_v01.png,18.04.2022-15-45-23,1,1,3a584bc62fabd0106505a327cc2ea4027d7d45afd3e9b5e8f4470340018811cd
129,reduzida__baixo,27.06.2022-09-08-11_v00.png,27.06.2022-09-08-11,0,1,f09934d033192dbf07dc7af7faa121879a6cee49df952ad41847fca8256daf98
130,reduzida__baixo,20.04.2022-09-28-31_v00.png,20.04.2022-09-28-31,0,1,8037894d52965b7772f558cb6c2ccd56d937fb0434b6c1b4bde865341bfe5830
131,reduzida__baixo,08.07.2022-15-11-52_v01.png,08.07.2022-15-11-52,1,1,c18c88924df5954105ac916b14a979e1006be3e6fed27d4e4076a59b25218bca
132,reduzida__baixo,10.05.2022-10-23-20_v01.png,10.05.2022-10-23-20,1,1,a6f8df0808fc78854b53c14cd2084814bbfb5822ff5cb7f10267bc6f9c519bff
133,reduzida__baixo,22.07.2022-09-53-15_v00.png,22.07.2022-09-53-15,0,1,fe718b2b72fa15de4fcb1323ec97fdc4cc4e5b425e007f8d56d06cc0b9d2f634
134,reduzida__baixo,05.07.2022-08-49-00_v01.png,05.07.2022-08-49-00,1,1,d9fda7887cf82e75044820e03c4f58e1a4b55e1fff26bc3a52f0311e16956d3a
135,reduzida__baixo,01.07.2022-10-52-47_v00.png,01.07.2022-10-52-47,0,1,361a25235a78e831ea7f0897a7d604b5d0aa5292a305765418a3a2f2c8589b4a
136,reduzida__baixo,27.06.2022-16-14-25_v00.png,27.06.2022-16-14-25,0,1,8653fe34fe6e831714f658eb764d82519cee098a263ca0b6f7006af868490b61
137,reduzida__baixo,27.04.2022-08-48-19_v00.png,27.04.2022-08-48-19,0,1,900716f8ee24f070621a1891b773d67bc052fbb3136ee4839cc74347e80fd4b4
138,reduzida__baixo,05.07.2022-09-05-49_v01.png,05.07.2022-09-05-49,1,1,cf7abe46d8c08235e02318dedf9db63d3b90b8c784a075073639e38ab672b4d2
139,reduzida__baixo,07.07.2022-10-26-42_v01.png,07.07.2022-10-26-42,1,1,067c8014b3375b5b4ab465fb147f4e95d5de69c9d73f39b9317170009a43e09c
140,reduzida__baixo,04.05.2022-14-41-45_v00.png,04.05.2022-14-41-45,0,1,c1b7f63bd4b22938c89f963897838fee31296eeeb0660b56cdbfc8c35127ecea
141,reduzida__baixo,22.06.2022-15-21-54_v01.png,22.06.2022-15-21-54,1,1,5f290025ee2bdf37cb013a01dfcb363bcb09eae326245b05f52480f04f0ae16a
142,reduzida__baixo,27.06.2022-09-07-40_v00.png,27.06.2022-09-07-40,0,1,16cba9b034bdb908c9d7725e577cbefa377fd5c79163134a9ba9706c47297c96
143,reduzida__baixo,11.07.2022-15-56-11_v01.png,11.07.2022-15-56-11,1,1,795b8136f03c73c5cd8052e57f4cd2437444840110fd6e8680b7fc760199d1c9
144,reduzida__baixo,05.07.2022-09-58-48_v01.png,05.07.2022-09-58-48,1,1,837a3e5f15d297b9fb71e40aebf4eac6feb8c2773f325949d91cd2ed16949034
145,reduzida__baixo,07.04.2022-15-27-51_v00.png,07.04.2022-15-27-51,0,1,e6ba7c0994e707be5e17a6b947e5beb0cf5c70c42859e4e3a8782204ef4480a0
146,reduzida__baixo,22.07.2022-09-54-04_v00.png,22.07.2022-09-54-04,0,1,d4e8c2a26826ce58b80d57b38d55d802a940d49bf2304e15a30399ac2b3f7aa3
147,reduzida__baixo,22.07.2022-10-19-34_v00.png,22.07.2022-10-19-34,0,1,2ef8c30e85e642283f1c80aed034eac6fd42176b7cccb5a30b9e369c07bce6b4
148,reduzida__baixo,09.05.2022-09-29-54_v01.png,09.05.2022-09-29-54,1,1,3b30832899cd8333f65121bbdd9f98553261ba279f9b00ece4e4d280f0899072
149,reduzida__baixo,05.07.2022-15-12-00_v01.png,05.07.2022-15-12-00,1,1,2ca7acd6b80ed5c3eb6b614b488234a3e59f9200a75943c79152e698e738ddc1
150,reduzida__baixo,07.07.2022-10-44-52_v01.png,07.07.2022-10-44-52,1,1,e11c24be5a2bbccea9fd114da19a17c3f964ebf342362b2ae4be1fe08cccf1de
151,reduzida__baixo,18.04.2022-10-37-09_v00.png,18.04.2022-10-37-09,0,1,e0cc8c2d131bc821b74ba96ff6a3bd4b3a782ddb60b93bca6dd4c96a8694d5c6
152,reduzida__baixo,09.05.2022-14-21-20_v00.png,09.05.2022-14-21-20,0,1,5c61fbbc5b836be27e0c24a30fcd78173fede657dbed32c9fb4b19e31a8a1bb8
153,reduzida__baixo,24.06.2022-09-41-38_v01.png,24.06.2022-09-41-38,1,1,f4616c239decf9fffd1b3640336f370625356510a3da5a406317f2e15a1e363d
154,reduzida__baixo,23.06.2022-09-32-14_v01.png,23.06.2022-09-32-14,1,1,bdc487f78da3fc6b42e89464261076b2a2d75b164225768f1181cd4b20e0ddb9
155,reduzida__baixo,10.05.2022-15-51-02_v00.png,10.05.2022-15-51-02,0,1,24897579d86b03a6b1498ccc14891d1dab21af1ee3c0d9c0ee53332dbdffa7e8
156,reduzida__baixo,11.07.2022-15-44-07_v00.png,11.07.2022-15-44-07,0,1,0af7dca72c20bb0525fe16b1c4549c4ad6ef46cf39ff807164cb8cb8e189546d
157,reduzida__baixo,27.06.2022-09-21-30_v01.png,27.06.2022-09-21-30,1,1,ca4a33adec613ceee297fe861df75a4f800c948a88dd6d3aa806110f0ddb1427
158,reduzida__baixo,24.06.2022-09-29-02_v00.png,24.06.2022-09-29-02,0,1,f79c64d057b14e28d9d343a23cafe1bcf5f8991fca8d153aed8620a29f56277c
159,reduzida__baixo,22.07.2022-10-19-11_v01.png,22.07.2022-10-19-11,1,1,be9f9dab174d8e1e2b028193dd700380765a27ae5e8576eae8c6a425f22b7ef8
160,reduzida__baixo,05.07.2022-09-35-39_v01.png,05.07.2022-09-35-39,1,1,7bf14257da45c80bddb316c4e1ff1c605d4270c7c8fd5316d8fa98da5e14403d
161,reduzida__baixo,27.06.2022-09-21-44_v00.png,27.06.2022-09-21-44,0,1,982884bb86999b9e469e8417d364163230fa80411a40b4f18c64b46a28d4fee3
162,reduzida__baixo,22.07.2022-16-00-19_v00.png,22.07.2022-16-00-19,0,1,9c66703b83975fdefa825d92d056047d9d68d72f374c5cf1510099dc2ed2a23a
163,reduzida__baixo,18.04.2022-14-18-53_v01.png,18.04.2022-14-18-53,1,1,648666cf76e5e30e48dba9c44d5e82c4c21063d0a118239bc9c47fa36c067cdb
164,reduzida__baixo,14.04.2022-15-17-22_v00.png,14.04.2022-15-17-22,0,1,28d8e7f6e521bc70bca3d335e6c1ffe1abe3d5f8f356053a7bea40f7dc236f1d
165,reduzida__baixo,09.05.2022-11-10-06_v01.png,09.05.2022-11-10-06,1,1,651c4f74ab42266702736d04de5ab27f5be69383ee46db8e377413237bdc015a
166,reduzida__baixo,12.04.2022-10-51-10_v00.png,12.04.2022-10-51-10,0,1,ae2c111cd4e088f2ca75f1de64f423a2a0cbb105d177ee24a29075fda142342d
167,reduzida__baixo,04.05.2022-14-12-40_v00.png,04.05.2022-14-12-40,0,1,44be8db3052074561d3976d67795c29706d6c073100e83ad7990a7bdfe0c17e4
168,reduzida__baixo,09.05.2022-09-34-16_v01.png,09.05.2022-09-34-16,1,1,b21f55466711d47047fda29f41715389f6ea808921ce836a164b0c93515a8ecd
169,reduzida__baixo,11.07.2022-15-52-18_v00.png,11.07.2022-15-52-18,0,1,c874faf43246a42d8c186807646be486fc34538573814e8693359bf7d7009973
170,reduzida__baixo,13.04.2022-10-45-12_v01.png,13.04.2022-10-45-12,1,1,0a15fc687e4367a19bbe947b7c8ea0242d20277455b4078a8df80983680dcc53
171,reduzida__baixo,05.07.2022-10-45-30_v00.png,05.07.2022-10-45-30,0,1,f80ae4de31163ca92be7229811ae7fbbdc725a619df5e30a0cee26124c26665f
172,reduzida__baixo,22.07.2022-11-16-33_v00.png,22.07.2022-11-16-33,0,1,b85f3979fbf3e68820b302a2a82aade5aaa49902b8286e5d3427f836baefb93e
173,reduzida__baixo,07.04.2022-10-33-09_v00.png,07.04.2022-10-33-09,0,1,f89a5f6c9a3f848aa30108b9d439b27a8f14d408dd28e1e200f30186b2a91b38
174,reduzida__baixo,13.04.2022-15-44-27_v00.png,13.04.2022-15-44-27,0,1,ead84e2c98b72872462f68a353ef1a176a63b70390e94c1eed5a768d8538205c
175,reduzida__baixo,08.07.2022-14-59-24_v00.png,08.07.2022-14-59-24,0,1,b569b087cd3308af0941b42fa8a2dac65bf5fed4e7a11f891a75da5242d97199
176,reduzida__baixo,20.04.2022-09-41-35_v01.png,20.04.2022-09-41-35,1,1,e97d3b43da70df407675d01bab722e87b84051a8e43b9f85f1e7a610a18bfd54
177,reduzida__baixo,05.07.2022-15-11-37_v01.png,05.07.2022-15-11-37,1,1,24aeb5dd5ef2fd4cb3ef1930e10b0e2d3ea14256683275f352f8204c37c46aee
178,reduzida__baixo,22.07.2022-10-02-37_v00.png,22.07.2022-10-02-37,0,1,d93d3402e757bc29378210634c052f1f9d32665a9486e577d0cb1e859d644f5c
179,reduzida__baixo,18.04.2022-15-42-31_v00.png,18.04.2022-15-42-31,0,1,89fa7318e13b67f68757073333179179b38c444224b2a216420c1624dac5a890
180,reduzida__baixo,12.04.2022-10-57-32_v00.png,12.04.2022-10-57-32,0,1,1e7efd97e3ffda156296e6629b082dc517b776ecc65e4d2bd34c212cd6fcd1bd
181,reduzida__baixo,14.04.2022-10-25-38_v01.png,14.04.2022-10-25-38,1,1,f358fd7d95f24fab8bc59769a1be28d6de3412334dc84a159a720fd8f76de163
182,reduzida__baixo,01.07.2022-10-51-03_v01.png,01.07.2022-10-51-03,1,1,2ff1e017d2920f98ab60a78bec83197ec06c5079cf23f797b6132ca54210f986
183,reduzida__baixo,24.06.2022-10-14-43_v01.png,24.06.2022-10-14-43,1,1,27b46fc06edba4fe3bd63083575b3bca7a4f4e74f367dad82a0302a565d0b75a
184,reduzida__baixo,12.04.2022-10-05-52_v00.png,12.04.2022-10-05-52,0,1,acccc4d9848f9c2e02d2850261844a88ef21ec623650f87ed07f175153c6f297
185,reduzida__baixo,05.07.2022-11-21-38_v00.png,05.07.2022-11-21-38,0,1,2d086a2cf317d911b0e8590ebad86bbc48bddc656f6864f935dde0ceb873068c
186,reduzida__baixo,10.05.2022-14-02-02_v01.png,10.05.2022-14-02-02,1,1,8f6a07f89ddc2f1a7aad1fd4d5ca220e3022464c394dc97ce396125bcd80ea2b
187,reduzida__baixo,04.05.2022-14-37-57_v00.png,04.05.2022-14-37-57,0,1,ca5e9b28e6ca479dae5ba6b5795471d5720bdc44cdd19937f75d0dcecf6864fe
188,reduzida__baixo,14.04.2022-14-03-05_v00.png,14.04.2022-14-03-05,0,1,dbdd8a43785cf44a97cbb5ebff4b45800ee44373bee1f39960c7e7a3b8465a55
189,reduzida__baixo,23.06.2022-09-13-44_v01.png,23.06.2022-09-13-44,1,1,11f439c35666118c3c81ac2efe31a49aaf9338e064736734346ca76469da0041
190,reduzida__baixo,18.04.2022-14-24-12_v01.png,18.04.2022-14-24-12,1,1,52227c2cea7eeb146ac18bf5acb535d3d6418c04c20ba2e96a530373c44d8b36
191,reduzida__baixo,08.07.2022-14-53-04_v00.png,08.07.2022-14-53-04,0,1,cd9197d3dd9d9ab0eb51dcae195e1227e77aa91a5a3201341c2f643944c378e4
192,reduzida__baixo,27.06.2022-08-48-20_v00.png,27.06.2022-08-48-20,0,1,5b22744d330d24997e15330e8f182af164271d559d5ade2361b793d42e8f45f6
193,reduzida__baixo,23.06.2022-11-10-58_v00.png,23.06.2022-11-10-58,0,1,03366ebd6f7497d797cf67510288962a0b377bdfd517bd67da65b589918ec6b0
194,reduzida__baixo,11.07.2022-14-32-58_v01.png,11.07.2022-14-32-58,1,1,847b9a676c35bae06da714d7381b11d92045241f301ea8eceb76481bcc0e040a
195,reduzida__baixo,07.04.2022-11-24-06_v00.png,07.04.2022-11-24-06,0,1,73009ed9a77d477ca025c0c1cbc39681e9aa9d6192c85aceb0f5e303f6e40ae6
196,reduzida__baixo,22.06.2022-14-14-28_v00.png,22.06.2022-14-14-28,0,1,1965c6e4c565a90d782c76678e499646eb6d43582399ce22edfe3db60c800508
197,reduzida__baixo,13.04.2022-09-40-15_v00.png,13.04.2022-09-40-15,0,1,babfff33855e2af61a3b2dfe21916d85392a89f851a56f169bb6fe269e5b64e2
198,reduzida__baixo,28.06.2022-10-06-21_v00.png,28.06.2022-10-06-21,0,1,559850c00c8367d2643470c91ed0c764b33de4f7eb249d04b3fa4e34bfdddcfb
199,reduzida__baixo,24.06.2022-14-03-36_v00.png,24.06.2022-14-03-36,0,1,f622e114c818f90fed8cb40c78d2ea74f1e2d54bca84ea7d14410d19da11c5c1
200,reduzida__baixo,23.06.2022-09-47-29_v01.png,23.06.2022-09-47-29,1,1,3dba0d255e44c996c86b8a52b9870fe0da42bd69e4fc884e66bbb88981a990d5
201,reduzida__baixo,23.06.2022-14-59-32_v01.png,23.06.2022-14-59-32,1,1,7f8ce8ae2c5cdfc1e6735007a89316cdbbc7e8bcc46e0d181024ff6d13b08adb
202,reduzida__baixo,07.04.2022-10-58-46_v01.png,07.04.2022-10-58-46,1,1,cd41d64dfffc50cd5faa241c0be7cc7d457658a9e40df4e1b18fff98035480aa
203,reduzida__baixo,24.06.2022-11-04-12_v00.png,24.06.2022-11-04-12,0,1,e06795d9305e743bb06f4944753d2c7594f9e1a244ecee5a2df2d92bde2addeb
204,reduzida__baixo,11.05.2022-15-25-59_v00.png,11.05.2022-15-25-59,0,1,a1cf2a2beb45dcfc5bf43ba60c8bb9668fe2b3cad8322a95d58d54924bf2f43c
205,reduzida__baixo,07.07.2022-09-53-03_v01.png,07.07.2022-09-53-03,1,1,754dac517639806a9651c26742a73b32702a200f07b43705fbe63fcca8df16f9
206,reduzida__baixo,20.04.2022-09-51-02_v00.png,20.04.2022-09-51-02,0,1,9b6fb570b3c2707839732701724b0e8cd05ce2a1fdcc544d11d4ca15fb9f527a
207,reduzida__baixo,11.07.2022-15-45-30_v01.png,11.07.2022-15-45-30,1,1,7f3b11c9a145c90ec1809a8d91c3fde0ef3c99578b0d349d95021aa327702419
208,reduzida__baixo,23.06.2022-08-40-38_v01.png,23.06.2022-08-40-38,1,1,a0efd4bce5cb60a8fb37f89bf589b98af3e92f9d3c13ef187ef09f65d1def7b3
209,reduzida__baixo,11.07.2022-15-51-30_v00.png,11.07.2022-15-51-30,0,1,fa0cadb057f9789008e053afb426dd306823cc3a4ac9ad8091e3ee61b2ff5e7a
210,reduzida__baixo,22.07.2022-09-54-04_v01.png,22.07.2022-09-54-04,1,1,cf9c3086cc92cec4552e26ebc93034ad778fd38c65fe4ba3de691db8a5edc2e3
211,reduzida__baixo,14.04.2022-10-18-56_v00.png,14.04.2022-10-18-56,0,1,b844e7bfb1bab44f6eda39a9f67972dca40371f6381ff5cb3f85ebd0d8431d39
212,reduzida__baixo,13.04.2022-10-36-51_v00.png,13.04.2022-10-36-51,0,1,e731f334bd6253041ed16df29d3aa4f41086f8168e5b22005e6e676a20456112
213,reduzida__baixo,18.04.2022-13-32-10_v00.png,18.04.2022-13-32-10,0,1,2bcdfe20436b8295794e44a0c18f06d3b97f214affd1c6dd15195b70c7992035
214,reduzida__baixo,22.06.2022-15-47-27_v00.png,22.06.2022-15-47-27,0,1,8e0e51b696c0678575a834e72bcc44e0fe0f8bb1c13d025e41329fd3424131cd
215,reduzida__baixo,22.07.2022-10-19-11_v00.png,22.07.2022-10-19-11,0,1,43c822c65b9b6fcd55ce6a7b23b8dbc8254530acfa449b7f7c2dd613d344b1f4
216,reduzida__baixo,07.04.2022-11-23-35_v00.png,07.04.2022-11-23-35,0,1,7a5cc8495ef82ed20cbad4956dc1242907b62e7443671a1755d866cfbc025b51
217,reduzida__baixo,27.04.2022-10-47-11_v00.png,27.04.2022-10-47-11,0,1,b0b1b08c7282904e93d10c66cc817978c76df539cf5cda30eaa0a3a1c920802c
218,reduzida__baixo,27.04.2022-16-05-04_v00.png,27.04.2022-16-05-04,0,1,ca93cceb51f0eb825edbe6fb46238c95cda18813d66fec7242d74823a47d373e
219,reduzida__baixo,08.04.2022-09-43-25_v01.png,08.04.2022-09-43-25,1,1,4f0eb937b91c2e8404cf3a285078c173896400edc9f294a0cd16c8b9244867e4
220,reduzida__baixo,12.07.2022-09-59-53_v00.png,12.07.2022-09-59-53,0,1,0d82b6955b22e86be9af303dca423ba053138a6cb843d1d214d82048fd291021
221,reduzida__baixo,05.07.2022-09-43-02_v00.png,05.07.2022-09-43-02,0,1,5b1035b2b9f85b447d570d25366c8e8ec8e44dcf99a679a4228ac1672531ef6d
222,reduzida__baixo,24.06.2022-15-11-33_v00.png,24.06.2022-15-11-33,0,1,687bb85cde348895f8c21a0cba13cbcb765c49653b4ad561599e2d27551ef31c
223,reduzida__baixo,08.07.2022-15-13-02_v01.png,08.07.2022-15-13-02,1,1,4b0ceee6d2bf02ed4e94c58ebc2aa53df9c6212ed0db1b543b5019da286f0b10
224,reduzida__baixo,07.04.2022-11-02-16_v01.png,07.04.2022-11-02-16,1,1,87a3f0a39059c3702d31d2febb6711198b761123749542f78f1efa320812059a
225,reduzida__baixo,13.04.2022-15-39-57_v00.png,13.04.2022-15-39-57,0,1,a54daaa3859c14e2273df23ac7d7827f4b9a269dc03966a56a5193f5899683ec
226,reduzida__baixo,11.07.2022-11-08-34_v00.png,11.07.2022-11-08-34,0,1,50ed17a6f197b870d72893d9e0f2922ecf1b999f81f250bce133d6b8dd895b26
227,reduzida__baixo,28.06.2022-08-31-27_v01.png,28.06.2022-08-31-27,1,1,80a864c3a6cf09761cc16d3c0949e3c836e380e14e0a263a663c8a7e766d2ae4
228,reduzida__baixo,14.04.2022-14-03-05_v01.png,14.04.2022-14-03-05,1,1,01ac516ae3b692c79a3d2cf32713c1b04e433eae5da65ac6430f15ffb4aa5daa
229,reduzida__baixo,12.04.2022-13-30-24_v00.png,12.04.2022-13-30-24,0,1,c3318795d753f3b6014d9295cc6e08f27b4b5021f6021f93a867dadd000ba70e
230,reduzida__baixo,08.07.2022-14-50-41_v01.png,08.07.2022-14-50-41,1,1,d52081c3cefb5e15f702222c76054e58409f07ce5f7f3407d0cd84ad2d9aa7e1
231,reduzida__baixo,22.06.2022-14-32-26_v01.png,22.06.2022-14-32-26,1,1,ca3ef6de656fb1e00da0d4d84c2733ba7b3b0d9a9214c4b73658a218de5838e0
232,reduzida__baixo,10.05.2022-14-04-10_v00.png,10.05.2022-14-04-10,0,1,8b1efa9c27737916171a98529251b24fe597911d655ad8076147b9f2a8a30442
233,reduzida__baixo,07.04.2022-10-53-11_v01.png,07.04.2022-10-53-11,1,1,e4162adb3fad6c7260990ce15685a6039dc6d4d4cd0a60eb375b3963cf3747d4
234,reduzida__baixo,11.07.2022-15-43-18_v01.png,11.07.2022-15-43-18,1,1,25b9cdad1582b2b070fd4a6c9bef7aa35ec0f7b53d859085d32800d411917523
235,reduzida__baixo,23.06.2022-15-04-53_v00.png,23.06.2022-15-04-53,0,1,f109c10e881bb7213e3d23cb8440d1cc7c2748545c1a2f8626effd7974585344
236,reduzida__baixo,01.07.2022-10-42-41_v00.png,01.07.2022-10-42-41,0,1,af2b83772fbdafd1996587d5db86169967dd717b9b19fdd8cc5b73d3806b2210
237,reduzida__baixo,11.05.2022-14-18-39_v01.png,11.05.2022-14-18-39,1,1,10d84c950d14b885b5835e8eb3a1cc173467e733d6f7ab54538b3a076b8c61a3
238,reduzida__baixo,12.04.2022-10-04-14_v01.png,12.04.2022-10-04-14,1,1,10824dbae0251a52575033427825602974fcb242990c9a43976d3c68cf39d8c4
239,reduzida__baixo,22.07.2022-14-23-44_v01.png,22.07.2022-14-23-44,1,1,20ebe0a2eae5f5ead86e6e403659d6e87a16aaa0a10a79295cfd6b591ddf9859
240,reduzida__baixo,08.07.2022-15-26-34_v00.png,08.07.2022-15-26-34,0,1,11f170fa5fe707a6a58ddd61e56613cc9fd2af9ea156b3242da0b6c59af9e69b
241,reduzida__baixo,05.07.2022-13-54-27_v00.png,05.07.2022-13-54-27,0,1,f79f4ceedc89ad9ab2982acaa250d679f3361c8cf898a62e5e8427511dc4c945
242,reduzida__baixo,14.04.2022-13-35-09_v00.png,14.04.2022-13-35-09,0,1,65c50720f4ed0f0efbbf34ff083050c141d1cd7b72459c5c738dd31bfabcf7f2
243,reduzida__baixo,12.04.2022-14-28-19_v00.png,12.04.2022-14-28-19,0,1,50c06678db6ff6f7aec71960c415d3646cde4bcd55098a6ced91887f52f9348d
244,reduzida__baixo,05.07.2022-16-08-34_v00.png,05.07.2022-16-08-34,0,1,d26917af24a2e00904e5e19aa1886d6361ea626c785443994cb419e0f3e1c8cc
245,reduzida__baixo,07.04.2022-11-07-29_v00.png,07.04.2022-11-07-29,0,1,5a815f0381288543d3c351fcb993e6e56665376253c7d3d9380d7ead5ce33900
246,reduzida__baixo,28.06.2022-08-40-10_v00.png,28.06.2022-08-40-10,0,1,11aeb8a28e0e0843489d6f0175719d8ce8d14cbfed9e89118bb704b414711f3f
247,reduzida__baixo,28.06.2022-11-18-29_v00.png,28.06.2022-11-18-29,0,1,153275f85e7670637c4f385eca3401d1bdbd99bdd010b711589359dbeb29e29e
248,reduzida__baixo,28.06.2022-11-02-33_v01.png,28.06.2022-11-02-33,1,1,22313a13db5615efa59ce8e10e8f288dc47f64ec2a200c56d6de60750b2c5551
249,reduzida__baixo,10.05.2022-13-36-48_v01.png,10.05.2022-13-36-48,1,1,436d486df2c820a7c3775e446fff75e98cc4580f3487564472308b2c6052407c
250,reduzida__baixo,05.07.2022-14-07-55_v01.png,05.07.2022-14-07-55,1,1,e52f2239551046aae03397694ca11d21bacf88cf3e482ab2a5f1cd1691633871
251,reduzida__baixo,08.07.2022-15-33-47_v00.png,08.07.2022-15-33-47,0,1,393b856770de01e1f146bec1e6793978108fe8dd7cd3b38824180fe174f8cb7e
252,reduzida__baixo,27.06.2022-15-48-01_v01.png,27.06.2022-15-48-01,1,1,6e5ed823dbc3ed6c8f89f690ff7e9fc4447a6f70a677c24e55c052be3450d71d
253,reduzida__baixo,20.04.2022-09-31-11_v00.png,20.04.2022-09-31-11,0,1,a4fc9bed76f408dfc573d3873317aa2e5d776c65f990f3c2f9773197730b0267
254,reduzida__baixo,14.04.2022-13-35-24_v00.png,14.04.2022-13-35-24,0,1,ee37b25d1e31634f09e726ce9cb93862d87990c64730e0f20cbe8b2c39529f98
255,reduzida__baixo,10.05.2022-09-17-32_v00.png,10.05.2022-09-17-32,0,1,b4fb01473ca46a3b34017a5c811c95a62ff2b0eabb26c3574a296e6aaa012582
256,reduzida__baixo,12.04.2022-13-22-48_v01.png,12.04.2022-13-22-48,1,1,212ec29453ebab9adb0e57e8889ba3e7f8a7baf211f044c5ed206abfe73facc7
257,reduzida__baixo,29.04.2022-14-38-05_v01.png,29.04.2022-14-38-05,1,1,48ffa62bed7fbe736c15f41f4ae7d1463073ed4e4d2d3b8baf501f5dc9768a04
258,reduzida__baixo,20.04.2022-09-37-23_v00.png,20.04.2022-09-37-23,0,1,18c5c2120bce9db29d0f1af937ba244ce3ba8cadc3a4147a553530b3a662c70b
259,reduzida__baixo,09.05.2022-11-19-45_v00.png,09.05.2022-11-19-45,0,1,5485d6a3c1a7a7bd3cfb483010f890a122af90771642a0dacae55a00eef7662b
260,reduzida__baixo,13.04.2022-14-58-22_v01.png,13.04.2022-14-58-22,1,1,34aea80873018d8f7f1da2524eb9e02042f1b819403c90eb601a06df1c89e96a
261,reduzida__baixo,12.07.2022-10-00-08_v01.png,12.07.2022-10-00-08,1,1,dc2c7085882f06b56552b09f22da7e0e63d90d43e09631d6e9f17afd42bedb6a
262,reduzida__baixo,11.07.2022-15-55-24_v01.png,11.07.2022-15-55-24,1,1,e5ea0ce1057d5e952690bf33d810f92610a2824b13486220559e3ced5ab3c496
263,reduzida__baixo,11.07.2022-10-57-41_v01.png,11.07.2022-10-57-41,1,1,7fea5fb604f158693e45593a44bdd11b4bdeee2b277a92ebf355ca2c31d05a5e
264,reduzida__baixo,05.07.2022-09-05-49_v00.png,05.07.2022-09-05-49,0,1,2c0685c89df3af5fc01ab0269834ca1d3e3d4b4dd7c1460222ca49a64e872dc5
265,reduzida__baixo,10.05.2022-10-34-58_v00.png,10.05.2022-10-34-58,0,1,90a33e98e8d7761402bf1efc9ec5d6951ac99105b159c49fe921c627d8e7b05f
266,reduzida__baixo,08.04.2022-09-56-47_v01.png,08.04.2022-09-56-47,1,1,e230a9a52cb3de9d85b0a044cee5f3d65262d0ed1a6e6beec8b413107f25f0c0
267,reduzida__baixo,13.04.2022-15-36-56_v00.png,13.04.2022-15-36-56,0,1,bfe1bb9184fe3fea5b533316b12be29229bfd8ad2daef4a90a5a6f1fe607e9e3
268,reduzida__baixo,28.06.2022-11-02-33_v00.png,28.06.2022-11-02-33,0,1,990a2d84d15b29893de904d49af5a1bfdb013de1e628969681788c2d58597383
269,reduzida__baixo,07.04.2022-13-49-59_v01.png,07.04.2022-13-49-59,1,1,68860fb1bb62db50c8cca938a4f5f5baa0c392cc94aef270b1e542c3812900ed
270,reduzida__baixo,09.05.2022-13-42-06_v01.png,09.05.2022-13-42-06,1,1,ae7b57c997258ae40ecc0d877e67769a29e07c0bb4690685623559c7265ecb68
271,reduzida__baixo,05.07.2022-15-02-20_v01.png,05.07.2022-15-02-20,1,1,42f6f0e7be647732bf95ff63434a42a9eba2b4e58ed13b734f108079b3bd9278
272,reduzida__baixo,14.04.2022-10-15-46_v00.png,14.04.2022-10-15-46,0,1,3ccf361f2e67015811d2ea23824db0e792b4b3af95eee1b3a2be113cc006949b
273,reduzida__baixo,13.04.2022-14-45-10_v01.png,13.04.2022-14-45-10,1,1,282728007507764e7511723ee13d791e40bb70c9102818b6c724c12f7cbc2bfc
274,reduzida__baixo,07.07.2022-10-26-42_v00.png,07.07.2022-10-26-42,0,1,f3fcc5d99213bd45afd5af81a554a3077e82148792d2f645e6520aba976a846e
275,reduzida__baixo,24.06.2022-14-09-15_v00.png,24.06.2022-14-09-15,0,1,a2659f216b1d42e520f07fe61d07c5206bd8dd907408813694d016e8ba433434
276,reduzida__baixo,11.07.2022-10-56-41_v00.png,11.07.2022-10-56-41,0,1,7252abf26acba2e55584de776b1efe988a37fbd9efb1bba75463f27e57f7c093
277,reduzida__baixo,22.07.2022-09-52-53_v01.png,22.07.2022-09-52-53,1,1,541ac714339c417937ff93238bf63f40072d4817f784a082c1feb638d664e145
278,reduzida__baixo,20.04.2022-09-38-10_v01.png,20.04.2022-09-38-10,1,1,e7f2d6f97ed45f7a41b4488ab3aec5a48deeae10352def24be710b1d61ac2cc3
279,reduzida__baixo,22.07.2022-09-53-15_v01.png,22.07.2022-09-53-15,1,1,d50ccfffdd2d122986d911341c74edb7022cc338ec3ccae8d1b8ac911a942a52
280,reduzida__baixo,22.06.2022-15-01-09_v01.png,22.06.2022-15-01-09,1,1,51f559ce9183f1f241d2a1c670b252ed59c4b1f1ee8434a170a05af8a55893c2
281,reduzida__baixo,22.07.2022-14-35-04_v00.png,22.07.2022-14-35-04,0,1,9e143da452c1a5d39c0e76aa06e334a7f235438240eb221ab92fdd42d5fbf8d3
282,reduzida__baixo,24.06.2022-13-50-28_v00.png,24.06.2022-13-50-28,0,1,bb29ed2e2bcf3f7c3b6240e9ff9d040882116a7710dd8a49c191e03d428373f9
283,reduzida__baixo,13.04.2022-13-34-49_v00.png,13.04.2022-13-34-49,0,1,2b2a15f8512a6704a740c2b40163754cbef614d35de375ccb4782dbddf3cf449
284,reduzida__baixo,09.05.2022-14-02-25_v01.png,09.05.2022-14-02-25,1,1,1ea372d4c34817089322fc10c7b9ac9e188901b0f6326dbc5d81e9cb039eba49
285,reduzida__baixo,22.07.2022-11-03-52_v00.png,22.07.2022-11-03-52,0,1,784cfc6318e5b7ae559b2b80402c2c95c522eccbe0e44864f7593f78366e72e8
286,reduzida__baixo,27.04.2022-10-22-49_v01.png,27.04.2022-10-22-49,1,1,902acf8d216a5e96ffb9c38716c4a3c39d9ca5bdc04a98d7845bfb7995ca6117
287,reduzida__baixo,27.06.2022-15-45-31_v00.png,27.06.2022-15-45-31,0,1,0cbb6841e362f70243e882461d32c5480e8e45e0370e958fa71cea3098e4d7ab
288,reduzida__baixo,09.05.2022-11-10-06_v00.png,09.05.2022-11-10-06,0,1,21164e95edf500ff50554881054da928976ea616d303eb87d9c4878a6226ec5a
289,reduzida__baixo,05.07.2022-08-49-58_v00.png,05.07.2022-08-49-58,0,1,3c28112ffd1ece3fbd182f9b0057621fcd51e8a991983c6f11c0ccf816c5451a
290,reduzida__baixo,01.07.2022-10-55-57_v01.png,01.07.2022-10-55-57,1,1,82f77964dd673d425fe3bb503fcc10be746aff43ac4f162b5dc981c76a7e78fa
291,reduzida__baixo,27.04.2022-16-09-17_v00.png,27.04.2022-16-09-17,0,1,8de47cdf62a10ca708f71287c16653050df8ad4cccb53a4951adf533a9197827
292,reduzida__baixo,07.04.2022-11-02-16_v00.png,07.04.2022-11-02-16,0,1,9ae50f335ab1a2865948c00fcb150128ccc869a0cec40ef7aebaec740120863f
293,reduzida__baixo,12.04.2022-10-51-10_v01.png,12.04.2022-10-51-10,1,1,de7136e21472166ad6b40ab40177ed5e05c6bcc525262b4d8dfe436e7eae4e03
294,reduzida__baixo,11.07.2022-15-58-01_v01.png,11.07.2022-15-58-01,1,1,c819451062d00850eb67ae008c784ae724426e62b406f014445cabfe8b1e84e9
295,reduzida__baixo,10.05.2022-10-59-24_v00.png,10.05.2022-10-59-24,0,1,633ec2379c9c1edb791009b98c32ff8764f49ce230286e7297daba02c314ae2b
296,reduzida__baixo,12.04.2022-13-22-48_v00.png,12.04.2022-13-22-48,0,1,7dbc45bad82d0bbbbd53097260408b7116171283941b68cf25fdb203dd27e6c7
297,reduzida__baixo,07.04.2022-11-12-42_v01.png,07.04.2022-11-12-42,1,1,c342d966f57b4f9fd58e385f25ecbfeae7ae911c69f0c186c83092982ccc7f42
298,reduzida__baixo,27.06.2022-15-53-37_v00.png,27.06.2022-15-53-37,0,1,08c5c10a7d5e962c3d551e960d939fbcbff9b724f83daf2e4bd5a3d5e00be812
299,reduzida__baixo,28.06.2022-10-21-29_v00.png,28.06.2022-10-21-29,0,1,05356fabdc80c51f4a88a2da8e6e78d5f39916486b00da76fe440c7c3ae9df3e
300,reduzida__baixo,12.04.2022-15-32-52_v01.png,12.04.2022-15-32-52,1,1,c81637f013902cbb72a120f3cf0eb24938ca647cdb1187a08d589b067b6ddd44
301,reduzida__baixo,23.06.2022-09-47-29_v00.png,23.06.2022-09-47-29,0,1,4b5a43c8ffa7ad18eebe2cd910754705b27e8ae9b43cbd22a59e9e2b44221df9
302,reduzida__baixo,27.06.2022-14-52-16_v00.png,27.06.2022-14-52-16,0,1,043196db852ce1a285fed9428e97bc65ed89ddaf06a62d653024dc67b4a16cd2
303,reduzida__baixo,18.04.2022-16-11-33_v01.png,18.04.2022-16-11-33,1,1,34cd6192ed76db71372c62a060efec6218250ee26896191be9e86bcc0b031049
304,reduzida__baixo,04.05.2022-11-21-06_v01.png,04.05.2022-11-21-06,1,1,d56e9ba97e24142ad5d51435f5a4ed2c6811a23bea912dc4894d9887c606d759
305,reduzida__baixo,05.07.2022-15-06-42_v01.png,05.07.2022-15-06-42,1,1,272f2df5481ff591b2ce3998e65e8a83509f1eec7d0463fd966cfd31b926bcde
306,reduzida__baixo,28.06.2022-10-56-03_v01.png,28.06.2022-10-56-03,1,1,6496de2006ed3867f9a36ac1ce9cbc99c13ea57f5ea3d26f908a1dab22d8f991
307,reduzida__baixo,12.04.2022-15-04-47_v01.png,12.04.2022-15-04-47,1,1,aa7765de58c7c67f29aa7abbb02345d915deab38d953f5025c9dd50fd4502259
308,reduzida__baixo,23.06.2022-09-16-47_v00.png,23.06.2022-09-16-47,0,1,3ee59a53e56e1fc4dbc6336e9352d76a8b4c7f6dc46be93bc6c990eeffbda738
309,reduzida__baixo,09.05.2022-15-10-21_v01.png,09.05.2022-15-10-21,1,1,c1495876ee93ec5ac4d0758a0d430eee759b4b7b339d8eeefdb178b94e6dcbab
310,reduzida__baixo,10.05.2022-14-08-00_v01.png,10.05.2022-14-08-00,1,1,45478ba75a4d010324b942cf1c8b317891b4a71265b9c8bb02409b743cc50b71
311,reduzida__baixo,13.04.2022-14-28-11_v01.png,13.04.2022-14-28-11,1,1,4bfada6851664633ff93061093fcbd603960d77b3f83c91ccd60da3e2891148e
312,reduzida__baixo,13.04.2022-13-48-33_v00.png,13.04.2022-13-48-33,0,1,1e468d710d868afc132cc65f2d8951d3991b171e4b98f88ccec2e1030a6c0f67
313,reduzida__baixo,18.04.2022-10-18-25_v01.png,18.04.2022-10-18-25,1,1,c59b929e6b07f8fe41023d8dfa75c7776c127b9921ea9bf07e58e6ae0b5d7a84
314,reduzida__baixo,07.07.2022-09-59-33_v01.png,07.07.2022-09-59-33,1,1,4660b3b8e7e4ed084a55652c2238400dfea12f250a3a21b86a829997b3f4cf95
315,reduzida__baixo,23.06.2022-14-23-07_v01.png,23.06.2022-14-23-07,1,1,b61767b3d427fe99557af8ef9cae5fdf84ac8c1ff6f3a7c45b9077dd8fba4cbc
316,reduzida__baixo,27.06.2022-14-53-25_v01.png,27.06.2022-14-53-25,1,1,62e5f3f139e07b32d6661d3bbb66a8bb36cd48fcc34fe0bd8d2de971d0a42179
317,reduzida__baixo,27.04.2022-16-10-16_v00.png,27.04.2022-16-10-16,0,1,7f7c0233216922714f0e4513e05833daf84368673411a250b058e93e0d7450ca
318,reduzida__baixo,13.04.2022-14-31-51_v00.png,13.04.2022-14-31-51,0,1,19c56d3f7050c6559cada5efb82a7dd4b81f811a9cb321bc6aed5c251c58f4c7
319,reduzida__baixo,23.06.2022-11-06-04_v00.png,23.06.2022-11-06-04,0,1,b175f4ad36df2c61628609ec0b150396d42ec3fbd93174d283421a9818a10e51
320,reduzida__baixo,11.07.2022-15-51-56_v00.png,11.07.2022-15-51-56,0,1,50bf6d985af8b4ea31bf4125d683798c27890890a815182ba44e5b554c64f9c2
321,reduzida__baixo,20.04.2022-10-46-40_v00.png,20.04.2022-10-46-40,0,1,281c745ebe63756561658cdfee7fb42c5c77e06f3136de1ca310c2fb9b5791f9
322,reduzida__baixo,05.07.2022-14-10-43_v00.png,05.07.2022-14-10-43,0,1,01ebeb1e8ddeea4dad4b8549a3025221d728b9256d03e01745b61d7b68047484
323,reduzida__baixo,23.06.2022-10-41-17_v00.png,23.06.2022-10-41-17,0,1,b52ce0b5f1b616583f356fc494db9e7df2de1c630d841ceeff965c9465bea476
324,reduzida__baixo,27.06.2022-14-39-08_v00.png,27.06.2022-14-39-08,0,1,222c1a63dd3c902f09da248fd21b7692018b1634e30507dc8b5ac8b1cabb4cbf
325,reduzida__baixo,29.04.2022-15-49-27_v00.png,29.04.2022-15-49-27,0,1,f917090d3a17459b43b4092abd102bb952b3d79fcaed14d7ef2c0960996a56ea
326,reduzida__baixo,24.06.2022-10-14-43_v00.png,24.06.2022-10-14-43,0,1,5156709590eaea18e4fd2d985490b705f9b3ba3faa7abb1a6d8b55726e435a74
327,reduzida__baixo,23.06.2022-11-01-21_v01.png,23.06.2022-11-01-21,1,1,3b3b24db6a2a9f877911e86da20896d30af36ca383e317746d1048c3f9a43054
328,reduzida__baixo,12.04.2022-13-30-24_v01.png,12.04.2022-13-30-24,1,1,78483529d5a1af33e8384f32bc3de2e708da28d9e322b7519a9a464f1f98f9f7
329,reduzida__baixo,08.07.2022-15-04-19_v01.png,08.07.2022-15-04-19,1,1,a85b7d6df29634adfc3c912f13b1506355f72932642e9f5b79dcbe873b02baa5
330,reduzida__baixo,09.05.2022-08-28-55_v00.png,09.05.2022-08-28-55,0,1,9368f1fbf6d450821523c86952462983731b0729fbf34fab53ad7582a57008ac
331,reduzida__baixo,07.04.2022-14-47-00_v01.png,07.04.2022-14-47-00,1,1,2882e9c445fd72a862b459ecc471a744be5fb95136cb30c4ae894c7cbdb34840
332,reduzida__baixo,13.07.2022-13-48-35_v01.png,13.07.2022-13-48-35,1,1,8a27c4a5093e3bc678e7149e0b150ea723bffe4e46e95db45a2c7d112282bbe0
333,reduzida__baixo,28.06.2022-11-15-43_v00.png,28.06.2022-11-15-43,0,1,ba9a2b01acd4e5d70b23abcdc73dc0e1d70e95acc5918aa5e81f68cfaf6d356d
334,reduzida__baixo,04.05.2022-14-59-00_v00.png,04.05.2022-14-59-00,0,1,f3d5bd6e57826206daa6cca7b2f504fcff18663f12b991458f91e7285f1acaff
335,reduzida__baixo,13.04.2022-15-26-27_v01.png,13.04.2022-15-26-27,1,1,47e4195324d6e004441326220a627d5ebd291f433a612ea4464cc046c11d3948
336,reduzida__baixo,12.04.2022-14-23-39_v01.png,12.04.2022-14-23-39,1,1,5a83c23aa0366955030352f018cc9d17c8a65f01bacfca91205ebe39eccc1a06
337,reduzida__baixo,12.04.2022-09-55-09_v00.png,12.04.2022-09-55-09,0,0,b501f372b0592948bb643b9899d167cec7b437b3dd553f80bcc78c1f6538b6e0
338,reduzida__baixo,05.07.2022-11-13-46_v00.png,05.07.2022-11-13-46,0,0,76d0ec9bd965105295b73c35b8b123659b4da836316d8dcb883092b8a98cb4bd
339,reduzida__baixo,27.06.2022-09-18-42_v01.png,27.06.2022-09-18-42,1,0,1bd0b51e071a52f5bd2f24d8e34dc8b107bcfa8d9c01412f58755e86da3b6d26
340,reduzida__baixo,05.07.2022-11-21-38_v01.png,05.07.2022-11-21-38,1,0,96dc0df5c9df6f77a34c370609e3588f4b2f73b0a800942daf94fe7fc283647e
341,reduzida__baixo,05.07.2022-08-43-04_v01.png,05.07.2022-08-43-04,1,0,e849c0e3c0a0ab06cd58ce74ce8bb92b6c08a3c25cfa6e95653f0c234bd1f0e3
342,reduzida__baixo,07.04.2022-11-06-37_v01.png,07.04.2022-11-06-37,1,0,ec8bf6f1f039ae2eaa3acd00b7fa6ed4e0e2101dbf4f2b1e6bb368a5e5e54b83
343,reduzida__baixo,27.06.2022-15-49-41_v00.png,27.06.2022-15-49-41,0,0,cc2a326f5534544ad081066b94f6f66d0eea47325133e974be590b14616032e7
344,reduzida__baixo,10.05.2022-13-48-31_v01.png,10.05.2022-13-48-31,1,0,e41f1a1174c9d24bb42670330bb6b27d7ab96fbc51c96eb19f279d0fcc7fa27a
345,reduzida__baixo,12.04.2022-09-40-51_v00.png,12.04.2022-09-40-51,0,0,6842ec099a1b627d2321e9c7839914828ebfcf56deaeeabc87d7ad7877147942
346,reduzida__baixo,10.05.2022-09-52-10_v00.png,10.05.2022-09-52-10,0,0,0d283cd0c999488f3b8d1175cb2065333b6d5da5940ce9a2573cc2c86f5e939d
347,reduzida__baixo,18.04.2022-14-18-53_v00.png,18.04.2022-14-18-53,0,0,974c82dad45100611b3a352af1ded7b71c3361ccca9799fc169eecd1211460ce
348,reduzida__baixo,28.06.2022-11-31-07_v00.png,28.06.2022-11-31-07,0,0,0772f8d0770d9403468a821670070b466090c9580dce8acde3451e0940a718be
349,reduzida__baixo,07.04.2022-16-16-37_v00.png,07.04.2022-16-16-37,0,0,17dd5b534fb3391d296e500b1dbec5495a6116dd4f7058cd1908c2e9d6d443c8
350,reduzida__baixo,05.07.2022-14-00-56_v00.png,05.07.2022-14-00-56,0,0,b344da8803c6b2d570b0b9a0aa3ed40bb05a625154c957738d253f2d9ebf22ce
351,reduzida__baixo,13.04.2022-14-23-25_v00.png,13.04.2022-14-23-25,0,0,64bbab8cfe4e6bc86ee835cd063b6b27b7bb56e7ca8da1c54e471d007a1afeff
352,reduzida__baixo,08.07.2022-14-50-41_v00.png,08.07.2022-14-50-41,0,0,064b6c453941d9a46c0f368c614954759b3f24c4b81bc1fe35331012e90cd9b2
353,reduzida__baixo,10.05.2022-13-53-33_v00.png,10.05.2022-13-53-33,0,0,76a8bbfb2284e91d11dfe035d50c3854591b2871f944a8aaef4a504fa91a0643
354,reduzida__baixo,12.04.2022-10-45-03_v00.png,12.04.2022-10-45-03,0,0,feabe407d2b0d9f86c571ab134a9c06d40903f06dafd64035736ef2dc5716a0c
355,reduzida__baixo,14.04.2022-11-15-42_v00.png,14.04.2022-11-15-42,0,0,ed2f82dd15d5ed77a579ff69bcb7a393365e175c169e1383a75b23560d558fad
356,reduzida__baixo,08.07.2022-15-15-44_v00.png,08.07.2022-15-15-44,0,0,a963af0750b5847743a30df5a528cf750520fe9d14b8c1b36657264fc74aeb69
357,reduzida__baixo,04.05.2022-11-28-37_v00.png,04.05.2022-11-28-37,0,0,3ced972f04ea6ed328cbf6225954868fbec380278981298886e3610a22fe550b
358,reduzida__baixo,07.07.2022-08-54-15_v01.png,07.07.2022-08-54-15,1,0,d301c5eca411c99dde6f9e581ed60ef3a931d3b5c63d89c99c81643296149626
359,reduzida__baixo,07.07.2022-09-28-06_v00.png,07.07.2022-09-28-06,0,0,efd4dc1e557b75425922ddda03156732a896fac7042db44dfe41836f788e4ce8
360,reduzida__baixo,22.06.2022-14-04-25_v00.png,22.06.2022-14-04-25,0,0,2b187c47ac2ecd859d258cccca0ccccf3fe2b27b2939376c2f1d78256f9b0543
361,reduzida__baixo,07.04.2022-15-20-46_v01.png,07.04.2022-15-20-46,1,0,67f7a1bd57e1d6dd1d8a6e0cced38c750a434fb4ef497b4c34ba1930c0341aa5
362,reduzida__baixo,08.07.2022-15-24-16_v00.png,08.07.2022-15-24-16,0,0,9db59e3bde47a5973dcd535233664e68b81faf47bc757c6c155a486409bf7446
363,reduzida__baixo,12.07.2022-10-25-25_v01.png,12.07.2022-10-25-25,1,0,77be00aff3d8a2f873a4af28e9738f21b2dad737f1b2efeff3c9d2592b3d03ef
364,reduzida__baixo,20.04.2022-11-48-57_v00.png,20.04.2022-11-48-57,0,0,a038d306a54963070d6748ee8e9fb67bb78b8ef1276e8ed11a51ba57084f0ca6
365,reduzida__baixo,12.04.2022-08-43-34_v00.png,12.04.2022-08-43-34,0,0,5b1a8b61d4fa7dcf9f4ed8fad4b7d984ffa53447d81f47edf23971d1d98c3558
366,reduzida__baixo,10.05.2022-13-44-05_v01.png,10.05.2022-13-44-05,1,0,b53440571ffc32495efa228a1b5025e5f5e6c87810be947b26cbc60f8c362ade
367,reduzida__baixo,22.07.2022-15-37-23_v01.png,22.07.2022-15-37-23,1,0,793722d1e92f497a5f68d4c673f76db05e42dc629a0cd9ac8ab2d3e90bf0eaad
368,reduzida__baixo,18.04.2022-10-55-32_v01.png,18.04.2022-10-55-32,1,0,b35557497a3734d8253221007dd9205951fcb80aa5cc835fd1d265f63f270868
369,reduzida__baixo,18.04.2022-15-04-03_v00.png,18.04.2022-15-04-03,0,0,fc3a85ab6b18a87b4fb7ff75702559875b3f6ab88f2033e40d51b4ab17ae83f6
370,reduzida__baixo,27.06.2022-15-53-25_v00.png,27.06.2022-15-53-25,0,0,5277612bd93e5ad3de85beea44d50dc0858b9b58d17a7a34a40741bf5f70ca60
371,reduzida__baixo,13.04.2022-16-05-44_v01.png,13.04.2022-16-05-44,1,0,3026660d466d3e7e78a732719da2cabe0d12d7592e86804dfdf181c0c2bb48b8
372,reduzida__baixo,09.05.2022-14-00-47_v01.png,09.05.2022-14-00-47,1,0,a4f6ade8f356b5fc141d4d76f634bd459e51a15c3c0d374d02a4d51cc176ea2c
373,reduzida__baixo,18.04.2022-10-55-32_v00.png,18.04.2022-10-55-32,0,0,f703848ba1a33cba173d86106ee135c293ff0a812a4a3c04d125bdaf2a99d189
374,reduzida__baixo,22.07.2022-14-12-37_v00.png,22.07.2022-14-12-37,0,0,db3053c206443b2d2d17450d54db331d8d357a0ef2764ed2b3dba40222bae279
375,reduzida__baixo,18.04.2022-13-35-23_v01.png,18.04.2022-13-35-23,1,0,7e425403da75d14e779623d55ec16fa0eaae02c1c492096a1751d9b6b34432de
376,reduzida__baixo,22.07.2022-15-59-00_v00.png,22.07.2022-15-59-00,0,0,a175f0e9c65a99c8c325050d3bbcea84cde16389b72aa33093ea55bc45d50a57
377,reduzida__baixo,10.05.2022-08-57-43_v01.png,10.05.2022-08-57-43,1,0,09f589825eac8e3be2dc8d30e56775492884d623ccbaac5c34c830b24bbdfa18
378,reduzida__baixo,22.07.2022-15-47-41_v01.png,22.07.2022-15-47-41,1,0,cc27f4fc7428441143989de11a4f92462d8ac8797a780a5f2957a13ec17a2d24
379,reduzida__baixo,24.06.2022-14-07-22_v01.png,24.06.2022-14-07-22,1,0,22a2accea0d86ae291b9b41851772c61ff3caf728a83c1e6290759ec33737675
380,reduzida__baixo,11.07.2022-16-03-51_v00.png,11.07.2022-16-03-51,0,0,39bb6f3dd5431c91a2e4ce0cf6994daeac44cead4009f59f724d870bd411aa6b
381,reduzida__baixo,10.05.2022-10-36-07_v00.png,10.05.2022-10-36-07,0,0,40360924fc62ad39966f51a5e839ca8046bcbd0d74af7eff79318a59a1ee1664
382,reduzida__baixo,11.07.2022-10-56-41_v01.png,11.07.2022-10-56-41,1,0,f46ae6c7e21ceb7972d5c54c8168f58970318f6ea010196040dbfdb80c655b64
383,reduzida__baixo,27.06.2022-14-05-02_v00.png,27.06.2022-14-05-02,0,0,1ff949eeb171a14157fcb42c3d46752cfedf29abc1d1db68f50b6a6127b7b37a
384,reduzida__baixo,10.05.2022-10-46-02_v01.png,10.05.2022-10-46-02,1,0,720eaa2469affed75a37d3d4c01b590d432dd73a9c452d68d25324869d0e0545
385,reduzida__baixo,14.04.2022-15-32-52_v01.png,14.04.2022-15-32-52,1,0,c630357b2aacfd6b017ef31f4d6877e6b977aa33fc9413f2801c7cc6b2fda233
386,reduzida__baixo,23.06.2022-09-49-46_v01.png,23.06.2022-09-49-46,1,0,b946ca98524b2bd18b25a2662c07d4b8370a2f759095d807d313587570ff308c
387,reduzida__baixo,08.07.2022-15-05-52_v00.png,08.07.2022-15-05-52,0,0,ed9cb3fdfccf7a3cddb8f4b947d81a772d2592be0e1de5fbfb438052067b9fe8
388,reduzida__baixo,10.05.2022-16-21-21_v01.png,10.05.2022-16-21-21,1,0,b804ff696d83ffdb3fc42c3f1afd7d70c0a06345606a25eee36a468886f125f7
389,reduzida__baixo,12.04.2022-13-31-34_v00.png,12.04.2022-13-31-34,0,0,d5fba6a6d5ee66493c9973faa62f6e9d39548466ff5f7cc6ee3b2c7d4d1c30f0
390,reduzida__baixo,22.07.2022-11-25-57_v01.png,22.07.2022-11-25-57,1,0,9345e0b5c60b64204f69038dcefbac5731b6ab3db27255a527e9377bad3491cd
391,reduzida__baixo,01.07.2022-10-46-06_v00.png,01.07.2022-10-46-06,0,0,8fc78cf14a811c06160c225a4eb995ef743efecbb9b2716e0a476a0d6d15bcbf
392,reduzida__baixo,27.06.2022-08-48-20_v01.png,27.06.2022-08-48-20,1,0,c80534b4ec835602d6ae67f1cb06b5f000325684d27b46a21baeca7d13d5388c
393,reduzida__baixo,05.07.2022-09-06-54_v01.png,05.07.2022-09-06-54,1,0,a8245925d99ea81c864ff652f8b7a703b129cc208ee0f960a495956335215a12
394,reduzida__baixo,27.04.2022-11-21-03_v01.png,27.04.2022-11-21-03,1,0,3ec374f62d1f516ee74760d84aff13c41ac650462d0c4e840d775a51f83624e5
395,reduzida__baixo,07.04.2022-10-59-14_v00.png,07.04.2022-10-59-14,0,0,c494bab0d91058427b9c7ecf781aedabe7b7d93707b1ae68188cb74843b74084
396,reduzida__baixo,07.04.2022-16-15-50_v01.png,07.04.2022-16-15-50,1,0,3735f10af3f83b2cdd4cb102e500f2d329d699929dbdd7a7eafaa882ca5b8d94
397,reduzida__baixo,28.06.2022-10-23-51_v01.png,28.06.2022-10-23-51,1,0,b3b3ec4020ea5a1c14458480b3d99250af053d73fc63dc39d93d00af9d3db397
398,reduzida__baixo,11.05.2022-15-21-17_v01.png,11.05.2022-15-21-17,1,0,acb04b51ec6cb46e27365d8d273782dfb6471bffbe15a14899869e9a44cd950b
399,reduzida__baixo,04.05.2022-09-50-07_v01.png,04.05.2022-09-50-07,1,0,6470c83aaadc048dd7d79cf1867b942603658f27184f59eff276bdf145a91b20
400,reduzida__baixo,10.05.2022-10-56-03_v01.png,10.05.2022-10-56-03,1,0,0075af4f400a09aefd792ccc5aabc3782c5fdff326030c913b369929e85fc569
401,reduzida__baixo,05.07.2022-08-50-15_v01.png,05.07.2022-08-50-15,1,0,f763aeca72bdd5efead95d8e4e1b65aa67c4b873193c278e8560e1f383bf0db9
402,reduzida__baixo,11.07.2022-15-48-44_v01.png,11.07.2022-15-48-44,1,0,f376db7d095919eb386fa7b5d6ff859b408d7534f4ce29666e936f6a9ceab853
403,reduzida__baixo,22.07.2022-11-26-18_v00.png,22.07.2022-11-26-18,0,0,4375f2c2b613cd0ed54ff550dc8c07229c6e9f7faa50c9d334f1901d95b79c11
404,reduzida__baixo,18.04.2022-13-49-11_v00.png,18.04.2022-13-49-11,0,0,6d0e19de2f6c18e51e9903eea8692e007af90c77fc3df5550dbc2368507e9d60
405,reduzida__baixo,07.07.2022-10-46-32_v01.png,07.07.2022-10-46-32,1,0,33b599be8322e78aad889fccb5012fcd5dd295dc1439cf6a9708ac581ce9e20b
406,reduzida__baixo,09.05.2022-13-42-06_v00.png,09.05.2022-13-42-06,0,0,687a78fb96bf7187be8ffaf2f580160773e3d965dc1e2cce7d89ec6364c73e9f
407,reduzida__baixo,10.05.2022-13-34-49_v00.png,10.05.2022-13-34-49,0,0,21319208a3cf2ccf485334e7881c00e31496b9b7766163e31e4618f33e19fb68
408,reduzida__baixo,18.04.2022-13-52-37_v01.png,18.04.2022-13-52-37,1,0,8f5853de37c18d827199e885272bc27e571e1593179693631d5a15e6fe2532f7
409,reduzida__baixo,07.04.2022-15-43-37_v00.png,07.04.2022-15-43-37,0,0,4f6dfc8ec20d958c12aab4630c148a3b1f1f79531f671542ff643719b6602632
410,reduzida__baixo,24.06.2022-14-11-59_v01.png,24.06.2022-14-11-59,1,0,561320498d92075640be6ca21ef1b1ff80fda0bb7c4bae98489bf2211a5b51ef
411,reduzida__baixo,12.04.2022-14-31-18_v01.png,12.04.2022-14-31-18,1,0,94c69d443066fbb93b1f44d53edc7d272fcd898788c5fe06fe342224c1b2da4e
412,reduzida__baixo,22.07.2022-09-54-53_v01.png,22.07.2022-09-54-53,1,0,44bbe562cc647557e7f6397772dd7fca85b73aed6917695671ad67d6a34e252f
413,reduzida__baixo,09.05.2022-09-53-00_v00.png,09.05.2022-09-53-00,0,0,7115c2d65262af6effe0a1fd3720fdee845a9c16dde9d1446c52414a1b200708
414,reduzida__baixo,24.06.2022-15-35-59_v00.png,24.06.2022-15-35-59,0,0,e644ec12690f52c98c5c41e00f866e870ae1d5ee75cbd92fa7a3eb7471eeb94d
415,reduzida__baixo,20.04.2022-09-36-03_v00.png,20.04.2022-09-36-03,0,0,5d465dc93b947420a3fcfd4b593810d6ce8e2ca76997a852a8cbedef669c3684
416,reduzida__baixo,23.06.2022-16-13-59_v00.png,23.06.2022-16-13-59,0,0,6c2a5d49f5dd750c363850aecd4b753299c995e91108df3a80d8ab471f58c4ba
417,reduzida__baixo,22.07.2022-11-25-57_v00.png,22.07.2022-11-25-57,0,0,c5a8fe617755e42392a8f22c25128cb6a0b09ee8812372bedbfe12ed9c758eda
418,reduzida__baixo,14.04.2022-15-47-21_v01.png,14.04.2022-15-47-21,1,0,69287c15c344e0afa0b645ea1f1f5407ff48958ca62fee6bd81fe9bfa4d843a5
419,reduzida__baixo,20.04.2022-09-29-44_v00.png,20.04.2022-09-29-44,0,0,33f8bb916671f4ac7f5bd1521387b1ba4e61bc17b1faeedda89f377b310260b4
420,reduzida__baixo,18.04.2022-14-31-15_v01.png,18.04.2022-14-31-15,1,0,fe7d7bb155d9558d49cf523797b3e69821db65c2b9c28fc7073f4b247d76400f
421,reduzida__baixo,08.04.2022-09-42-22_v01.png,08.04.2022-09-42-22,1,0,77ba8ace23df20f5b83a82f45ec749f1490001de59ee3b5adb242f9845e6a12d
422,reduzida__baixo,27.06.2022-09-15-40_v00.png,27.06.2022-09-15-40,0,0,3fa642548ff4d4c4d65749c90a3d2fc6bc8c31293d624b8d0db7a2933e26a2ad
423,reduzida__baixo,05.07.2022-15-04-20_v01.png,05.07.2022-15-04-20,1,0,af186ea55398b3ddd406f27f58026b5ab01ba55690ef8e358819ddbf110f28e2
424,reduzida__baixo,27.04.2022-16-11-32_v01.png,27.04.2022-16-11-32,1,0,1330d0169e321593ff4028e0b1e620ee0df9c7fb851b6542a8a0cba1f773a67e
425,reduzida__baixo,22.07.2022-11-05-16_v00.png,22.07.2022-11-05-16,0,0,0caa8a3a567569c8813b6f4447322450df04dcd1f334b1e3f8fe5d1838304397
426,reduzida__baixo,24.06.2022-14-54-02_v01.png,24.06.2022-14-54-02,1,0,a4534d3040c3de9dec82bb4f62d8fc2bcc1a871d5149c3f8d1d29a59d14b96dd
427,reduzida__baixo,28.06.2022-10-06-02_v00.png,28.06.2022-10-06-02,0,0,91c3a90204e1681ecbe90327231af5ab66e7a26bdf1c50ad833452b5a3d933c7
428,reduzida__baixo,08.04.2022-09-13-33_v00.png,08.04.2022-09-13-33,0,0,a20ca308757200feb5cd52b88fa932821058bc514a5e62acd2178475328b6578
429,reduzida__baixo,07.04.2022-14-11-44_v00.png,07.04.2022-14-11-44,0,0,dbe811351f27dfca2417686b3e62a10618684754946ee6088cb2aa5fb8155d0b
430,reduzida__baixo,27.06.2022-14-37-13_v01.png,27.06.2022-14-37-13,1,0,0555405649cb6c9c22162622950675bb4508dffffea8df348c20cbba0bc87931
431,reduzida__baixo,23.06.2022-08-53-22_v00.png,23.06.2022-08-53-22,0,0,650fbbed091cd496a2e232efe3e07c7efc7523cfd33d9efd9bf583f543c3ffeb
432,reduzida__baixo,13.04.2022-10-03-20_v01.png,13.04.2022-10-03-20,1,0,c0442ea97e77a56a2fcee31d93c5293b999010d26e9e314fa330026e42f72138
433,reduzida__baixo,04.05.2022-14-41-45_v01.png,04.05.2022-14-41-45,1,0,d6aca0bdfb7a106f69bfe3dd5208692958b1850af78bb1e927806f3e446fd6c3
434,reduzida__baixo,23.06.2022-15-56-51_v00.png,23.06.2022-15-56-51,0,0,f18c3b2706a03f299d34d54615d4c4c11f58abe27833c884c8bc049848d24f1b
435,reduzida__baixo,24.06.2022-10-24-50_v01.png,24.06.2022-10-24-50,1,0,e6639f2ca91edadb922aad60af596bb8fcc289d55dce7bdced7611613a6941f9
436,reduzida__baixo,13.07.2022-13-36-50_v01.png,13.07.2022-13-36-50,1,0,34e8c8118df68ceb6f39b2ad75426dae0f18544d6a9f2ae299ea61df408b5a91
437,reduzida__baixo,08.07.2022-15-14-46_v00.png,08.07.2022-15-14-46,0,0,c9b14bdf3fece27801593d21bfc91da655b4ae41a07690bcce7beabfe1711ef8
438,reduzida__baixo,11.07.2022-15-44-25_v01.png,11.07.2022-15-44-25,1,0,1b3a1227ac8cad518d05620b152a88963cbd775ad8ed87a246af7f457de40efa
439,reduzida__baixo,05.07.2022-09-58-48_v00.png,05.07.2022-09-58-48,0,0,bce782ee56f9d3c1d0942c6c49231a2754d3713579393c42eeeb1e4dc125f9dc
440,reduzida__baixo,27.04.2022-10-33-15_v01.png,27.04.2022-10-33-15,1,0,101a201f62898af55c3651f2f5efcef80bd9cdfe7b3dfb4cdf54bcb199f5cf56
441,reduzida__baixo,23.06.2022-08-44-30_v01.png,23.06.2022-08-44-30,1,0,f68793dc557e118b77d4bdec227c50eb56cd07376d5b7a3c67fa8dbeb9d293b0
442,reduzida__baixo,11.05.2022-14-15-18_v00.png,11.05.2022-14-15-18,0,0,bbb65eb6c317f61559bdb82fcc51ade25f1688a8306a54693f362b200478412b
443,reduzida__baixo,12.04.2022-08-43-34_v01.png,12.04.2022-08-43-34,1,0,a0204836b621b5775fc6b9617fd3d0343332251ec91ebfa88e653cbc6f5f0cbe
444,reduzida__baixo,10.05.2022-16-20-04_v00.png,10.05.2022-16-20-04,0,0,c557ba790d9228f8e7038108747b24ab9fa4d9cae5f4b08038c7ceaf082dedd7
445,reduzida__baixo,07.04.2022-14-50-45_v00.png,07.04.2022-14-50-45,0,0,0e4261e33ef8e0b46bf229d4963345af80cab50b0316bf3515dd8f9710d154da
446,reduzida__baixo,12.04.2022-09-52-19_v01.png,12.04.2022-09-52-19,1,0,600b5ef4b8a28678f6e15dfa362e8d3d47d75a4fecff18b96f1df1584216fea7
447,reduzida__baixo,14.04.2022-09-06-52_v00.png,14.04.2022-09-06-52,0,0,0e00d18ae3cd20affdd9dcfd160e74925c425374133884fd85fdc7d73353852a
448,reduzida__baixo,28.06.2022-10-03-49_v00.png,28.06.2022-10-03-49,0,0,f3337b6b3d44c45cad36c85d15e0721f3ec9e277faba338eda86aace646ae5e0
449,reduzida__baixo,28.06.2022-10-16-31_v00.png,28.06.2022-10-16-31,0,0,86eedf47b752dbb1b6b565b3e2851cd2363f11e32385e0855739117eb38050b3
450,reduzida__baixo,05.07.2022-13-54-27_v01.png,05.07.2022-13-54-27,1,0,32bae2ced8dada03bbca1d89e2daa94f0a0d3c1dc8e587e292cabd2a2f1c051d
451,reduzida__baixo,23.06.2022-09-34-19_v01.png,23.06.2022-09-34-19,1,0,acf821e94c9b0b7f2d83a6121422cfbca800f65efbeef23fc25816c9ce29581f
452,reduzida__baixo,24.06.2022-14-50-07_v01.png,24.06.2022-14-50-07,1,0,17cbe21e50c63eeafa29dfa04809fafef898cb2fb9d9aed019f8608eb390e9cb
453,reduzida__baixo,27.06.2022-14-50-50_v01.png,27.06.2022-14-50-50,1,0,dad3e79b445726318d9be948a9afb28c0143a9399a6e394f7b0611c71bab4b13
454,reduzida__baixo,23.06.2022-08-36-44_v01.png,23.06.2022-08-36-44,1,0,94ed81174fcf5e62e1db339e53ed8a023a08211d8fb0db4e16358ff1abfc5029
455,reduzida__baixo,20.04.2022-11-31-35_v00.png,20.04.2022-11-31-35,0,0,7e2383eb859ec5c989710275d9c2d958b248a9f4a9b294ae2cc3979b5957d0ec
456,reduzida__baixo,10.05.2022-10-59-24_v01.png,10.05.2022-10-59-24,1,0,689218f91a1b5b77e7d8479eb93346b6a6045f97825ef2458ed8b8d1cce78a8a
457,reduzida__baixo,14.04.2022-14-02-20_v01.png,14.04.2022-14-02-20,1,0,44566dd271216be7b6db59bbe4db1f55a264ae080211adf7acce61060b71a7cc
458,reduzida__baixo,23.06.2022-11-04-54_v01.png,23.06.2022-11-04-54,1,0,5ac38a6f62b3676114e2e2051ca4c4f01dbfc02e3bf874413f5eec952ad32abd
459,reduzida__baixo,09.05.2022-13-44-42_v01.png,09.05.2022-13-44-42,1,0,a58938f812071b8565b6302351c87f9f63f79499cc2e547814858e8d9049aacc
460,reduzida__baixo,14.04.2022-15-41-36_v01.png,14.04.2022-15-41-36,1,0,c95fcb2cca6acee2c9dd053c7fec3593139284a3a88822904c7a73a22f96f7b5
461,reduzida__baixo,13.07.2022-13-51-21_v01.png,13.07.2022-13-51-21,1,0,c4258bb8fbea8219b7fd1be8c090fdfc8b690d5faa7cead8323957bff3bfd849
462,reduzida__baixo,11.07.2022-15-45-30_v00.png,11.07.2022-15-45-30,0,0,0d32c7d2214757c25380e7848cf61b0ab4349e2aea336d6ee2319542e8540c8e
463,reduzida__baixo,01.07.2022-10-42-41_v01.png,01.07.2022-10-42-41,1,0,3661f282f303cdcca02621c39dc23bb7cf1378c813e51e35880a8e9863323efc
464,reduzida__baixo,04.05.2022-14-09-15_v00.png,04.05.2022-14-09-15,0,0,2badf9d0a6dc74476d05983cad730c2088b597176fa920d8843fa3096f034a49
465,reduzida__baixo,24.06.2022-15-35-59_v01.png,24.06.2022-15-35-59,1,0,d4ed3d2e4d15fae6cf9f759a918da0718bc40a3526e302acd6e1a19547ae52a1
466,reduzida__baixo,13.04.2022-13-56-20_v01.png,13.04.2022-13-56-20,1,0,4de4899fdbe0a1e8681de922fb2992ab894b0e67a4438eaaadd1eb570a6c3f71
467,reduzida__baixo,23.06.2022-10-01-40_v00.png,23.06.2022-10-01-40,0,0,105324ae476a05d94df1cbc7cdc39dc22e591575c706915e010fd04d41db650c
468,reduzida__baixo,28.06.2022-09-53-04_v01.png,28.06.2022-09-53-04,1,0,1000fea5ec615a01cdefd7b5fa8d371a5fb97b80794ee24505703bf132da27f3
469,reduzida__baixo,18.04.2022-13-41-21_v01.png,18.04.2022-13-41-21,1,0,9f1bcd0c2e383e00134de54fa6e627ce595fef68e790477a9a52aeae6e67642d
470,reduzida__baixo,07.07.2022-10-34-54_v01.png,07.07.2022-10-34-54,1,0,612ff4ee6e913e29f3c48c8c8ebba48797f948905a022fde5df9e815a1229565
471,reduzida__baixo,22.06.2022-14-00-39_v01.png,22.06.2022-14-00-39,1,0,950f25a86ab6ee81eb7572ebc06ff391fdf1a7ee67ff6af13929e4f8021950c0
472,reduzida__baixo,12.04.2022-13-43-26_v00.png,12.04.2022-13-43-26,0,0,d7cc12a9ed3e1e8bd77dc5f33826c064fbe643f1f35b9a08edc6b9103e31fe3f
473,reduzida__baixo,13.04.2022-15-59-21_v01.png,13.04.2022-15-59-21,1,0,f54345343efb1acf348bf4c7eb1e739f4ed356c78417925f72ebe6deda8518f1
474,reduzida__baixo,08.04.2022-09-21-56_v00.png,08.04.2022-09-21-56,0,0,03e1af32efdb76e5c32affaf3b083f35679bef5276e5e13d6d1d061a513e2896
475,reduzida__baixo,22.07.2022-09-53-43_v00.png,22.07.2022-09-53-43,0,0,7f0dbc8e601fa580fbc443d49f35e95da708787aa6c16d3cc776879960eb7a74
476,reduzida__baixo,18.04.2022-15-43-44_v00.png,18.04.2022-15-43-44,0,0,f8e7baae5395da772667194af6146a22888a01908ca4f61382007d8a7872b478
477,reduzida__baixo,14.04.2022-09-52-55_v01.png,14.04.2022-09-52-55,1,0,892067fbbb0667de5dc688693a115bbe749f1795e55ed7a384ba809b639b24b5
478,reduzida__baixo,20.04.2022-11-26-19_v01.png,20.04.2022-11-26-19,1,0,dfe664bb5b5df96afa3e00b150092a5833a6240b5df1817586cc9f3e1276b80c
479,reduzida__baixo,13.04.2022-09-58-41_v00.png,13.04.2022-09-58-41,0,0,c9ffd6a0722f2b274eb1e582cea084780486e914cfe99b2495a1e2678939f253
480,reduzida__baixo,23.06.2022-10-58-06_v00.png,23.06.2022-10-58-06,0,0,10ab5a4635f4404b6c29444483637b8dcc31027d9f4edc886fc40beab6b7ef36
481,reduzida__baixo,14.04.2022-15-41-09_v00.png,14.04.2022-15-41-09,0,0,ee47af4e8c9f3e7b8982c9eabb404f73d12bc86e7329c92212fe658d01cc9cb9
482,reduzida__baixo,27.04.2022-09-06-34_v00.png,27.04.2022-09-06-34,0,0,3d24c3aeea53ea8201e957805066b186ed28098d2c6cebdbd0171fe0c656ce82
483,reduzida__baixo,27.06.2022-15-10-05_v00.png,27.06.2022-15-10-05,0,0,fa5f3eebcd99cbf0fbce06e0fd29886bb690c9e131d40779f6afb679b06667c7
484,reduzida__baixo,24.06.2022-14-42-55_v01.png,24.06.2022-14-42-55,1,0,5b970859fb48f97048dbffb3562f28f79d925edb3e4e8bd60b0f824d1a31d177
485,reduzida__baixo,14.04.2022-11-15-42_v01.png,14.04.2022-11-15-42,1,0,a2164dff0734c0d34ba74083767ae4c7ddd867959e6c5bc9c8e5eef0236c6ac6
486,reduzida__baixo,10.05.2022-14-04-10_v01.png,10.05.2022-14-04-10,1,0,463ce22e62cf32148a351bfe80519423f962d3c97476062e04ff2e19427c034e
487,reduzida__baixo,09.05.2022-08-36-34_v00.png,09.05.2022-08-36-34,0,0,b4f3d5b7830f5fe6ce0b2ea4ff33163b0704db451b4ee9e4200b69dd599563b9
488,reduzida__baixo,04.05.2022-13-59-37_v01.png,04.05.2022-13-59-37,1,0,51d3683a9e47c3f53b1bfd3a94d2fcedca4bdec4246e0ba06b1f7f533583a211
489,reduzida__baixo,11.07.2022-16-03-51_v01.png,11.07.2022-16-03-51,1,0,8d8e058b58293e665a164fbc8a094946847e6b9ab899bb326e4f5804fa18cc79
490,reduzida__baixo,22.06.2022-14-44-31_v01.png,22.06.2022-14-44-31,1,0,74a7858333c1d5eae634218f8a12a21660796c54927834933cc55b1304836d70
491,reduzida__baixo,14.04.2022-13-52-04_v01.png,14.04.2022-13-52-04,1,0,3b44da25acb5a494f97b822b3a59d2c210d9ec36c52712a76c8c109588ee4b23
492,reduzida__baixo,23.06.2022-16-15-05_v00.png,23.06.2022-16-15-05,0,0,f4404b83c456357c30e5f57196fc64dcabddcdc085ae22059d601da1c3cd3940
493,reduzida__baixo,23.06.2022-13-46-44_v00.png,23.06.2022-13-46-44,0,0,81d3aebbcf474f0843c0f103cd24e9107fe4182758f2c097e34689ebdb66acf7
494,reduzida__baixo,12.04.2022-09-58-42_v01.png,12.04.2022-09-58-42,1,0,01f7c8f5244f88dc6af393b600b7a7ade0a126770e7a6d6c2d49c8c105310adc
495,reduzida__baixo,22.07.2022-10-07-07_v00.png,22.07.2022-10-07-07,0,0,fe8930ce90cb7d4b29201217dd35ee3bdfe7d049712d091a13895e293abf54f4
496,reduzida__baixo,27.04.2022-10-53-59_v00.png,27.04.2022-10-53-59,0,0,65cc40b192634f3b2aaf5e028c5f9521c7939b92a137c186039227e87a78fafa
497,reduzida__baixo,10.05.2022-13-40-03_v00.png,10.05.2022-13-40-03,0,0,edc31bc65cdd4f78771feb8fb9fa74c19e7f5ad96697e882b7f7afb06cbc133b
498,reduzida__baixo,28.06.2022-09-54-07_v00.png,28.06.2022-09-54-07,0,0,6bc4b47bf4bff057c8100e1373eef787a8686755849012cc03dd356d66d0ac7c
499,reduzida__baixo,08.07.2022-15-02-29_v00.png,08.07.2022-15-02-29,0,0,96780ce1d742a88aec6f5c1eb0e2213d9df47a968f5e9c50f6af511903fbb133
500,reduzida__baixo,07.07.2022-10-30-43_v00.png,07.07.2022-10-30-43,0,0,65ddab5aa20d57a5a2b0a56018e3fd63b4042aa162c15382f834b45915828f93
501,reduzida__baixo,12.04.2022-10-18-12_v00.png,12.04.2022-10-18-12,0,0,d5dfc0977cb814b212c5f3b44a2dfe68c0f406132f5dfef32211086d577f29a0
502,reduzida__baixo,22.07.2022-11-08-06_v00.png,22.07.2022-11-08-06,0,0,6c9029a7b30dfa187f75018fdbb87cc041b1ea520f409b87c47675756985a203
503,reduzida__baixo,12.07.2022-10-00-42_v01.png,12.07.2022-10-00-42,1,0,8e296969c643eff7545b7553c1eb6c1ac087a81a3386a8ddbe118f9d62b1fbf7
504,reduzida__baixo,13.04.2022-13-37-52_v01.png,13.04.2022-13-37-52,1,0,ab74a7c14e552867abd7a8cc1c966ca2cdbc180a15390d7104a3e88bbe3a1279
505,reduzida__baixo,07.04.2022-13-42-10_v01.png,07.04.2022-13-42-10,1,0,caa3d1dbfb3263a7bd306265df2e3d77644f66921082b41ef4fc72174bc9fb02
506,reduzida__baixo,24.06.2022-15-13-05_v01.png,24.06.2022-15-13-05,1,0,6ed082fd4cd812e4a29da722542da5c5d7513a8f6f06bffe4b4acda474555f71
507,reduzida__baixo,13.07.2022-13-37-25_v01.png,13.07.2022-13-37-25,1,0,694f9af2bd0188d92d2bac7b7fab0637f6fec1fde24c85ccdcd6635368fbe069
508,reduzida__baixo,23.06.2022-08-41-10_v00.png,23.06.2022-08-41-10,0,0,dd438a9199e48562b678008079dc6eee9182d9697916f85f6a8ddfb2bf668e0c
509,reduzida__baixo,07.04.2022-11-14-58_v01.png,07.04.2022-11-14-58,1,0,5714697b4ef4e9385e4f918fa16f41b5aeee5c6f676858988e0a5df758485fa1
510,reduzida__baixo,12.04.2022-10-05-52_v01.png,12.04.2022-10-05-52,1,0,6bd78bff850a85e10ad22f9268c1e5d7479635571117fddf042f2bfdc9f7f962
511,reduzida__baixo,27.04.2022-10-26-07_v00.png,27.04.2022-10-26-07,0,0,917550f0c85cc2ceb784ace69bdfab34f02ec1fe6298f69e27b65912c2eec5fc
512,reduzida__baixo,11.07.2022-16-11-52_v01.png,11.07.2022-16-11-52,1,0,8f34fa3af175c6c232113c5faf0b3b7d10ff97b3c6b459093d91eca7ff96842f
513,reduzida__baixo,05.07.2022-13-57-22_v01.png,05.07.2022-13-57-22,1,0,d640f58044877430c2e870664bee91c7771aa37891dc70ad55a2d2de70739106
514,reduzida__baixo,14.04.2022-13-14-04_v01.png,14.04.2022-13-14-04,1,0,de799aca996d0f228643dfdb1411b6dd45281cd64725391ffb7f6cebee808663
515,reduzida__baixo,22.07.2022-11-23-58_v01.png,22.07.2022-11-23-58,1,0,d7047d018d28cea762fa3dbf6ebc935b7da1a268a2f892e53800a8b093fcf9c9
516,reduzida__baixo,12.04.2022-09-36-55_v00.png,12.04.2022-09-36-55,0,0,d2acb4338a4e4424aab1a946853f2668cdd7cee0726d14acd8e0879fa5a06069
517,reduzida__baixo,11.07.2022-10-27-27_v00.png,11.07.2022-10-27-27,0,0,97a3346615f4e369f74adcd637ee1e592e154fbddf40a221c6a358e23e6c8653
518,reduzida__baixo,22.07.2022-10-18-51_v01.png,22.07.2022-10-18-51,1,0,d646966fd4177a82ae52a77e0c8a3854162b0f68c5686cdc5b2ce5ad003a86ed
519,reduzida__baixo,07.07.2022-10-50-56_v01.png,07.07.2022-10-50-56,1,0,a8056a97c64620f984bf6de6cb61ce6b8fe7204443133d49bf897425610d2f86
520,reduzida__baixo,20.04.2022-11-39-08_v01.png,20.04.2022-11-39-08,1,0,2d3223449cb957a5d9d51d2a4dc450414a7775debebbf974041390955306772f
521,reduzida__baixo,11.07.2022-11-09-25_v00.png,11.07.2022-11-09-25,0,0,a880309ecc5b781c8ce022b9ee3d7ab442bbce9a59c4cb244ed8749ad44c9235
522,reduzida__baixo,13.07.2022-13-49-16_v01.png,13.07.2022-13-49-16,1,0,9a42b16f7bd95b95e7b052904bba933e4deef35230442838ca5a005cca2f036d
523,reduzida__baixo,14.04.2022-08-39-58_v00.png,14.04.2022-08-39-58,0,0,9c31e3c7504eb16718b8bd920f28ea21ce2a6394dc4aa218e9b0fffde3679bb5
524,reduzida__baixo,05.07.2022-15-12-54_v00.png,05.07.2022-15-12-54,0,0,af2bcba03c427d5e86d9a380b078750cecffd983eb5c267c1de0d0d5403a8f92
525,reduzida__baixo,23.06.2022-08-44-30_v00.png,23.06.2022-08-44-30,0,0,c6a5c809d136e63563fefb1f923dbea97ab3ff9f3c64aed952e3eafe23b5cf0c
526,reduzida__baixo,12.07.2022-10-40-53_v01.png,12.07.2022-10-40-53,1,0,43ac4186249c3c775a73a171582ff6a97b84506af6f666d3d21f131810ef5d17
527,reduzida__baixo,13.04.2022-09-52-08_v01.png,13.04.2022-09-52-08,1,0,4aafc43f942871a0ad2d8142c24c66826e3b4e43abc115f407122687a7f4e1a8
528,reduzida__baixo,13.07.2022-13-52-36_v01.png,13.07.2022-13-52-36,1,0,c05db9145f5bcac45a9750477febe9dbdb2a28679e54f62d9843ca547fa15c3f
529,reduzida__baixo,07.04.2022-11-17-25_v00.png,07.04.2022-11-17-25,0,0,310650abd7af6113ef520173966a087e25e4bb8d47f7cfe2acc308c1bd3ae3ea
530,reduzida__baixo,28.06.2022-08-56-47_v00.png,28.06.2022-08-56-47,0,0,13a9771fe95f9fe8dca625e4a10df3efc64099323eb196486144fdcd70b4897f
531,reduzida__baixo,11.05.2022-15-16-47_v01.png,11.05.2022-15-16-47,1,0,4e9a2b2776fd8529e7f593b257a6f4a5f3de6227b415df160713e449558d5cd2
532,reduzida__baixo,07.07.2022-10-44-08_v00.png,07.07.2022-10-44-08,0,0,7b5605ed2969e91c137e664d729855e3ea2c4b1f15991d5248ff58306ee63d11
533,reduzida__baixo,27.06.2022-14-53-25_v00.png,27.06.2022-14-53-25,0,0,73593ab6866ed63aae064ece47fcc410dd0948a074a4774020ac57ae1b8325ad
534,reduzida__baixo,20.04.2022-11-19-57_v01.png,20.04.2022-11-19-57,1,0,0188da01159199c6c7e9f89ce5fa8fc101acb92156567b5d9c539f11663441f1
535,reduzida__baixo,14.04.2022-15-52-28_v00.png,14.04.2022-15-52-28,0,0,b3fa1a480fa494f2cb48e0d8398298b686481c97006f09e313183c4acdeb1fae
536,reduzida__baixo,12.04.2022-11-01-01_v01.png,12.04.2022-11-01-01,1,0,f88c19fe40d3b30cb9bb9c25c91037d3944e70ed1d44d52d5944712e4f6d66e3
537,reduzida__baixo,24.06.2022-15-13-05_v00.png,24.06.2022-15-13-05,0,0,d84b3e2f23f0223690462f118c62c6f93f19a81d58a9ac21db687561b3604b07
538,reduzida__baixo,22.07.2022-11-21-59_v01.png,22.07.2022-11-21-59,1,0,5e00750c84e36203febf454d0bc28391748973c40aa3cc5aa36bfb6f8094b4ad
539,reduzida__baixo,22.06.2022-14-08-54_v00.png,22.06.2022-14-08-54,0,0,fe7ba8ef2b71c55716bc7eb946228d7b11e84f7cf65fa610581ae504dc50e96e
540,reduzida__baixo,23.06.2022-15-52-58_v00.png,23.06.2022-15-52-58,0,0,5af36c0247c8adcb4e508e0775f755efa5f8677050bf48301c527f53e13305a2
541,reduzida__baixo,20.04.2022-11-05-39_v00.png,20.04.2022-11-05-39,0,0,6f3c0076a262ff9a0b8baee9114f13ac1e7263229c449a0687983c816807d176
542,reduzida__baixo,07.07.2022-09-54-54_v01.png,07.07.2022-09-54-54,1,0,19cbee365cb03d0694f4ed2c394ba2fb941104b99f181f0f088325ffd9fd8bff
543,reduzida__baixo,27.04.2022-16-03-53_v00.png,27.04.2022-16-03-53,0,0,60095814d0299e230b0d89aa24319683aa3fa5b38588a20ba6a86a70d26a3dc4
544,reduzida__baixo,18.04.2022-13-53-27_v01.png,18.04.2022-13-53-27,1,0,701d788a83df0e78225eb07901d7b562fb9429b65067f1a3d703eca4ffa2a274
545,reduzida__baixo,23.06.2022-14-27-53_v01.png,23.06.2022-14-27-53,1,0,23f90683378a52997756f81e39e5baef0ddf57f9cda6357a03e2eafaf9594033
546,reduzida__baixo,27.04.2022-08-57-55_v00.png,27.04.2022-08-57-55,0,0,6fee3d58ce0fcdb01d39ff9f4d1d65a4479a885313daa5aa957f4c2c4c7501a2
547,reduzida__baixo,07.04.2022-13-46-12_v01.png,07.04.2022-13-46-12,1,0,7d3e8d0919ef0ef9f43c60ecfd0f6eca5d04153e29110d4cac2b33cc0c3f1a2e
548,reduzida__baixo,22.07.2022-11-02-04_v00.png,22.07.2022-11-02-04,0,0,da8a35215d7ebf6ec40e4104f50d3de65206d6f7f3bd766ade710f1e4cb31cbe
549,reduzida__baixo,27.06.2022-14-56-33_v01.png,27.06.2022-14-56-33,1,0,0ee456c4533d434531ea244bca9691c749a334f5e4d5324f3418fce850a31320
550,reduzida__baixo,24.06.2022-14-07-22_v00.png,24.06.2022-14-07-22,0,0,bf4d76b8c7ed143b090dbcfbd80498e68664fcbbc5c614af3dfdee06a898a348
551,reduzida__baixo,13.07.2022-13-41-24_v01.png,13.07.2022-13-41-24,1,0,ff2cfd1570ad1449c0baa20f35ced7317b52b28f49c57d3d75ababc621d55798
552,reduzida__baixo,18.04.2022-13-56-48_v01.png,18.04.2022-13-56-48,1,0,a9aa3f1c84d55c68948c7c9c2a3ae90078fab3fbbd52381d3d8c7e4436c3d2d0
553,reduzida__baixo,13.04.2022-14-33-48_v01.png,13.04.2022-14-33-48,1,0,4864540e86073f01674e286027248b696f82b88d76bba1ca4893590242995c13
554,reduzida__baixo,04.05.2022-09-46-05_v01.png,04.05.2022-09-46-05,1,0,bf3fd3cc47a47a859e237429b6f986cd0431f8b50d0533b1b99f2d8928c8f6f0
555,reduzida__baixo,12.04.2022-13-27-48_v01.png,12.04.2022-13-27-48,1,0,1a712bb27828c766bca0dcdc86fa30983c4f571f0feefd96c9277bd68175c99c
556,reduzida__baixo,23.06.2022-08-41-10_v01.png,23.06.2022-08-41-10,1,0,9d6e11325d59eca9c6849a69e795fc1e3d0bbaa30542eaeedfc907f1ca6ffb35
557,reduzida__baixo,18.04.2022-13-58-09_v01.png,18.04.2022-13-58-09,1,0,6c1ae132e2dad678ee6d489c7a52f959c19c7a24f0101cf23bc3b7c61f3255be
558,reduzida__baixo,22.07.2022-11-02-04_v01.png,22.07.2022-11-02-04,1,0,972194f76a4a192569e6e30748af9d1428a41514bdf20870d03d6422d31c71ed
559,reduzida__baixo,12.04.2022-15-26-31_v01.png,12.04.2022-15-26-31,1,0,c3acf5b36f2cd5cbcc96c1b3a43393351b0f9db4eb5130bc326789694b7521cf
560,reduzida__baixo,20.04.2022-09-49-13_v01.png,20.04.2022-09-49-13,1,0,a2a8c334a68a867c59a7277a945f83edfa16dc19fc4b5cc35243de97dcaf520b
561,reduzida__baixo,12.04.2022-10-43-34_v01.png,12.04.2022-10-43-34,1,0,3d069c3bfd9bd322499ab78c08e8e3d11b4fcbda8e8e64f9ee8068949e97cf0b
562,reduzida__baixo,05.07.2022-15-04-20_v00.png,05.07.2022-15-04-20,0,0,7e806031ef13e4d6c36d397d9d56d71be45dac0444ea2de9d872883adbfa0655
563,reduzida__baixo,27.06.2022-14-39-08_v01.png,27.06.2022-14-39-08,1,0,f53ff46651f312b93f42756df406b44d652d1b4927c627a8dbfa1b1fdb878bc2
564,reduzida__baixo,08.04.2022-10-51-22_v00.png,08.04.2022-10-51-22,0,0,8cf0fe50cb81dc45f39f099931661f4bc1528f4b77dd901984c34d9be195b1f5
565,reduzida__baixo,28.06.2022-11-08-46_v00.png,28.06.2022-11-08-46,0,0,a110c30dfd439d7fabeb7d22667208128a4d27f16877a44ec7f0e2074fc8e80e
566,reduzida__baixo,08.07.2022-14-51-49_v01.png,08.07.2022-14-51-49,1,0,047ce52921d573cc6b9f5e286b132e9f1d711f8dc3c92477d21979238704587b
567,reduzida__baixo,10.05.2022-15-56-41_v00.png,10.05.2022-15-56-41,0,0,6d6c67a7ddaec156d511112fb9e5d5fd50fe2ea32a482d167d5f69225e8c86ae
568,reduzida__baixo,11.07.2022-15-49-53_v01.png,11.07.2022-15-49-53,1,0,13f1b9924f41a9a17cdfa9b6dfad9c6ea1cb689abad3249ceab75c97b781a3cb
569,reduzida__baixo,13.07.2022-13-53-24_v01.png,13.07.2022-13-53-24,1,0,cf2d0bc8cb5b82ec49dbcaa0ab7e6c736e8fdfed5150728134c280ebf9129320
570,reduzida__baixo,05.07.2022-09-00-23_v01.png,05.07.2022-09-00-23,1,0,6c8a2044730e672b7e0d9f799b4307f80027a17316637551a208d02f491d3ee3
571,reduzida__baixo,05.07.2022-08-49-58_v01.png,05.07.2022-08-49-58,1,0,a6565996e14203cef22fbc5e0916ff386ef4b56558eb07f7bebcb3de7c39f0aa
572,reduzida__baixo,07.04.2022-15-20-32_v00.png,07.04.2022-15-20-32,0,0,100f80d0a5559874cfa2c4a249e8930660ca07198e63b0ad75e0a3eb3e97d046
573,reduzida__baixo,14.04.2022-08-41-53_v00.png,14.04.2022-08-41-53,0,0,abb7043e40337c04be55feb10964589d2d5ea9afa7dd05ab5e9ebc55cf2f3ee4
574,reduzida__baixo,11.07.2022-14-38-24_v01.png,11.07.2022-14-38-24,1,0,f094ccda3cc2027efbe89b57becd35a4ee0993a3c5b72c18c404942529d464ae
575,reduzida__baixo,07.07.2022-09-56-49_v00.png,07.07.2022-09-56-49,0,0,05307e9095d524c4f3813df3cc71ae71954a52f0e638705013c40ad041b212b2
576,reduzida__baixo,12.04.2022-11-01-01_v00.png,12.04.2022-11-01-01,0,0,8a66e68cc310af0899bec892b275e84dbb6e8ddba9019a406906bf475c1d0aaa
577,reduzida__baixo,23.06.2022-08-43-16_v01.png,23.06.2022-08-43-16,1,0,c840951e1a2f282c3cae9dd6e59f46cb66cd2627433bfcf78dcfa5ebaf0a5842
578,reduzida__baixo,12.04.2022-16-00-05_v01.png,12.04.2022-16-00-05,1,0,354dd5a88b784b4c5ddbd25a235ffa8e3216a16d5c143de43d8b8df014aa257b
579,reduzida__baixo,23.06.2022-09-46-59_v01.png,23.06.2022-09-46-59,1,0,baed4c4eb407ea3a429bdd9784846082140f645c513af4826df5695543ee59a5
580,reduzida__baixo,13.04.2022-10-34-35_v00.png,13.04.2022-10-34-35,0,0,b8097ddada0d4dc5e408ded7199c84612be2b847c8fa38a3aebd8199a310be47
581,reduzida__baixo,14.04.2022-15-19-35_v00.png,14.04.2022-15-19-35,0,0,2b56fd9844ff77d2d61599770338e611de6b69f1447c384ae0c637b60a9dd268
582,reduzida__baixo,13.07.2022-14-00-18_v01.png,13.07.2022-14-00-18,1,0,2cc9c8418d412cbfb2210505c86cdce443c3afe4c90904e8214a08aa7559bbdf
583,reduzida__baixo,10.05.2022-08-18-18_v01.png,10.05.2022-08-18-18,1,0,e078f37b64d2d0571933848c6945f5c3bd03c46dbb78970ef1bb2a8cafbcd974
584,reduzida__baixo,23.06.2022-13-45-53_v00.png,23.06.2022-13-45-53,0,0,efea96fe9b2d2e7a3e33fe0f8883a76dedcc53614c61f54c707622e2471c2c17
585,reduzida__baixo,05.07.2022-14-53-20_v00.png,05.07.2022-14-53-20,0,0,de94e5f2ed67802f8a8f5090215f315e4bf31b0eb3fa3382b318086ffb586679
586,reduzida__baixo,14.04.2022-11-20-38_v01.png,14.04.2022-11-20-38,1,0,a43c2fe05e1b50d8e84853046d26141606528a649ad173e36a4bfb9ac0594b18
587,reduzida__baixo,08.07.2022-15-03-52_v01.png,08.07.2022-15-03-52,1,0,b5f4066f1eb27cdd195838cc2627968124d637c50b964c791edb839dfe242229
588,reduzida__baixo,05.07.2022-10-01-34_v00.png,05.07.2022-10-01-34,0,0,602fd7e7c36a7a1169f30e67e43eb28e69a9910d031e4b9be30c05b77cd2bc8c
589,reduzida__baixo,08.07.2022-15-37-11_v01.png,08.07.2022-15-37-11,1,0,47d528129b3cf8ba2e46abf17f856101353957021bedeed7d31f26da95b185c4
590,reduzida__baixo,23.06.2022-15-52-58_v01.png,23.06.2022-15-52-58,1,0,732db84108246261d2f580c754124161d75df1c9e3b4bc2625408caa3ad4a62c
591,reduzida__baixo,10.05.2022-09-07-17_v01.png,10.05.2022-09-07-17,1,0,8cc11ed65be574b62754df99fc9095a1856c5614a91b7cfb3176fdb6f6a9c6a2
592,reduzida__baixo,07.04.2022-11-01-27_v00.png,07.04.2022-11-01-27,0,0,c21903bba1c08f5b1d24248c3a0b8f80599de1533bfdef056f09bba8f07a2c20
593,reduzida__baixo,22.07.2022-14-19-14_v00.png,22.07.2022-14-19-14,0,0,0b5e5734fc66ed1a2f617805ef749801ce6a29a9388f00430392481e5751fab5
594,reduzida__baixo,12.04.2022-15-51-54_v01.png,12.04.2022-15-51-54,1,0,5a4a025ff03784811d1d7c0ab3c1e731fb3ded38ea905a0ffe13fd0023de7a40
595,reduzida__baixo,05.07.2022-10-48-29_v00.png,05.07.2022-10-48-29,0,0,5ad4ee401a55e36bbe143af7af4657caed4b64fc537f4c0e518aead1073ffb4d
596,reduzida__baixo,24.06.2022-15-53-04_v00.png,24.06.2022-15-53-04,0,0,c5e24cd9a49aad58950a3600bec65dfb904b8e821afa9eb90118f120a19500dd
597,reduzida__baixo,28.06.2022-10-21-29_v01.png,28.06.2022-10-21-29,1,0,6b9e2e62b73b98811c6463a12e4ebb69832b0e9967f5102bd5794fcdf27fd152
598,reduzida__baixo,12.07.2022-10-37-53_v00.png,12.07.2022-10-37-53,0,0,d7030e6793edf8ec9a40b2edcf2aeabaee0ef021a5cc402517908f52e5e32c04
599,reduzida__baixo,05.07.2022-15-06-42_v00.png,05.07.2022-15-06-42,0,0,1d1b5d10ffde402793b7d9980f279461eaaff36f6980e7884d4f2c1c8bfd1bd2
600,reduzida__baixo,07.07.2022-10-50-56_v00.png,07.07.2022-10-50-56,0,0,184dcdf9ad349be0498b744ecfdbb6ad6f2f53a9373950c4db1d15e02acfa617
601,reduzida__baixo,22.06.2022-14-30-07_v01.png,22.06.2022-14-30-07,1,0,ff0721d3400f76fe0e3cc805271e7861dd8fd6b4ea2eeda4819efe46b1c9b3a1
602,reduzida__baixo,08.04.2022-09-29-45_v00.png,08.04.2022-09-29-45,0,0,5d4db8cb2a3b349f45869587a97f880738f1ecfa2f2f76e5914eb417cdcf3823
603,reduzida__baixo,22.07.2022-11-15-23_v00.png,22.07.2022-11-15-23,0,0,d3fcd6dd94bac0a7b576048d4ea90606c74614e0fd2e5b42994c5ebda2513052
604,reduzida__baixo,13.04.2022-14-27-23_v00.png,13.04.2022-14-27-23,0,0,7f6664d7994bcb361707e7d7f299ed7abd74c4b72aa1984b968da26227ef854f
605,reduzida__baixo,14.04.2022-10-15-46_v01.png,14.04.2022-10-15-46,1,0,6761486be4718a093baaf3d41cf2a7c4e206b1005a98c784ba6793fc3d017ec6
606,reduzida__baixo,28.06.2022-09-20-50_v00.png,28.06.2022-09-20-50,0,0,2fab575a3a517cc863d4d9ca1a74251167f2639d250a6dc409d99c53aa0ab150
607,reduzida__baixo,24.06.2022-14-09-15_v01.png,24.06.2022-14-09-15,1,0,b7b108ad544e6be622d96253fba5a226b8f8cde818f1f843eebf1cf54a1b268a
608,reduzida__baixo,27.06.2022-13-45-53_v01.png,27.06.2022-13-45-53,1,0,5f646175eaf1eed3a0a432dbaa12279844c3435b95cf77363ad45c1125ebf01c
609,reduzida__baixo,28.06.2022-08-39-10_v00.png,28.06.2022-08-39-10,0,0,f06c5c2d7c4bd41c0095b5c6b0b8a4fd10c7dea5088524a3f8e232c4ea904b03
610,reduzida__baixo,14.04.2022-10-27-06_v00.png,14.04.2022-10-27-06,0,0,ff8837de7362ea71ee5b115e2e6c9f5ff9a0e27e49e3da20d2caeade17984e0e
611,reduzida__baixo,07.04.2022-16-16-37_v01.png,07.04.2022-16-16-37,1,0,01d3fca0d601713c5a97b33a054f949b276ce6988c0dd4e4c86ea16cf02c3b1a
612,reduzida__baixo,12.07.2022-10-35-49_v00.png,12.07.2022-10-35-49,0,0,ad00779b5bafe40ab015e65fea6de6ad657109df75ad285d043760809f444ff1
613,reduzida__baixo,23.06.2022-10-54-13_v00.png,23.06.2022-10-54-13,0,0,a5e397851a9639e034cb28060ad0478d10185bb1c79c7ba917534d190351f8aa
614,reduzida__baixo,22.06.2022-15-23-03_v01.png,22.06.2022-15-23-03,1,0,7bf4195a3e1215155b9bf5dcc028957e8fd090ebbe0b4e4012d169cdd0b8e04f
615,reduzida__baixo,14.04.2022-09-00-35_v00.png,14.04.2022-09-00-35,0,0,5d14e32ee4a4545ae798c7de5f534cb02342d585f640667a6cca9c955738e4d3
616,reduzida__baixo,04.05.2022-15-27-49_v00.png,04.05.2022-15-27-49,0,0,19b3642e24a796e79a681bbbffad20bc1d90732889a39cc6b6e98b6289dd378b
617,reduzida__baixo,24.06.2022-14-01-40_v01.png,24.06.2022-14-01-40,1,0,0bbef0bbf643ed458a991904ae7672b3b26b5bde21bbf50b8dcea3d881bd1b1d
618,reduzida__baixo,27.06.2022-14-07-32_v00.png,27.06.2022-14-07-32,0,0,6fca669548d7cfc5a704d29a8cc98c1c64df89b7a10cfa34ba49b6201365bfe4
619,reduzida__baixo,14.04.2022-10-06-58_v00.png,14.04.2022-10-06-58,0,0,8fe19083d2fea08197b66648f466664e54f361d4f0aac6905d694dc01805054a
620,reduzida__baixo,23.06.2022-11-21-11_v01.png,23.06.2022-11-21-11,1,0,741d0ab9be59cee5d78f686ee9f6bf14b497a8cceb88168f649653c7e286ed92
621,reduzida__baixo,13.04.2022-14-23-25_v01.png,13.04.2022-14-23-25,1,0,0733b765fbbf7d8bebe91ee11ebf5af36e9ea8e07765de4fe9698a121c649f6a
622,reduzida__baixo,12.04.2022-09-53-08_v00.png,12.04.2022-09-53-08,0,0,f39298c96e17433af02d3ba1d6e65368b0008f930cf6b76128fb7f2a2e3950b7
623,reduzida__baixo,04.05.2022-10-19-10_v00.png,04.05.2022-10-19-10,0,0,e3e3387505117529bcc4b9aa11a816c455808143d1644cb3c243914920a904b9
624,reduzida__baixo,23.06.2022-16-12-57_v01.png,23.06.2022-16-12-57,1,0,463d8c1405102adc565d42c93f4e74d3a1c126bd148a6997a173f9228cd08488
625,reduzida__baixo,12.07.2022-10-45-01_v00.png,12.07.2022-10-45-01,0,0,5279caaae500ce96f0d55eb882c7aeba22c73e27e43bf3e6661cad6fca2258ec
626,reduzida__baixo,22.07.2022-15-39-25_v01.png,22.07.2022-15-39-25,1,0,2675503b357e13e8663fbcb47fa3c8b35efd28c124f3b19d624201f7788c9eb7
627,reduzida__baixo,07.04.2022-14-49-26_v00.png,07.04.2022-14-49-26,0,0,7d89d6fdf72593b1fe3c28815b2d5da82cd657d93863d514ac81cdbf2dfd4fd5
628,reduzida__baixo,12.04.2022-09-36-55_v01.png,12.04.2022-09-36-55,1,0,0db95ba80bab01e875a1daaca4a656e67ba0505bae1a89580380245825f58af5
629,reduzida__baixo,13.04.2022-09-38-10_v00.png,13.04.2022-09-38-10,0,0,c4b1d8a459a5879a749ee6ab0551efc05f5900df953927956cfadddc588721bf
630,reduzida__baixo,04.05.2022-15-20-13_v00.png,04.05.2022-15-20-13,0,0,a8f5065f5ac4bc98115d92ad8991625b1cc893fa89470747adeeca33e3b549c6
631,reduzida__baixo,27.06.2022-09-20-37_v00.png,27.06.2022-09-20-37,0,0,8edcd3fc5e43abf821b83fabc97cf7289e6f783670befcf606c750ef2d0db8c7
632,reduzida__baixo,13.07.2022-13-51-52_v01.png,13.07.2022-13-51-52,1,0,846afd7ce853d81a665e40810079efd429aae5d813234584530339c86f1cd284
633,reduzida__baixo,22.07.2022-10-07-41_v00.png,22.07.2022-10-07-41,0,0,e2256bf6ae17ae42f4a6d23d6f13570ce2ef080f209c8b6590736759fcf14c27
634,reduzida__baixo,04.05.2022-11-26-16_v00.png,04.05.2022-11-26-16,0,0,cf65b59ab00e540cfedaf843e5a254fb7ab0fe9ce4008cb63d0a018328ff8961
635,reduzida__baixo,13.07.2022-13-51-52_v00.png,13.07.2022-13-51-52,0,0,e224c50fc35e1f31a6562241f14a2ad5212ac361856c5d7f5d6f1284b4ef80f9
636,reduzida__baixo,27.04.2022-15-43-18_v01.png,27.04.2022-15-43-18,1,0,68ae1ebb4c752864a53bec8cac6f083dd2cbbd65de250f01e56389e249905a82
637,reduzida__baixo,28.06.2022-11-15-43_v01.png,28.06.2022-11-15-43,1,0,1d0e30ef17d673feff3f21f858d380ffddf26e22819a893366b8db7e8a6aa224
638,reduzida__baixo,23.06.2022-09-25-18_v00.png,23.06.2022-09-25-18,0,0,988fdb6dc7e090a62b71ebf0eed9e5b2715084ab32410d2bc716e30047cd0797
639,reduzida__baixo,18.04.2022-14-31-15_v00.png,18.04.2022-14-31-15,0,0,15b52272a86873ea5e31e98ac54ee62c99c98e90942b4b55c6651edde886bdc5
640,reduzida__baixo,18.04.2022-14-17-06_v00.png,18.04.2022-14-17-06,0,0,5767f08393416576e9d851bd4f8a8fb4d6359d61e833708681b7737b8dc9d8c8
641,reduzida__baixo,20.04.2022-11-23-30_v01.png,20.04.2022-11-23-30,1,0,114c57855c0748a916ea6893b305d905619090d791458ccace57ee37b55d5810
642,reduzida__baixo,07.04.2022-11-03-11_v01.png,07.04.2022-11-03-11,1,0,dfef5bf8a12f88b2e4099ae169e69480a7df093e3a7b97b73156517cc395a31e
643,reduzida__baixo,04.05.2022-14-08-57_v00.png,04.05.2022-14-08-57,0,0,507dac68dc47da061d3b294184715ff62cc598c9952b3c532933376d08ae54b1
644,reduzida__baixo,14.04.2022-15-57-06_v01.png,14.04.2022-15-57-06,1,0,fbe9ebf2a3e56c2c2910b8453ecbba1618d705249e76b32d0206278e9d2359dd
645,reduzida__baixo,23.06.2022-16-10-31_v00.png,23.06.2022-16-10-31,0,0,b28eec86170668882f14d97c78f1c1c02d06825571bcc3b52623a8097038bf2f
646,reduzida__baixo,13.04.2022-10-45-12_v00.png,13.04.2022-10-45-12,0,0,205f9407b9e6be0be6d127a2788b881ded0106290398600e3ab249879ec74d11
647,reduzida__baixo,12.04.2022-11-05-33_v01.png,12.04.2022-11-05-33,1,0,e93c792b0732cc97cbdb8e118e5b5a69c220d07af9584573b072e1818c4bbad7
648,reduzida__baixo,22.07.2022-09-53-43_v01.png,22.07.2022-09-53-43,1,0,c8bce77af90cde43cdd0372877b73f85da7a891b7160101bd55646b256d81837
649,reduzida__baixo,28.06.2022-09-54-32_v01.png,28.06.2022-09-54-32,1,0,0b8cb9afed220d6370d0395cfdbddb48ef9b8f00d83b3d1d07be0a2b8874bf42
650,reduzida__baixo,07.07.2022-10-35-06_v01.png,07.07.2022-10-35-06,1,0,62bf208571ba03327403464251f0fbbb654bf782aba42369ffcd816ff2e576aa
651,reduzida__baixo,27.06.2022-15-48-01_v00.png,27.06.2022-15-48-01,0,0,4edae3088479958f3e83d3b800f735800a987103734c5989f9030857f24110db
652,reduzida__baixo,18.04.2022-15-40-42_v01.png,18.04.2022-15-40-42,1,0,7452ab5363d3c194937640f8fc15bcbf5867d6e8350d376a24a564b6f19a024e
653,reduzida__baixo,12.04.2022-15-57-25_v01.png,12.04.2022-15-57-25,1,0,bc3858bcde8168e8431bdf341784f7265fe267a79978640a4f12a43cad60aa26
654,reduzida__baixo,13.04.2022-15-23-22_v00.png,13.04.2022-15-23-22,0,0,ad36f58e1b50085123769200f4f38e7c59823e0eff95c2c17389176f08475428
655,reduzida__baixo,24.06.2022-14-03-36_v01.png,24.06.2022-14-03-36,1,0,dad744e829abb4a2246e62627cf821ce527fd87628b90b883c8e06b379e589f0
656,reduzida__baixo,28.06.2022-09-59-10_v00.png,28.06.2022-09-59-10,0,0,a0c47b1f962dc0ec1a1e9132889a524d999e09bc819687ac35076a6b6b7da86d
657,reduzida__baixo,07.07.2022-10-00-04_v01.png,07.07.2022-10-00-04,1,0,54d3588caebd686c75450bf351d83e8df96d40527e4212d1a484e6a1c8fb9878
658,reduzida__baixo,05.07.2022-14-50-11_v00.png,05.07.2022-14-50-11,0,0,04fa623a6fd18669b79e80674a8c099e3b6daa77ecf01fcb56145499cf875d6a
659,reduzida__baixo,13.04.2022-15-56-30_v00.png,13.04.2022-15-56-30,0,0,7d0cf8cf4681dbd23d6a670b76d263584b19d5b05a6d1c3c553d8dd30a543071
660,reduzida__baixo,09.05.2022-09-37-57_v00.png,09.05.2022-09-37-57,0,0,50c85de84b0c28b89312cf9f2bcc726c6337ec691b6463f8ab92455a03690d60
661,reduzida__baixo,28.06.2022-10-06-21_v01.png,28.06.2022-10-06-21,1,0,875abfac8e20e4e17daf82cd51a513510d10b283d8ab274ae562dcda4e988a15
662,reduzida__baixo,10.05.2022-13-49-11_v01.png,10.05.2022-13-49-11,1,0,794300817c34f0c2c88c74fcd5faa790ccafe3e680c768a320e4538f00bb3b8a
663,reduzida__baixo,23.06.2022-09-41-33_v00.png,23.06.2022-09-41-33,0,0,4d3337ad1cca5a9aa7c221eff93e84ece173d63172d659037b0bbf59168c9a0a
664,reduzida__baixo,05.07.2022-10-45-47_v01.png,05.07.2022-10-45-47,1,0,a7ea0f462ea57290b5619ed6c55a849a09f9bf3d3f2c0f32149afbf302d9a533
665,reduzida__baixo,14.04.2022-13-53-40_v00.png,14.04.2022-13-53-40,0,0,4a9ea9bef402354474e78e472d1750bcc555018867b066464a35ec2518a9bed1
666,reduzida__baixo,05.07.2022-15-17-59_v00.png,05.07.2022-15-17-59,0,0,5ae2936859068ff38ca7dc285ed283f1d08891e4557d0ea7cb14c53e8bda817b
667,reduzida__baixo,28.06.2022-10-55-30_v01.png,28.06.2022-10-55-30,1,0,88dea7f3cc1ece6055aac6a6b0bf27f9bea898392c8fbd3f59d6946623618eef
668,reduzida__baixo,07.04.2022-14-44-43_v01.png,07.04.2022-14-44-43,1,0,fecf9901dac8a07fc33ac403f4a549e101468f2121dd8af613dd83da666e9462
669,reduzida__baixo,13.04.2022-15-30-12_v01.png,13.04.2022-15-30-12,1,0,0726e6e2da7f2b6fa07e53bc65beb93826b52bc0575f942e850b543289d91f3b
670,reduzida__baixo,14.04.2022-13-23-51_v01.png,14.04.2022-13-23-51,1,0,b9be93c45538727afda47e78bb779519b079eb30da51eda89467897b51ce9ff2
671,reduzida__baixo,07.04.2022-14-20-47_v00.png,07.04.2022-14-20-47,0,0,19782e770c7669cb12c5bd1b6c9eba27c9cec78d671c4e6c6bff4d69e102b1d2
672,reduzida__baixo,22.07.2022-11-22-43_v01.png,22.07.2022-11-22-43,1,0,219f487d2182fe3f85285dd542b80eae5f16148320abe87a4453bc5afb3d6864
673,reduzida__baixo,09.05.2022-08-31-33_v00.png,09.05.2022-08-31-33,0,0,b9f092b1de362ee9d5b82f7baa673a5539ae011f9db881923872b72cae08f57c
