imagem_id,box_index,area_px,area_640_px
01.07.2022-10-37-14,0,1470,163.3
01.07.2022-10-37-14,1,528,58.7
01.07.2022-10-37-14,2,1224,136.0
01.07.2022-10-40-05,0,3010,334.4
01.07.2022-10-40-05,1,2016,224.0
01.07.2022-10-40-05,2,506,56.2
01.07.2022-10-42-41,0,6780,753.3
01.07.2022-10-42-41,1,4802,533.6
01.07.2022-10-42-41,2,1340,148.9
01.07.2022-10-46-06,0,11929,1325.4
01.07.2022-10-46-06,1,6215,690.6
01.07.2022-10-46-06,2,2064,229.3
01.07.2022-10-51-03,0,20758,2306.4
01.07.2022-10-51-42,0,7155,795.0
01.07.2022-10-51-42,1,19364,2151.6
01.07.2022-10-52-47,0,31980,3553.3
01.07.2022-10-52-47,1,21930,2436.7
01.07.2022-10-55-57,0,1584,176.0
04.05.2022-09-46-05,0,2074,230.4
04.05.2022-09-46-23,0,819,91.0
04.05.2022-09-46-48,0,999,111.0
04.05.2022-09-48-18,0,8944,993.8
04.05.2022-09-50-07,0,1917,213.0
04.05.2022-09-50-07,1,1633,181.4
04.05.2022-09-50-07,2,8228,914.2
04.05.2022-09-50-51,0,5076,564.0
04.05.2022-09-56-04,0,14440,1604.4
04.05.2022-09-56-04,1,1539,171.0
04.05.2022-10-05-42,0,4760,528.9
04.05.2022-10-05-42,1,3600,400.0
04.05.2022-10-05-42,2,5246,582.9
04.05.2022-10-05-42,3,5002,555.8
04.05.2022-10-19-10,0,817,90.8
04.05.2022-10-19-10,1,1274,141.6
04.05.2022-10-19-10,2,624,69.3
04.05.2022-10-19-10,3,1150,127.8
04.05.2022-10-19-10,4,1408,156.4
04.05.2022-10-19-10,5,980,108.9
04.05.2022-10-19-10,6,950,105.6
04.05.2022-10-19-10,7,1456,161.8
04.05.2022-10-19-10,8,1352,150.2
04.05.2022-10-19-10,9,966,107.3
04.05.2022-10-19-10,10,741,82.3
04.05.2022-10-19-10,11,1500,166.7
04.05.2022-10-19-10,12,2541,282.3
04.05.2022-10-19-10,13,867,96.3
04.05.2022-10-19-10,14,660,73.3
04.05.2022-10-19-10,15,1239,137.7
04.05.2022-10-19-10,16,697,77.4
04.05.2022-10-19-10,17,1098,122.0
04.05.2022-10-19-10,18,1430,158.9
04.05.2022-10-19-10,19,1998,222.0
04.05.2022-10-19-10,20,1400,155.6
04.05.2022-10-19-10,21,1440,160.0
04.05.2022-10-19-10,22,8740,971.1
04.05.2022-10-29-21,0,1495,166.1
04.05.2022-10-29-21,1,4205,467.2
04.05.2022-10-29-21,2,2600,288.9
04.05.2022-10-29-21,3,4128,458.7
04.05.2022-10-29-21,4,884,98.2
04.05.2022-10-29-21,5,476,52.9
04.05.2022-10-29-21,7,512,56.9
04.05.2022-10-29-21,8,408,45.3
04.05.2022-10-29-21,9,396,44.0
04.05.2022-10-29-21,10,390,43.3
04.05.2022-10-29-21,11,510,56.7
04.05.2022-10-29-21,12,512,56.9
04.05.2022-11-11-05,0,782,86.9
04.05.2022-11-11-05,1,920,102.2
04.05.2022-11-11-05,2,1155,128.3
04.05.2022-11-11-05,3,675,75.0
04.05.2022-11-11-05,4,615,68.3
04.05.2022-11-11-05,5,476,52.9
04.05.2022-11-11-05,6,748,83.1
04.05.2022-11-11-05,10,882,98.0
04.05.2022-11-13-12,0,2822,313.6
04.05.2022-11-13-12,1,860,95.6
04.05.2022-11-21-06,0,4880,542.2
04.05.2022-11-21-06,1,3115,346.1
04.05.2022-11-21-06,2,1820,202.2
04.05.2022-11-22-03,0,1450,161.1
04.05.2022-11-22-03,1,630,70.0
04.05.2022-11-22-03,2,1464,162.7
04.05.2022-11-22-03,3,2024,224.9
04.05.2022-11-26-16,0,2924,324.9
04.05.2022-11-26-16,1,3127,347.4
04.05.2022-11-26-16,2,1008,112.0
04.05.2022-11-26-16,3,10950,1216.7
04.05.2022-11-26-16,4,1944,216.0
04.05.2022-11-26-16,5,1332,148.0
04.05.2022-11-28-37,0,3795,421.7
04.05.2022-11-28-37,1,2553,283.7
04.05.2022-11-28-37,2,2624,291.6
04.05.2022-11-28-37,3,609,67.7
04.05.2022-11-28-37,4,7469,829.9
04.05.2022-13-43-33,0,4148,460.9
04.05.2022-13-43-33,1,688,76.4
04.05.2022-13-46-07,0,672,74.7
04.05.2022-13-46-07,1,1638,182.0
04.05.2022-13-46-07,2,1323,147.0
04.05.2022-13-46-07,3,1590,176.7
04.05.2022-13-47-26,0,2408,267.6
04.05.2022-13-47-26,1,1696,188.4
04.05.2022-13-47-26,2,1924,213.8
04.05.2022-13-53-45,0,3750,416.7
04.05.2022-13-53-45,1,780,86.7
04.05.2022-13-53-45,2,891,99.0
04.05.2022-13-53-45,3,800,88.9
04.05.2022-13-53-45,4,594,66.0
04.05.2022-13-53-45,5,598,66.4
04.05.2022-13-53-45,6,625,69.4
04.05.2022-13-53-45,7,1050,116.7
04.05.2022-13-53-45,8,960,106.7
04.05.2022-13-53-45,9,702,78.0
04.05.2022-13-53-45,10,420,46.7
04.05.2022-13-53-45,11,500,55.6
04.05.2022-13-53-45,12,754,83.8
04.05.2022-13-53-45,13,546,60.7
04.05.2022-13-53-45,14,1692,188.0
04.05.2022-13-53-45,15,1472,163.6
04.05.2022-13-59-37,0,2130,236.7
04.05.2022-13-59-37,1,16952,1883.6
04.05.2022-13-59-37,3,23680,2631.1
04.05.2022-13-59-37,4,828,92.0
04.05.2022-14-00-09,0,27608,3067.6
04.05.2022-14-00-09,1,1029,114.3
04.05.2022-14-07-59,0,2378,264.2
04.05.2022-14-07-59,1,558,62.0
04.05.2022-14-07-59,2,21021,2335.7
04.05.2022-14-07-59,3,6656,739.6
04.05.2022-14-08-57,0,13520,1502.2
04.05.2022-14-08-57,1,12950,1438.9
04.05.2022-14-09-15,0,4611,512.3
04.05.2022-14-09-15,1,13320,1480.0
04.05.2022-14-09-37,0,10146,1127.3
04.05.2022-14-09-37,1,14288,1587.6
04.05.2022-14-10-01,0,16235,1803.9
04.05.2022-14-10-01,1,15642,1738.0
04.05.2022-14-12-40,0,4158,462.0
04.05.2022-14-12-40,1,1078,119.8
04.05.2022-14-12-40,2,1550,172.2
04.05.2022-14-12-40,3,1653,183.7
04.05.2022-14-12-40,4,875,97.2
04.05.2022-14-12-40,5,2337,259.7
04.05.2022-14-35-20,0,28458,3162.0
04.05.2022-14-35-20,1,2889,321.0
04.05.2022-14-35-20,2,468,52.0
04.05.2022-14-36-55,0,2765,307.2
04.05.2022-14-37-57,0,7808,867.6
04.05.2022-14-38-51,0,1653,183.7
04.05.2022-14-38-51,1,407,45.2
04.05.2022-14-38-51,2,714,79.3
04.05.2022-14-41-45,0,5041,560.1
04.05.2022-14-41-45,1,9752,1083.6
04.05.2022-14-43-13,0,24888,2765.3
04.05.2022-14-43-13,1,2400,266.7
04.05.2022-14-43-13,2,5530,614.4
04.05.2022-14-43-13,3,2162,240.2
04.05.2022-14-43-13,4,2250,250.0
04.05.2022-14-43-13,5,10640,1182.2
04.05.2022-14-45-31,0,27680,3075.6
04.05.2022-14-45-31,1,8687,965.2
04.05.2022-14-45-31,2,11340,1260.0
04.05.2022-14-45-31,3,5467,607.4
04.05.2022-14-45-31,4,6314,701.6
04.05.2022-14-45-31,5,7200,800.0
04.05.2022-14-45-31,6,38778,4308.7
04.05.2022-14-56-02,0,1200,133.3
04.05.2022-14-56-02,1,4520,502.2
04.05.2022-14-56-45,0,1825,202.8
04.05.2022-14-59-00,0,4284,476.0
04.05.2022-14-59-00,1,16005,1778.3
04.05.2022-14-59-00,2,14787,1643.0
04.05.2022-14-59-00,3,4218,468.7
04.05.2022-15-01-54,0,1160,128.9
04.05.2022-15-01-54,1,702,78.0
04.05.2022-15-01-54,2,7392,821.3
04.05.2022-15-04-56,0,2970,330.0
04.05.2022-15-04-56,1,2704,300.4
04.05.2022-15-04-56,2,1008,112.0
04.05.2022-15-04-56,3,493,54.8
04.05.2022-15-10-06,0,1700,188.9
04.05.2022-15-10-06,1,2205,245.0
04.05.2022-15-10-06,2,1944,216.0
04.05.2022-15-10-06,3,7040,782.2
04.05.2022-15-10-06,4,8874,986.0
04.05.2022-15-10-06,5,2379,264.3
04.05.2022-15-10-06,6,1944,216.0
04.05.2022-15-10-06,7,2296,255.1
04.05.2022-15-10-06,8,1088,120.9
04.05.2022-15-10-06,9,3960,440.0
04.05.2022-15-10-06,10,2028,225.3
04.05.2022-15-10-06,11,1320,146.7
04.05.2022-15-13-27,0,1440,160.0
04.05.2022-15-13-27,1,3337,370.8
04.05.2022-15-13-27,2,900,100.0
04.05.2022-15-13-27,3,1935,215.0
04.05.2022-15-13-27,4,2613,290.3
04.05.2022-15-13-27,5,5400,600.0
04.05.2022-15-13-27,6,1911,212.3
04.05.2022-15-13-27,7,1472,163.6
04.05.2022-15-13-27,8,805,89.4
04.05.2022-15-13-27,9,3876,430.7
04.05.2022-15-13-27,10,4444,493.8
04.05.2022-15-13-27,11,2009,223.2
04.05.2022-15-13-27,12,578,64.2
04.05.2022-15-13-27,13,8468,940.9
04.05.2022-15-18-49,0,2184,242.7
04.05.2022-15-18-49,1,1470,163.3
04.05.2022-15-20-13,0,3015,335.0
04.05.2022-15-20-13,1,10591,1176.8
04.05.2022-15-26-05,0,666,74.0
04.05.2022-15-26-05,1,1020,113.3
04.05.2022-15-26-31,0,2170,241.1
04.05.2022-15-26-31,1,1100,122.2
04.05.2022-15-26-31,2,798,88.7
04.05.2022-15-27-49,0,4320,480.0
04.05.2022-15-27-49,1,648,72.0
04.05.2022-15-27-49,2,1125,125.0
04.05.2022-15-27-49,3,1056,117.3
04.05.2022-15-27-49,4,1960,217.8
04.05.2022-15-32-10,0,7308,812.0
04.05.2022-15-32-10,1,9100,1011.1
04.05.2022-15-32-10,2,4130,458.9
04.05.2022-15-32-10,3,10857,1206.3
04.05.2022-15-33-00,0,7540,837.8
04.05.2022-15-33-00,1,3306,367.3
04.05.2022-15-33-00,2,9044,1004.9
04.05.2022-15-33-00,3,5670,630.0
04.05.2022-15-33-40,0,10763,1195.9
04.05.2022-15-33-40,1,4095,455.0
04.05.2022-15-50-50,0,3075,341.7
05.07.2022-08-37-18,0,47790,5310.0
05.07.2022-08-38-44,0,648,72.0
05.07.2022-08-38-44,1,9916,1101.8
05.07.2022-08-39-26,0,3744,416.0
05.07.2022-08-39-26,1,345,38.3
05.07.2022-08-40-19,0,1080,120.0
05.07.2022-08-42-08,0,20001,2222.3
05.07.2022-08-42-33,0,48151,5350.1
05.07.2022-08-42-52,0,12212,1356.9
05.07.2022-08-43-04,0,7412,823.6
05.07.2022-08-43-24,0,4100,455.6
05.07.2022-08-43-57,0,2948,327.6
05.07.2022-08-44-35,0,1728,192.0
05.07.2022-08-47-24,0,4256,472.9
05.07.2022-08-47-24,1,31553,3505.9
05.07.2022-08-48-40,0,2000,222.2
05.07.2022-08-48-40,1,11613,1290.3
05.07.2022-08-49-00,0,6820,757.8
05.07.2022-08-49-00,1,1287,143.0
05.07.2022-08-49-58,0,558,62.0
05.07.2022-08-49-58,1,1530,170.0
05.07.2022-08-50-15,0,912,101.3
05.07.2022-08-50-48,0,3920,435.6
05.07.2022-08-50-48,1,800,88.9
05.07.2022-08-53-43,0,21504,2389.3
05.07.2022-08-53-43,1,10452,1161.3
05.07.2022-08-54-10,0,4845,538.3
05.07.2022-08-54-10,1,8662,962.4
05.07.2022-08-54-37,0,5280,586.7
05.07.2022-08-54-37,1,3120,346.7
05.07.2022-08-55-31,0,2600,288.9
05.07.2022-08-55-31,1,1682,186.9
05.07.2022-09-00-23,0,14405,1600.6
05.07.2022-09-00-57,0,1386,154.0
05.07.2022-09-05-24,0,18135,2015.0
05.07.2022-09-05-49,0,12800,1422.2
05.07.2022-09-06-34,0,4998,555.3
05.07.2022-09-06-54,0,3526,391.8
05.07.2022-09-07-06,0,1885,209.4
05.07.2022-09-07-39,0,920,102.2
05.07.2022-09-31-40,0,13804,1533.8
05.07.2022-09-32-00,0,5040,560.0
05.07.2022-09-33-01,0,3024,336.0
05.07.2022-09-33-01,1,1365,151.7
05.07.2022-09-33-39,0,22788,2532.0
05.07.2022-09-34-17,1,6201,689.0
05.07.2022-09-35-39,0,25647,2849.7
05.07.2022-09-35-39,1,3740,415.6
05.07.2022-09-39-22,0,4332,481.3
05.07.2022-09-39-22,1,522,58.0
05.07.2022-09-39-22,3,432,48.0
05.07.2022-09-40-18,0,7772,863.6
05.07.2022-09-40-18,3,420,46.7
05.07.2022-09-40-18,4,532,59.1
05.07.2022-09-41-37,0,9405,1045.0
05.07.2022-09-41-37,3,486,54.0
05.07.2022-09-43-02,0,7685,853.9
05.07.2022-09-43-02,1,540,60.0
05.07.2022-09-43-02,2,464,51.6
05.07.2022-09-43-02,3,2280,253.3
05.07.2022-09-43-02,4,2448,272.0
05.07.2022-09-43-02,5,961,106.8
05.07.2022-09-44-10,0,27234,3026.0
05.07.2022-09-44-10,1,9207,1023.0
05.07.2022-09-44-10,2,1089,121.0
05.07.2022-09-44-10,3,600,66.7
05.07.2022-09-44-10,4,7020,780.0
05.07.2022-09-44-42,0,2346,260.7
05.07.2022-09-44-42,1,1188,132.0
05.07.2022-09-44-42,2,18228,2025.3
05.07.2022-09-45-09,0,29600,3288.9
05.07.2022-09-45-09,1,4225,469.4
05.07.2022-09-47-05,0,1675,186.1
05.07.2022-09-57-10,0,21525,2391.7
05.07.2022-09-57-10,1,6480,720.0
05.07.2022-09-57-10,2,1170,130.0
05.07.2022-09-58-48,0,44240,4915.6
05.07.2022-09-58-48,1,3597,399.7
05.07.2022-10-01-34,0,37434,4159.3
05.07.2022-10-01-34,1,16575,1841.7
05.07.2022-10-02-12,0,21508,2389.8
05.07.2022-10-02-12,1,13167,1463.0
05.07.2022-10-32-51,0,2013,223.7
05.07.2022-10-34-23,0,975,108.3
05.07.2022-10-34-23,1,1856,206.2
05.07.2022-10-34-23,2,4408,489.8
05.07.2022-10-35-16,0,4185,465.0
05.07.2022-10-35-16,1,1072,119.1
05.07.2022-10-35-16,2,1332,148.0
05.07.2022-10-35-16,3,1102,122.4
05.07.2022-10-35-16,4,10442,1160.2
05.07.2022-10-36-11,0,3528,392.0
05.07.2022-10-36-11,1,2380,264.4
05.07.2022-10-36-11,2,24570,2730.0
05.07.2022-10-39-39,1,364,40.4
05.07.2022-10-39-39,2,3492,388.0
05.07.2022-10-39-39,3,975,108.3
05.07.2022-10-42-49,0,544,60.4
05.07.2022-10-42-49,4,377,41.9
05.07.2022-10-42-49,5,3312,368.0
05.07.2022-10-42-49,6,792,88.0
05.07.2022-10-45-30,0,3458,384.2
05.07.2022-10-45-47,0,5952,661.3
05.07.2022-10-48-29,0,945,105.0
05.07.2022-10-48-29,1,20787,2309.7
05.07.2022-10-48-53,0,10680,1186.7
05.07.2022-10-48-53,1,465,51.7
05.07.2022-10-49-56,0,384,42.7
05.07.2022-10-49-56,1,6552,728.0
05.07.2022-11-12-43,0,3212,356.9
05.07.2022-11-12-43,1,2046,227.3
05.07.2022-11-12-43,2,11346,1260.7
05.07.2022-11-12-43,3,2166,240.7
05.07.2022-11-12-43,4,13398,1488.7
05.07.2022-11-13-46,0,6016,668.4
05.07.2022-11-13-46,1,1380,153.3
05.07.2022-11-13-46,4,14240,1582.2
05.07.2022-11-20-19,0,3910,434.4
05.07.2022-11-20-19,1,468,52.0
05.07.2022-11-21-38,0,4290,476.7
05.07.2022-11-22-36,0,2960,328.9
05.07.2022-13-51-18,0,3360,373.3
05.07.2022-13-51-18,1,602,66.9
05.07.2022-13-53-06,0,11220,1246.7
05.07.2022-13-54-27,0,4515,501.7
05.07.2022-13-54-27,1,720,80.0
05.07.2022-13-57-00,0,30720,3413.3
05.07.2022-13-57-22,0,4800,533.3
05.07.2022-14-00-56,1,720,80.0
05.07.2022-14-00-56,4,374,41.6
05.07.2022-14-00-56,7,380,42.2
05.07.2022-14-00-56,8,20320,2257.8
05.07.2022-14-07-55,0,12432,1381.3
05.07.2022-14-09-02,0,7980,886.7
05.07.2022-14-09-27,0,2040,226.7
05.07.2022-14-09-46,0,2470,274.4
05.07.2022-14-10-43,0,8131,903.4
05.07.2022-14-12-44,0,15600,1733.3
05.07.2022-14-14-30,0,28392,3154.7
05.07.2022-14-49-01,0,648,72.0
05.07.2022-14-49-01,1,375,41.7
05.07.2022-14-49-01,2,352,39.1
05.07.2022-14-50-11,0,1012,112.4
05.07.2022-14-50-11,1,836,92.9
05.07.2022-14-50-11,2,1260,140.0
05.07.2022-14-52-18,0,12730,1414.4
05.07.2022-14-52-18,1,4464,496.0
05.07.2022-14-52-18,2,1325,147.2
05.07.2022-14-52-18,3,1715,190.6
05.07.2022-14-52-18,4,1364,151.6
05.07.2022-14-52-18,5,1248,138.7
05.07.2022-14-53-20,0,620,68.9
05.07.2022-14-53-20,1,690,76.7
05.07.2022-14-53-20,2,3040,337.8
05.07.2022-14-53-20,3,5104,567.1
05.07.2022-14-53-20,4,680,75.6
05.07.2022-14-53-20,5,680,75.6
05.07.2022-14-55-25,0,432,48.0
05.07.2022-14-55-25,1,1800,200.0
05.07.2022-15-02-20,0,780,86.7
05.07.2022-15-02-20,2,512,56.9
05.07.2022-15-04-20,2,3640,404.4
05.07.2022-15-04-20,3,1197,133.0
05.07.2022-15-05-57,0,14405,1600.6
05.07.2022-15-05-57,1,4477,497.4
05.07.2022-15-05-57,2,680,75.6
05.07.2022-15-05-57,3,672,74.7
05.07.2022-15-05-57,4,752,83.6
05.07.2022-15-05-57,5,464,51.6
05.07.2022-15-05-57,6,357,39.7
05.07.2022-15-06-42,0,682,75.8
05.07.2022-15-06-42,1,8512,945.8
05.07.2022-15-11-37,0,2925,325.0
05.07.2022-15-11-37,1,600,66.7
05.07.2022-15-11-37,2,594,66.0
05.07.2022-15-12-00,0,3456,384.0
05.07.2022-15-12-00,1,814,90.4
05.07.2022-15-12-00,2,496,55.1
05.07.2022-15-12-54,0,3864,429.3
05.07.2022-15-12-54,1,1144,127.1
05.07.2022-15-12-54,2,968,107.6
05.07.2022-15-17-30,0,2214,246.0
05.07.2022-15-17-59,0,5940,660.0
05.07.2022-15-28-29,0,5656,628.4
05.07.2022-15-28-44,0,10500,1166.7
05.07.2022-16-08-11,0,1560,173.3
05.07.2022-16-08-34,0,2904,322.7
05.07.2022-16-09-13,0,11766,1307.3
05.07.2022-16-10-29,0,754,83.8
05.07.2022-16-10-29,1,1472,163.6
05.07.2022-16-10-58,0,702,78.0
05.07.2022-16-10-58,1,1440,160.0
05.07.2022-16-11-27,0,3672,408.0
05.07.2022-16-11-27,1,5049,561.0
07.04.2022-09-48-09,0,8280,920.0
07.04.2022-09-48-09,1,6996,777.3
07.04.2022-10-33-09,0,5412,601.3
07.04.2022-10-33-09,1,49657,5517.4
07.04.2022-10-53-11,0,20988,2332.0
07.04.2022-10-53-11,1,11592,1288.0
07.04.2022-10-53-11,2,7560,840.0
07.04.2022-10-53-11,3,13840,1537.8
07.04.2022-10-53-11,4,10080,1120.0
07.04.2022-10-53-11,5,10465,1162.8
07.04.2022-10-53-11,6,5822,646.9
07.04.2022-10-53-11,7,11564,1284.9
07.04.2022-10-55-17,0,39130,4347.8
07.04.2022-10-55-17,1,3652,405.8
07.04.2022-10-55-17,2,3116,346.2
07.04.2022-10-57-41,0,5610,623.3
07.04.2022-10-58-46,0,2079,231.0
07.04.2022-10-59-14,0,4240,471.1
07.04.2022-11-01-27,1,32600,3622.2
07.04.2022-11-01-27,2,33824,3758.2
07.04.2022-11-02-16,0,1833,203.7
07.04.2022-11-02-16,1,648,72.0
07.04.2022-11-03-11,0,15444,1716.0
07.04.2022-11-05-07,0,5658,628.7
07.04.2022-11-05-55,0,7303,811.4
07.04.2022-11-05-55,1,10080,1120.0
07.04.2022-11-06-37,0,2698,299.8
07.04.2022-11-07-29,0,17391,1932.3
07.04.2022-11-09-43,0,1421,157.9
07.04.2022-11-09-43,1,5616,624.0
07.04.2022-11-12-42,0,2795,310.6
07.04.2022-11-14-58,0,3042,338.0
07.04.2022-11-14-58,1,8601,955.7
07.04.2022-11-16-28,0,2652,294.7
07.04.2022-11-17-25,0,4420,491.1
07.04.2022-11-23-35,0,44274,4919.3
07.04.2022-11-24-06,0,9657,1073.0
07.04.2022-11-25-20,0,46965,5218.3
07.04.2022-13-42-10,0,3783,420.3
07.04.2022-13-44-43,0,13932,1548.0
07.04.2022-13-44-43,1,13261,1473.4
07.04.2022-13-44-43,2,20068,2229.8
07.04.2022-13-44-43,3,16116,1790.7
07.04.2022-13-46-12,0,33088,3676.4
07.04.2022-13-46-12,1,11088,1232.0
07.04.2022-13-47-55,0,22300,2477.8
07.04.2022-13-47-55,1,26578,2953.1
07.04.2022-13-48-50,1,6800,755.6
07.04.2022-13-48-50,2,22372,2485.8
07.04.2022-13-49-59,0,21648,2405.3
07.04.2022-13-49-59,1,48169,5352.1
07.04.2022-13-52-11,0,21828,2425.3
07.04.2022-13-58-11,0,6042,671.3
07.04.2022-14-05-54,0,3726,414.0
07.04.2022-14-11-44,0,14950,1661.1
07.04.2022-14-17-03,0,20252,2250.2
07.04.2022-14-17-41,0,5000,555.6
07.04.2022-14-20-47,0,2883,320.3
07.04.2022-14-44-43,0,8580,953.3
07.04.2022-14-45-15,0,12496,1388.4
07.04.2022-14-45-57,0,2232,248.0
07.04.2022-14-47-00,0,2442,271.3
07.04.2022-14-47-37,0,5145,571.7
07.04.2022-14-47-47,0,4851,539.0
07.04.2022-14-49-26,0,8820,980.0
07.04.2022-14-49-26,1,31110,3456.7
07.04.2022-14-50-45,0,29106,3234.0
07.04.2022-15-20-32,0,2706,300.7
07.04.2022-15-20-46,0,3936,437.3
07.04.2022-15-22-21,0,2232,248.0
07.04.2022-15-25-15,0,14100,1566.7
07.04.2022-15-25-15,1,17982,1998.0
07.04.2022-15-25-15,2,35046,3894.0
07.04.2022-15-25-15,3,22800,2533.3
07.04.2022-15-25-15,4,24752,2750.2
07.04.2022-15-25-15,5,11424,1269.3
07.04.2022-15-27-51,0,10918,1213.1
07.04.2022-15-27-51,1,11880,1320.0
07.04.2022-15-27-51,2,2120,235.6
07.04.2022-15-43-37,0,24016,2668.4
07.04.2022-15-47-27,0,759,84.3
07.04.2022-15-47-27,1,612,68.0
07.04.2022-15-48-52,0,1968,218.7
07.04.2022-16-02-10,0,4845,538.3
07.04.2022-16-04-20,0,6555,728.3
07.04.2022-16-05-33,0,1300,144.4
07.04.2022-16-05-33,1,760,84.4
07.04.2022-16-05-33,2,875,97.2
07.04.2022-16-05-33,3,459,51.0
07.04.2022-16-07-03,0,1683,187.0
07.04.2022-16-07-03,1,768,85.3
07.04.2022-16-07-03,2,464,51.6
07.04.2022-16-08-34,0,414,46.0
07.04.2022-16-08-34,1,814,90.4
07.04.2022-16-08-34,2,2573,285.9
07.04.2022-16-10-15,0,48720,5413.3
07.04.2022-16-10-15,1,1656,184.0
07.04.2022-16-10-15,2,5148,572.0
07.04.2022-16-15-50,0,16878,1875.3
07.04.2022-16-15-50,1,19224,2136.0
07.04.2022-16-15-50,2,820,91.1
07.04.2022-16-15-50,3,1375,152.8
07.04.2022-16-15-50,4,1701,189.0
07.04.2022-16-16-37,0,4590,510.0
07.04.2022-16-16-37,1,693,77.0
07.04.2022-16-18-37,0,1624,180.4
07.04.2022-16-18-37,1,2208,245.3
07.04.2022-16-18-37,2,3822,424.7
07.07.2022-08-54-15,0,25728,2858.7
07.07.2022-08-55-03,0,4708,523.1
07.07.2022-09-26-33,0,14065,1562.8
07.07.2022-09-26-33,1,28314,3146.0
07.07.2022-09-26-33,2,18067,2007.4
07.07.2022-09-26-33,3,23400,2600.0
07.07.2022-09-28-06,0,34932,3881.3
07.07.2022-09-38-49,0,4095,455.0
07.07.2022-09-39-44,0,14336,1592.9
07.07.2022-09-40-32,0,28864,3207.1
07.07.2022-09-53-03,0,9840,1093.3
07.07.2022-09-53-03,1,910,101.1
07.07.2022-09-53-03,2,7238,804.2
07.07.2022-09-53-03,3,13320,1480.0
07.07.2022-09-53-03,4,11468,1274.2
07.07.2022-09-53-03,5,5896,655.1
07.07.2022-09-53-03,6,1176,130.7
07.07.2022-09-53-03,7,475,52.8
07.07.2022-09-53-03,9,9246,1027.3
07.07.2022-09-54-54,0,34960,3884.4
07.07.2022-09-54-54,1,609,67.7
07.07.2022-09-54-54,2,660,73.3
07.07.2022-09-54-54,4,594,66.0
07.07.2022-09-54-54,5,456,50.7
07.07.2022-09-54-54,6,962,106.9
07.07.2022-09-54-54,7,5700,633.3
07.07.2022-09-54-54,8,12288,1365.3
07.07.2022-09-54-54,9,9718,1079.8
07.07.2022-09-54-54,10,6072,674.7
07.07.2022-09-54-54,11,8320,924.4
07.07.2022-09-56-49,0,19594,2177.1
07.07.2022-09-56-49,1,738,82.0
07.07.2022-09-56-49,4,550,61.1
07.07.2022-09-56-49,5,12880,1431.1
07.07.2022-09-56-49,6,20566,2285.1
07.07.2022-09-56-49,7,21546,2394.0
07.07.2022-09-56-49,8,10168,1129.8
07.07.2022-09-56-49,9,1394,154.9
07.07.2022-09-59-33,0,7208,800.9
07.07.2022-09-59-33,1,572,63.6
07.07.2022-10-00-04,0,11440,1271.1
07.07.2022-10-00-04,1,690,76.7
07.07.2022-10-26-42,0,1863,207.0
07.07.2022-10-26-42,1,6724,747.1
07.07.2022-10-26-42,2,1806,200.7
07.07.2022-10-26-42,3,1025,113.9
07.07.2022-10-26-42,4,1292,143.6
07.07.2022-10-26-42,5,1386,154.0
07.07.2022-10-26-42,6,754,83.8
07.07.2022-10-26-42,7,529,58.8
07.07.2022-10-30-43,0,1026,114.0
07.07.2022-10-30-43,1,19760,2195.6
07.07.2022-10-30-43,2,1364,151.6
07.07.2022-10-31-59,0,728,80.9
07.07.2022-10-31-59,1,2160,240.0
07.07.2022-10-31-59,2,391,43.4
07.07.2022-10-33-08,0,1692,188.0
07.07.2022-10-33-08,1,1564,173.8
07.07.2022-10-33-37,0,7395,821.7
07.07.2022-10-34-54,0,4402,489.1
07.07.2022-10-35-06,0,10324,1147.1
07.07.2022-10-35-34,0,1485,165.0
07.07.2022-10-35-34,1,448,49.8
07.07.2022-10-35-34,2,500,55.6
07.07.2022-10-44-08,0,10927,1214.1
07.07.2022-10-44-52,0,2058,228.7
07.07.2022-10-44-52,1,10863,1207.0
07.07.2022-10-44-52,2,897,99.7
07.07.2022-10-46-32,0,16348,1816.4
07.07.2022-10-46-32,1,3468,385.3
07.07.2022-10-46-32,2,1750,194.4
07.07.2022-10-50-56,0,2457,273.0
07.07.2022-10-51-40,0,759,84.3
08.04.2022-09-12-28,0,4264,473.8
08.04.2022-09-12-28,1,11373,1263.7
08.04.2022-09-12-28,2,810,90.0
08.04.2022-09-12-28,3,540,60.0
08.04.2022-09-12-28,4,1320,146.7
08.04.2022-09-13-33,0,29716,3301.8
08.04.2022-09-13-33,1,450,50.0
08.04.2022-09-17-41,0,1320,146.7
08.04.2022-09-17-41,1,450,50.0
08.04.2022-09-17-41,2,1148,127.6
08.04.2022-09-17-41,3,595,66.1
08.04.2022-09-17-41,4,1550,172.2
08.04.2022-09-17-41,5,500,55.6
08.04.2022-09-17-41,6,713,79.2
08.04.2022-09-21-56,3,12198,1355.3
08.04.2022-09-22-44,1,520,57.8
08.04.2022-09-22-44,2,925,102.8
08.04.2022-09-22-44,3,1148,127.6
08.04.2022-09-25-30,0,2268,252.0
08.04.2022-09-25-30,1,5520,613.3
08.04.2022-09-25-30,2,2948,327.6
08.04.2022-09-25-30,3,1395,155.0
08.04.2022-09-25-30,4,341,37.9
08.04.2022-09-26-55,0,3266,362.9
08.04.2022-09-26-55,1,1403,155.9
08.04.2022-09-26-55,2,1608,178.7
08.04.2022-09-28-19,0,988,109.8
08.04.2022-09-28-19,1,3726,414.0
08.04.2022-09-28-19,2,532,59.1
08.04.2022-09-28-19,3,10787,1198.6
08.04.2022-09-29-45,0,2133,237.0
08.04.2022-09-29-45,1,680,75.6
08.04.2022-09-29-45,2,930,103.3
08.04.2022-09-29-45,3,936,104.0
08.04.2022-09-31-48,0,432,48.0
08.04.2022-09-31-48,1,25650,2850.0
08.04.2022-09-31-48,2,15616,1735.1
08.04.2022-09-31-48,3,4280,475.6
08.04.2022-09-31-48,4,4674,519.3
08.04.2022-09-34-35,1,2958,328.7
08.04.2022-09-34-35,2,5633,625.9
08.04.2022-09-34-35,3,45738,5082.0
08.04.2022-09-42-22,0,7973,885.9
08.04.2022-09-42-22,1,1032,114.7
08.04.2022-09-43-25,0,44850,4983.3
08.04.2022-09-49-34,0,17336,1926.2
08.04.2022-09-49-34,1,10350,1150.0
08.04.2022-09-49-34,2,13284,1476.0
08.04.2022-09-49-34,3,3055,339.4
08.04.2022-09-49-34,4,3108,345.3
08.04.2022-09-49-34,5,1081,120.1
08.04.2022-09-49-34,6,378,42.0
08.04.2022-09-49-34,7,12546,1394.0
08.04.2022-09-53-23,0,16524,1836.0
08.04.2022-09-55-02,0,22655,2517.2
08.04.2022-09-55-02,1,667,74.1
08.04.2022-09-56-07,0,1817,201.9
08.04.2022-09-56-07,1,8165,907.2
08.04.2022-09-56-07,2,756,84.0
08.04.2022-09-56-47,0,5986,665.1
08.04.2022-09-56-47,1,21090,2343.3
08.04.2022-09-59-41,0,4964,551.6
08.04.2022-09-59-41,1,6528,725.3
08.04.2022-09-59-41,2,8932,992.4
08.04.2022-09-59-41,3,5610,623.3
08.04.2022-09-59-41,4,4760,528.9
08.04.2022-09-59-41,5,4725,525.0
08.04.2022-10-42-59,0,1908,212.0
08.04.2022-10-42-59,1,1824,202.7
08.04.2022-10-42-59,3,1440,160.0
08.04.2022-10-42-59,4,2000,222.2
08.04.2022-10-42-59,5,1748,194.2
08.04.2022-10-42-59,6,486,54.0
08.04.2022-10-42-59,7,589,65.4
08.04.2022-10-42-59,8,1591,176.8
08.04.2022-10-42-59,9,1020,113.3
08.04.2022-10-42-59,10,700,77.8
08.04.2022-10-42-59,11,2183,242.6
08.04.2022-10-42-59,12,3075,341.7
08.04.2022-10-42-59,13,2552,283.6
08.04.2022-10-42-59,14,1100,122.2
08.04.2022-10-47-35,0,4410,490.0
08.04.2022-10-47-35,1,9936,1104.0
08.04.2022-10-47-35,2,4896,544.0
08.04.2022-10-47-35,3,6348,705.3
08.04.2022-10-47-35,4,6760,751.1
08.04.2022-10-47-35,5,18180,2020.0
08.04.2022-10-47-35,6,1763,195.9
08.04.2022-10-47-35,7,17028,1892.0
08.04.2022-10-51-22,0,15272,1696.9
08.04.2022-10-51-22,1,26462,2940.2
08.04.2022-10-51-22,3,7872,874.7
08.04.2022-10-51-22,4,11760,1306.7
08.04.2022-10-54-33,0,5150,572.2
08.04.2022-10-56-37,0,5301,589.0
08.04.2022-10-56-37,1,7998,888.7
08.07.2022-14-50-41,0,1624,180.4
08.07.2022-14-51-08,0,2291,254.6
08.07.2022-14-51-49,1,2310,256.7
08.07.2022-14-52-25,0,1734,192.7
08.07.2022-14-52-25,1,493,54.8
08.07.2022-14-52-25,2,5040,560.0
08.07.2022-14-53-04,0,1064,118.2
08.07.2022-14-53-04,1,1248,138.7
08.07.2022-14-53-04,2,4620,513.3
08.07.2022-14-56-34,0,13524,1502.7
08.07.2022-14-56-34,1,960,106.7
08.07.2022-14-56-34,2,480,53.3
08.07.2022-14-56-34,3,340,37.8
08.07.2022-14-56-34,4,516,57.3
08.07.2022-14-57-56,0,4865,540.6
08.07.2022-14-57-56,1,2112,234.7
08.07.2022-14-57-56,2,1464,162.7
08.07.2022-14-57-56,3,2068,229.8
08.07.2022-14-57-56,4,2520,280.0
08.07.2022-14-57-56,5,1464,162.7
08.07.2022-14-58-31,0,3531,392.3
08.07.2022-14-58-31,1,5814,646.0
08.07.2022-14-58-31,2,5544,616.0
08.07.2022-14-58-31,3,5291,587.9
08.07.2022-14-58-31,4,5016,557.3
08.07.2022-14-59-24,0,6030,670.0
08.07.2022-14-59-24,1,9600,1066.7
08.07.2022-14-59-24,2,9540,1060.0
08.07.2022-14-59-24,3,8918,990.9
08.07.2022-14-59-24,4,8262,918.0
08.07.2022-15-01-09,0,16660,1851.1
08.07.2022-15-01-09,1,18318,2035.3
08.07.2022-15-01-09,2,19592,2176.9
08.07.2022-15-01-09,3,8150,905.6
08.07.2022-15-01-35,0,22910,2545.6
08.07.2022-15-01-35,1,17928,1992.0
08.07.2022-15-01-35,2,9840,1093.3
08.07.2022-15-01-35,3,15730,1747.8
08.07.2022-15-02-29,0,42828,4758.7
08.07.2022-15-02-29,1,17537,1948.6
08.07.2022-15-02-29,2,8112,901.3
08.07.2022-15-02-29,3,16302,1811.3
08.07.2022-15-02-56,0,44320,4924.4
08.07.2022-15-02-56,1,17000,1888.9
08.07.2022-15-02-56,2,8892,988.0
08.07.2022-15-02-56,3,14700,1633.3
08.07.2022-15-03-52,0,9918,1102.0
08.07.2022-15-03-52,1,17466,1940.7
08.07.2022-15-03-52,3,16549,1838.8
08.07.2022-15-04-19,0,9976,1108.4
08.07.2022-15-04-19,1,18750,2083.3
08.07.2022-15-04-19,3,16250,1805.6
08.07.2022-15-05-52,1,18798,2088.7
08.07.2022-15-05-52,2,10850,1205.6
08.07.2022-15-05-52,3,16830,1870.0
08.07.2022-15-11-52,0,33770,3752.2
08.07.2022-15-12-23,0,3496,388.4
08.07.2022-15-12-23,3,30700,3411.1
08.07.2022-15-13-02,0,16401,1822.3
08.07.2022-15-13-02,1,27455,3050.6
08.07.2022-15-13-02,2,36608,4067.6
08.07.2022-15-13-02,3,672,74.7
08.07.2022-15-14-46,0,4032,448.0
08.07.2022-15-14-46,1,6880,764.4
08.07.2022-15-14-46,2,11978,1330.9
08.07.2022-15-14-46,3,7009,778.8
08.07.2022-15-14-46,4,5453,605.9
08.07.2022-15-14-46,5,588,65.3
08.07.2022-15-15-44,0,874,97.1
08.07.2022-15-15-44,1,1242,138.0
08.07.2022-15-15-44,2,2256,250.7
08.07.2022-15-15-44,3,1273,141.4
08.07.2022-15-15-44,4,1265,140.6
08.07.2022-15-15-44,5,2912,323.6
08.07.2022-15-15-44,6,812,90.2
08.07.2022-15-15-44,7,616,68.4
08.07.2022-15-15-44,8,396,44.0
08.07.2022-15-18-22,0,6083,675.9
08.07.2022-15-18-22,1,1550,172.2
08.07.2022-15-18-22,2,1472,163.6
08.07.2022-15-18-22,3,3894,432.7
08.07.2022-15-18-22,4,5832,648.0
08.07.2022-15-18-22,5,1452,161.3
08.07.2022-15-19-54,0,35931,3992.3
08.07.2022-15-19-54,1,19388,2154.2
08.07.2022-15-19-54,2,3886,431.8
08.07.2022-15-19-54,3,3008,334.2
08.07.2022-15-20-30,0,4248,472.0
08.07.2022-15-20-30,1,4081,453.4
08.07.2022-15-20-30,2,48852,5428.0
08.07.2022-15-21-45,0,12880,1431.1
08.07.2022-15-22-21,0,22646,2516.2
08.07.2022-15-22-21,1,30753,3417.0
08.07.2022-15-24-16,0,26125,2902.8
08.07.2022-15-24-33,0,43320,4813.3
08.07.2022-15-26-34,0,14250,1583.3
08.07.2022-15-26-34,1,2814,312.7
08.07.2022-15-26-34,2,2760,306.7
08.07.2022-15-26-34,3,630,70.0
08.07.2022-15-26-34,4,29503,3278.1
08.07.2022-15-33-47,0,12008,1334.2
08.07.2022-15-33-47,1,3404,378.2
08.07.2022-15-33-47,2,5989,665.4
08.07.2022-15-33-47,3,520,57.8
08.07.2022-15-33-47,4,2698,299.8
08.07.2022-15-36-20,0,34295,3810.6
08.07.2022-15-36-20,1,18410,2045.6
08.07.2022-15-36-20,2,8624,958.2
08.07.2022-15-37-11,1,8468,940.9
08.07.2022-15-37-11,2,21060,2340.0
09.05.2022-08-22-33,0,2000,222.2
09.05.2022-08-22-33,1,6660,740.0
09.05.2022-08-22-33,2,561,62.3
09.05.2022-08-28-55,0,18000,2000.0
09.05.2022-08-28-55,3,693,77.0
09.05.2022-08-28-55,4,600,66.7
09.05.2022-08-28-55,5,435,48.3
09.05.2022-08-28-55,6,950,105.6
09.05.2022-08-28-55,7,1680,186.7
09.05.2022-08-28-55,8,1488,165.3
09.05.2022-08-28-55,9,1242,138.0
09.05.2022-08-28-55,10,1170,130.0
09.05.2022-08-28-55,11,561,62.3
09.05.2022-08-28-55,12,442,49.1
09.05.2022-08-28-55,13,720,80.0
09.05.2022-08-28-55,14,851,94.6
09.05.2022-08-28-55,15,851,94.6
09.05.2022-08-31-33,0,20087,2231.9
09.05.2022-08-31-33,1,1995,221.7
09.05.2022-08-31-33,2,1944,216.0
09.05.2022-08-34-19,0,3290,365.6
09.05.2022-08-34-19,1,1575,175.0
09.05.2022-08-36-34,0,24576,2730.7
09.05.2022-08-36-34,1,1221,135.7
09.05.2022-08-36-34,2,341,37.9
09.05.2022-08-36-34,3,7339,815.4
09.05.2022-08-49-29,0,1539,171.0
09.05.2022-09-15-25,0,4148,460.9
09.05.2022-09-15-25,1,1188,132.0
09.05.2022-09-15-25,2,496,55.1
09.05.2022-09-15-25,3,1089,121.0
09.05.2022-09-15-25,4,2064,229.3
09.05.2022-09-15-25,5,3149,349.9
09.05.2022-09-15-25,6,2809,312.1
09.05.2022-09-17-33,0,592,65.8
09.05.2022-09-17-33,2,476,52.9
09.05.2022-09-17-33,3,455,50.6
09.05.2022-09-17-33,4,1701,189.0
09.05.2022-09-17-33,5,1416,157.3
09.05.2022-09-20-34,0,10248,1138.7
09.05.2022-09-20-34,1,31692,3521.3
09.05.2022-09-20-34,2,27525,3058.3
09.05.2022-09-20-34,3,8478,942.0
09.05.2022-09-20-34,4,5123,569.2
09.05.2022-09-20-34,5,1548,172.0
09.05.2022-09-20-34,6,1755,195.0
09.05.2022-09-29-54,0,561,62.3
09.05.2022-09-29-54,1,896,99.6
09.05.2022-09-34-16,0,2650,294.4
09.05.2022-09-34-16,1,6258,695.3
09.05.2022-09-34-16,2,6820,757.8
09.05.2022-09-34-16,3,720,80.0
09.05.2022-09-34-16,4,5240,582.2
09.05.2022-09-34-16,5,702,78.0
09.05.2022-09-34-16,6,646,71.8
09.05.2022-09-34-16,7,8350,927.8
09.05.2022-09-34-16,8,2925,325.0
09.05.2022-09-37-57,0,360,40.0
09.05.2022-09-37-57,1,7350,816.7
09.05.2022-09-37-57,2,10206,1134.0
09.05.2022-09-37-57,3,540,60.0
09.05.2022-09-37-57,4,880,97.8
09.05.2022-09-37-57,5,5984,664.9
09.05.2022-09-37-57,6,6909,767.7
09.05.2022-09-37-57,7,2725,302.8
09.05.2022-09-43-12,0,4300,477.8
09.05.2022-09-43-12,1,1575,175.0
09.05.2022-09-43-12,2,4859,539.9
09.05.2022-09-43-12,3,1566,174.0
09.05.2022-09-43-12,4,779,86.6
09.05.2022-09-43-12,5,2268,252.0
09.05.2022-09-43-12,6,1820,202.2
09.05.2022-09-43-12,7,990,110.0
09.05.2022-09-43-12,8,437,48.6
09.05.2022-09-43-12,9,2925,325.0
09.05.2022-09-43-12,10,1369,152.1
09.05.2022-09-43-12,11,936,104.0
09.05.2022-09-48-41,0,2016,224.0
09.05.2022-09-48-41,1,510,56.7
09.05.2022-09-48-41,2,2960,328.9
09.05.2022-09-48-41,3,2508,278.7
09.05.2022-09-48-41,4,910,101.1
09.05.2022-09-48-41,5,483,53.7
09.05.2022-09-48-41,6,2928,325.3
09.05.2022-09-48-41,7,1368,152.0
09.05.2022-09-48-41,8,744,82.7
09.05.2022-09-48-41,9,5450,605.6
09.05.2022-09-48-41,10,3640,404.4
09.05.2022-09-48-41,11,896,99.6
09.05.2022-09-48-41,12,690,76.7
09.05.2022-09-48-41,13,374,41.6
09.05.2022-09-48-41,14,1054,117.1
09.05.2022-09-48-41,15,575,63.9
09.05.2022-09-48-41,16,528,58.7
09.05.2022-09-48-41,17,400,44.4
09.05.2022-09-48-41,18,648,72.0
09.05.2022-09-48-41,19,1178,130.9
09.05.2022-09-53-00,1,1794,199.3
09.05.2022-09-53-00,2,2747,305.2
09.05.2022-09-53-00,3,6760,751.1
09.05.2022-09-53-00,4,1386,154.0
09.05.2022-09-53-00,5,1976,219.6
09.05.2022-09-53-00,6,513,57.0
09.05.2022-09-53-00,7,1189,132.1
09.05.2022-09-53-00,8,1980,220.0
09.05.2022-09-53-00,9,1050,116.7
09.05.2022-09-53-00,10,870,96.7
09.05.2022-09-53-00,11,2806,311.8
09.05.2022-10-34-56,0,544,60.4
09.05.2022-10-34-56,1,704,78.2
09.05.2022-10-34-56,2,1464,162.7
09.05.2022-10-34-56,3,1122,124.7
09.05.2022-10-34-56,4,1536,170.7
09.05.2022-10-34-56,5,1034,114.9
09.05.2022-10-34-56,6,924,102.7
09.05.2022-10-34-56,7,1325,147.2
09.05.2022-10-34-56,8,1679,186.6
09.05.2022-10-34-56,9,1856,206.2
09.05.2022-10-34-56,10,836,92.9
09.05.2022-10-34-56,11,1020,113.3
09.05.2022-10-34-56,12,2449,272.1
09.05.2022-10-34-56,13,384,42.7
09.05.2022-10-34-56,14,1536,170.7
09.05.2022-10-34-56,15,861,95.7
09.05.2022-10-34-56,16,1134,126.0
09.05.2022-10-34-56,17,1820,202.2
09.05.2022-10-34-56,18,1026,114.0
09.05.2022-10-34-56,19,1400,155.6
09.05.2022-10-34-56,20,589,65.4
09.05.2022-10-34-56,21,42900,4766.7
09.05.2022-10-46-43,0,725,80.6
09.05.2022-10-46-43,1,650,72.2
09.05.2022-10-46-43,2,5580,620.0
09.05.2022-10-46-43,3,2626,291.8
09.05.2022-10-46-43,4,3248,360.9
09.05.2022-10-46-43,5,2884,320.4
09.05.2022-10-46-43,6,1260,140.0
09.05.2022-10-50-30,0,20435,2270.6
09.05.2022-10-50-30,1,10152,1128.0
09.05.2022-10-50-30,2,13629,1514.3
09.05.2022-10-50-30,3,456,50.7
09.05.2022-10-50-30,4,434,48.2
09.05.2022-10-52-24,0,900,100.0
09.05.2022-10-52-24,1,783,87.0
09.05.2022-10-52-24,2,30268,3363.1
09.05.2022-10-52-24,3,43260,4806.7
09.05.2022-10-52-24,4,20435,2270.6
09.05.2022-11-05-38,0,2686,298.4
09.05.2022-11-05-38,1,2001,222.3
09.05.2022-11-05-38,2,1000,111.1
09.05.2022-11-05-38,3,748,83.1
09.05.2022-11-05-38,4,1872,208.0
09.05.2022-11-05-38,5,429,47.7
09.05.2022-11-05-38,6,1656,184.0
09.05.2022-11-05-38,7,1334,148.2
09.05.2022-11-05-38,8,520,57.8
09.05.2022-11-09-06,0,1120,124.4
09.05.2022-11-09-06,1,1180,131.1
09.05.2022-11-09-06,2,480,53.3
09.05.2022-11-09-06,3,1540,171.1
09.05.2022-11-09-06,4,1872,208.0
09.05.2022-11-09-06,5,3649,405.4
09.05.2022-11-09-06,6,18490,2054.4
09.05.2022-11-10-06,1,12825,1425.0
09.05.2022-11-10-06,2,3304,367.1
09.05.2022-11-15-18,0,6816,757.3
09.05.2022-11-15-18,1,4104,456.0
09.05.2022-11-15-18,2,2520,280.0
09.05.2022-11-15-18,3,8932,992.4
09.05.2022-11-19-45,0,2482,275.8
09.05.2022-11-19-45,1,2013,223.7
09.05.2022-11-19-45,2,1020,113.3
09.05.2022-11-19-45,3,1276,141.8
09.05.2022-11-19-45,4,440,48.9
09.05.2022-11-19-45,5,625,69.4
09.05.2022-11-19-45,6,2048,227.6
09.05.2022-11-19-45,7,2263,251.4
09.05.2022-11-19-45,8,2030,225.6
09.05.2022-13-42-06,0,2268,252.0
09.05.2022-13-42-06,1,3026,336.2
09.05.2022-13-42-06,2,5355,595.0
09.05.2022-13-42-06,4,7350,816.7
09.05.2022-13-42-06,5,1848,205.3
09.05.2022-13-42-06,6,4960,551.1
09.05.2022-13-42-06,7,5764,640.4
09.05.2022-13-42-06,8,8030,892.2
09.05.2022-13-42-06,9,783,87.0
09.05.2022-13-42-06,10,2720,302.2
09.05.2022-13-44-42,0,700,77.8
09.05.2022-13-44-42,1,1452,161.3
09.05.2022-13-44-42,2,1340,148.9
09.05.2022-13-44-42,3,752,83.6
09.05.2022-13-44-42,4,1342,149.1
09.05.2022-13-44-42,5,4704,522.7
09.05.2022-13-44-42,6,2160,240.0
09.05.2022-13-44-42,7,406,45.1
09.05.2022-13-44-42,8,2025,225.0
09.05.2022-13-50-16,0,1260,140.0
09.05.2022-13-50-16,1,2666,296.2
09.05.2022-13-50-16,2,1739,193.2
09.05.2022-13-50-16,3,1380,153.3
09.05.2022-13-50-16,4,1554,172.7
09.05.2022-13-50-16,5,3450,383.3
09.05.2022-13-50-16,6,672,74.7
09.05.2022-13-50-16,7,1015,112.8
09.05.2022-13-50-16,8,600,66.7
09.05.2022-13-50-16,9,399,44.3
09.05.2022-13-50-16,10,765,85.0
09.05.2022-13-50-16,11,400,44.4
09.05.2022-13-50-16,12,800,88.9
09.05.2022-13-50-16,13,1540,171.1
09.05.2022-13-50-16,14,1155,128.3
09.05.2022-13-50-16,15,2176,241.8
09.05.2022-13-50-16,16,3645,405.0
09.05.2022-13-54-57,0,1216,135.1
09.05.2022-13-55-24,0,2112,234.7
09.05.2022-13-57-04,0,26435,2937.2
09.05.2022-14-00-47,1,6844,760.4
09.05.2022-14-00-47,2,1674,186.0
09.05.2022-14-00-47,3,2001,222.3
09.05.2022-14-02-25,1,384,42.7
09.05.2022-14-03-37,0,1666,185.1
09.05.2022-14-03-37,1,2415,268.3
09.05.2022-14-12-56,2,13029,1447.7
09.05.2022-14-19-45,0,1536,170.7
09.05.2022-14-19-45,1,615,68.3
09.05.2022-14-19-45,2,1593,177.0
09.05.2022-14-20-29,0,840,93.3
09.05.2022-14-20-29,1,1541,171.2
09.05.2022-14-20-29,2,1888,209.8
09.05.2022-14-21-20,0,2765,307.2
09.05.2022-14-21-20,1,2528,280.9
09.05.2022-14-21-20,2,1566,174.0
09.05.2022-14-33-44,0,9017,1001.9
09.05.2022-14-33-44,1,12243,1360.3
09.05.2022-14-33-44,2,16740,1860.0
09.05.2022-14-35-22,0,560,62.2
09.05.2022-14-35-22,1,4635,515.0
09.05.2022-14-35-22,2,972,108.0
09.05.2022-14-35-22,3,1890,210.0
09.05.2022-14-35-22,4,4841,537.9
09.05.2022-14-35-22,5,3549,394.3
09.05.2022-14-39-34,0,27071,3007.9
09.05.2022-14-39-34,1,19680,2186.7
09.05.2022-14-39-34,2,1475,163.9
09.05.2022-14-39-34,3,3384,376.0
09.05.2022-14-39-34,4,4836,537.3
09.05.2022-14-39-34,5,5544,616.0
09.05.2022-14-39-34,6,2520,280.0
09.05.2022-15-04-02,0,13912,1545.8
09.05.2022-15-04-02,1,1320,146.7
09.05.2022-15-04-02,2,3040,337.8
09.05.2022-15-04-51,0,3555,395.0
09.05.2022-15-04-51,1,2622,291.3
09.05.2022-15-05-43,0,5733,637.0
09.05.2022-15-05-43,1,1750,194.4
09.05.2022-15-07-22,0,3570,396.7
09.05.2022-15-07-22,1,5152,572.4
09.05.2022-15-10-21,0,10780,1197.8
09.05.2022-15-10-21,1,9975,1108.3
09.05.2022-15-10-21,2,3952,439.1
09.05.2022-15-44-37,0,798,88.7
09.05.2022-15-44-37,1,435,48.3
09.05.2022-15-44-37,2,4480,497.8
09.05.2022-15-44-37,3,2546,282.9
09.05.2022-15-44-37,4,896,99.6
09.05.2022-15-44-37,5,2432,270.2
09.05.2022-15-44-37,6,4136,459.6
09.05.2022-15-44-37,7,7216,801.8
09.05.2022-15-44-37,8,1485,165.0
09.05.2022-15-44-37,9,3355,372.8
09.05.2022-15-44-37,10,2970,330.0
09.05.2022-15-44-37,11,1312,145.8
09.05.2022-15-44-37,12,1209,134.3
09.05.2022-15-44-37,13,11242,1249.1
09.05.2022-15-44-37,14,8855,983.9
09.05.2022-15-44-37,15,5412,601.3
09.05.2022-15-44-37,16,930,103.3
09.05.2022-15-44-37,17,3248,360.9
09.05.2022-15-44-37,18,6370,707.8
09.05.2022-15-44-37,19,2070,230.0
09.05.2022-15-44-37,20,5217,579.7
09.05.2022-15-49-40,0,5225,580.6
09.05.2022-15-49-40,1,6780,753.3
09.05.2022-15-49-40,2,4161,462.3
09.05.2022-15-49-40,3,2200,244.4
09.05.2022-15-49-40,4,1120,124.4
09.05.2022-15-49-40,5,1968,218.7
09.05.2022-15-49-40,6,5415,601.7
09.05.2022-15-49-40,7,5642,626.9
09.05.2022-15-49-40,8,2184,242.7
09.05.2022-15-49-40,9,2760,306.7
09.05.2022-15-49-40,10,2442,271.3
09.05.2022-15-49-40,11,1850,205.6
09.05.2022-15-49-40,12,4370,485.6
09.05.2022-15-49-40,13,390,43.3
09.05.2022-15-51-55,0,1755,195.0
09.05.2022-15-51-55,1,3621,402.3
09.05.2022-15-51-55,2,3080,342.2
09.05.2022-15-51-55,3,3192,354.7
09.05.2022-15-51-55,4,4674,519.3
09.05.2022-15-54-26,1,850,94.4
09.05.2022-15-54-26,2,728,80.9
09.05.2022-15-54-26,3,1617,179.7
09.05.2022-15-54-26,4,1392,154.7
09.05.2022-15-54-26,5,2064,229.3
09.05.2022-15-54-26,6,1560,173.3
09.05.2022-15-54-26,7,2200,244.4
09.05.2022-15-54-26,8,2535,281.7
09.05.2022-15-54-26,9,1911,212.3
09.05.2022-15-54-26,10,3010,334.4
10.05.2022-08-18-18,0,6321,702.3
10.05.2022-08-18-18,1,18060,2006.7
10.05.2022-08-18-18,2,3731,414.6
10.05.2022-08-19-22,0,4752,528.0
10.05.2022-08-21-03,0,576,64.0
10.05.2022-08-21-03,1,4240,471.1
10.05.2022-08-23-46,0,8814,979.3
10.05.2022-08-31-30,0,6489,721.0
10.05.2022-08-31-30,1,8136,904.0
10.05.2022-08-31-30,2,18513,2057.0
10.05.2022-08-31-30,3,6882,764.7
10.05.2022-08-33-42,1,8662,962.4
10.05.2022-08-33-42,2,2132,236.9
10.05.2022-08-33-42,3,7839,871.0
10.05.2022-08-33-42,4,1080,120.0
10.05.2022-08-33-42,5,1288,143.1
10.05.2022-08-33-42,7,3410,378.9
10.05.2022-08-57-43,0,1224,136.0
10.05.2022-08-57-43,1,5320,591.1
10.05.2022-08-57-43,2,2709,301.0
10.05.2022-09-00-37,0,690,76.7
10.05.2022-09-00-37,2,2380,264.4
10.05.2022-09-00-37,3,400,44.4
10.05.2022-09-00-37,4,625,69.4
10.05.2022-09-07-17,0,3627,403.0
10.05.2022-09-07-17,1,1519,168.8
10.05.2022-09-07-17,3,1600,177.8
10.05.2022-09-13-47,0,21630,2403.3
10.05.2022-09-13-47,1,1015,112.8
10.05.2022-09-13-47,2,3885,431.7
10.05.2022-09-13-47,3,3240,360.0
10.05.2022-09-13-47,4,1452,161.3
10.05.2022-09-13-47,5,2580,286.7
10.05.2022-09-13-47,6,7425,825.0
10.05.2022-09-17-32,0,15687,1743.0
10.05.2022-09-17-32,1,4320,480.0
10.05.2022-09-17-32,2,13132,1459.1
10.05.2022-09-17-32,3,10716,1190.7
10.05.2022-09-17-32,4,7840,871.1
10.05.2022-09-17-32,5,10092,1121.3
10.05.2022-09-17-32,6,17984,1998.2
10.05.2022-09-17-32,7,12432,1381.3
10.05.2022-09-17-32,8,6760,751.1
10.05.2022-09-17-32,9,7590,843.3
10.05.2022-09-17-32,10,10368,1152.0
10.05.2022-09-17-32,11,11175,1241.7
10.05.2022-09-17-32,12,9860,1095.6
10.05.2022-09-17-32,13,7488,832.0
10.05.2022-09-17-32,14,13395,1488.3
10.05.2022-09-17-32,15,22698,2522.0
10.05.2022-09-52-10,0,9603,1067.0
10.05.2022-09-52-10,1,816,90.7
10.05.2022-09-53-58,0,6468,718.7
10.05.2022-09-53-58,1,374,41.6
10.05.2022-09-53-58,4,770,85.6
10.05.2022-09-53-58,5,798,88.7
10.05.2022-10-03-56,0,17812,1979.1
10.05.2022-10-03-56,1,10348,1149.8
10.05.2022-10-03-56,2,9960,1106.7
10.05.2022-10-03-56,3,12261,1362.3
10.05.2022-10-03-56,4,9504,1056.0
10.05.2022-10-03-56,5,6660,740.0
10.05.2022-10-03-56,6,7155,795.0
10.05.2022-10-03-56,7,8140,904.4
10.05.2022-10-03-56,8,10152,1128.0
10.05.2022-10-03-56,9,14976,1664.0
10.05.2022-10-03-56,10,8968,996.4
10.05.2022-10-03-56,11,5586,620.7
10.05.2022-10-03-56,12,15910,1767.8
10.05.2022-10-03-56,13,17593,1954.8
10.05.2022-10-03-56,14,10065,1118.3
10.05.2022-10-03-56,15,16125,1791.7
10.05.2022-10-03-56,16,5842,649.1
10.05.2022-10-03-56,17,4480,497.8
10.05.2022-10-03-56,18,3686,409.6
10.05.2022-10-03-56,19,16892,1876.9
10.05.2022-10-03-56,20,7138,793.1
10.05.2022-10-03-56,21,10146,1127.3
10.05.2022-10-03-56,22,4400,488.9
10.05.2022-10-03-56,23,11109,1234.3
10.05.2022-10-21-07,0,7896,877.3
10.05.2022-10-21-07,2,532,59.1
10.05.2022-10-21-07,3,1298,144.2
10.05.2022-10-23-20,0,1380,153.3
10.05.2022-10-23-20,1,1825,202.8
10.05.2022-10-23-20,2,714,79.3
10.05.2022-10-23-20,3,429,47.7
10.05.2022-10-27-47,0,1596,177.3
10.05.2022-10-27-47,1,4725,525.0
10.05.2022-10-27-47,2,570,63.3
10.05.2022-10-27-47,3,480,53.3
10.05.2022-10-27-47,4,782,86.9
10.05.2022-10-30-16,0,5418,602.0
10.05.2022-10-30-16,1,18732,2081.3
10.05.2022-10-30-16,2,3350,372.2
10.05.2022-10-30-16,3,5100,566.7
10.05.2022-10-30-16,5,3224,358.2
10.05.2022-10-30-16,6,3420,380.0
10.05.2022-10-30-16,7,3243,360.3
10.05.2022-10-30-16,8,6325,702.8
10.05.2022-10-30-16,9,462,51.3
10.05.2022-10-34-28,0,3648,405.3
10.05.2022-10-34-58,0,13321,1480.1
10.05.2022-10-35-40,0,1456,161.8
10.05.2022-10-36-07,0,3960,440.0
10.05.2022-10-41-54,0,3842,426.9
10.05.2022-10-41-54,1,2288,254.2
10.05.2022-10-42-32,0,5904,656.0
10.05.2022-10-42-32,1,3844,427.1
10.05.2022-10-43-24,0,6570,730.0
10.05.2022-10-44-19,0,10752,1194.7
10.05.2022-10-44-54,0,7740,860.0
10.05.2022-10-46-02,0,3751,416.8
10.05.2022-10-56-03,0,2070,230.0
10.05.2022-10-56-03,1,528,58.7
10.05.2022-10-56-03,2,475,52.8
10.05.2022-10-56-03,3,450,50.0
10.05.2022-10-56-03,4,2655,295.0
10.05.2022-10-56-03,5,2280,253.3
10.05.2022-10-56-03,6,2065,229.4
10.05.2022-10-59-24,0,11368,1263.1
10.05.2022-10-59-24,1,10556,1172.9
10.05.2022-11-01-01,0,3225,358.3
10.05.2022-11-01-01,1,342,38.0
10.05.2022-11-01-01,3,3900,433.3
10.05.2022-11-01-01,4,5796,644.0
10.05.2022-11-01-01,5,5550,616.7
10.05.2022-11-01-01,6,5244,582.7
10.05.2022-11-03-46,0,5555,617.2
10.05.2022-11-03-46,1,1425,158.3
10.05.2022-11-05-01,0,1248,138.7
10.05.2022-11-05-01,1,600,66.7
10.05.2022-11-05-01,2,806,89.6
10.05.2022-11-05-01,3,8856,984.0
10.05.2022-11-06-01,0,1612,179.1
10.05.2022-11-06-01,1,630,70.0
10.05.2022-11-06-01,2,408,45.3
10.05.2022-11-10-54,0,2128,236.4
10.05.2022-11-10-54,1,8910,990.0
10.05.2022-11-10-54,2,2139,237.7
10.05.2022-11-10-54,3,2520,280.0
10.05.2022-11-10-54,4,1840,204.4
10.05.2022-11-10-54,5,713,79.2
10.05.2022-11-10-54,6,1472,163.6
10.05.2022-11-10-54,7,2279,253.2
10.05.2022-11-13-08,0,5612,623.6
10.05.2022-11-13-08,1,464,51.6
10.05.2022-11-15-48,0,22048,2449.8
10.05.2022-11-15-48,1,741,82.3
10.05.2022-11-15-48,2,1800,200.0
10.05.2022-11-15-48,3,1287,143.0
10.05.2022-11-15-48,4,5043,560.3
10.05.2022-11-15-48,5,4131,459.0
10.05.2022-11-15-48,6,5969,663.2
10.05.2022-11-15-48,7,5104,567.1
10.05.2022-11-15-48,8,4018,446.4
10.05.2022-11-15-48,9,1496,166.2
10.05.2022-11-15-48,10,3876,430.7
10.05.2022-11-15-48,11,2772,308.0
10.05.2022-13-31-39,0,576,64.0
10.05.2022-13-31-56,0,1364,151.6
10.05.2022-13-33-39,0,630,70.0
10.05.2022-13-33-39,1,2360,262.2
10.05.2022-13-34-49,0,7986,887.3
10.05.2022-13-34-49,1,800,88.9
10.05.2022-13-36-00,0,775,86.1
10.05.2022-13-36-35,0,28512,3168.0
10.05.2022-13-36-35,1,1395,155.0
10.05.2022-13-36-48,0,2970,330.0
10.05.2022-13-37-48,0,2695,299.4
10.05.2022-13-38-28,0,4130,458.9
10.05.2022-13-40-03,0,540,60.0
10.05.2022-13-40-03,2,1140,126.7
10.05.2022-13-44-05,0,1242,138.0
10.05.2022-13-44-05,1,4802,533.6
10.05.2022-13-44-05,2,408,45.3
10.05.2022-13-47-14,0,3392,376.9
10.05.2022-13-47-14,1,1144,127.1
10.05.2022-13-47-14,2,966,107.3
10.05.2022-13-47-14,3,2345,260.6
10.05.2022-13-48-31,0,7239,804.3
10.05.2022-13-48-31,1,1040,115.6
10.05.2022-13-48-31,2,3478,386.4
10.05.2022-13-49-11,0,4914,546.0
10.05.2022-13-49-11,1,9453,1050.3
10.05.2022-13-49-11,2,1340,148.9
10.05.2022-13-53-33,0,2233,248.1
10.05.2022-13-53-33,1,429,47.7
10.05.2022-14-02-02,0,1273,141.4
10.05.2022-14-02-02,2,2068,229.8
10.05.2022-14-04-10,0,4026,447.3
10.05.2022-14-04-10,1,2116,235.1
10.05.2022-14-04-48,0,5846,649.6
10.05.2022-14-04-48,1,3105,345.0
10.05.2022-14-04-48,2,792,88.0
10.05.2022-14-07-01,0,10251,1139.0
10.05.2022-14-08-00,0,4680,520.0
10.05.2022-14-08-00,1,648,72.0
10.05.2022-15-37-12,0,812,90.2
10.05.2022-15-37-12,1,1044,116.0
10.05.2022-15-37-12,2,4418,490.9
10.05.2022-15-37-12,3,5265,585.0
10.05.2022-15-37-12,4,4160,462.2
10.05.2022-15-37-12,5,574,63.8
10.05.2022-15-37-12,6,4720,524.4
10.05.2022-15-37-12,7,4185,465.0
10.05.2022-15-37-12,8,8344,927.1
10.05.2022-15-42-49,0,13065,1451.7
10.05.2022-15-42-49,1,15576,1730.7
10.05.2022-15-42-49,2,8379,931.0
10.05.2022-15-42-49,3,8940,993.3
10.05.2022-15-42-49,4,32967,3663.0
10.05.2022-15-42-49,5,23136,2570.7
10.05.2022-15-42-49,6,14338,1593.1
10.05.2022-15-42-49,7,7137,793.0
10.05.2022-15-42-49,8,11748,1305.3
10.05.2022-15-51-02,0,23200,2577.8
10.05.2022-15-51-02,1,6020,668.9
10.05.2022-15-51-02,2,4606,511.8
10.05.2022-15-51-02,3,4512,501.3
10.05.2022-15-51-02,4,7935,881.7
10.05.2022-15-51-02,5,3588,398.7
10.05.2022-15-51-02,6,1920,213.3
10.05.2022-15-51-02,7,1836,204.0
10.05.2022-15-51-02,8,9394,1043.8
10.05.2022-15-51-02,9,4185,465.0
10.05.2022-15-51-02,10,4160,462.2
10.05.2022-15-51-02,11,3816,424.0
10.05.2022-15-51-02,12,3528,392.0
10.05.2022-15-51-02,13,1020,113.3
10.05.2022-15-51-02,14,4446,494.0
10.05.2022-15-51-02,15,384,42.7
10.05.2022-15-51-02,16,5863,651.4
10.05.2022-15-54-45,0,11591,1287.9
10.05.2022-15-54-45,1,3318,368.7
10.05.2022-15-54-45,2,5060,562.2
10.05.2022-15-54-45,3,3294,366.0
10.05.2022-15-54-45,4,4425,491.7
10.05.2022-15-54-45,5,950,105.6
10.05.2022-15-54-45,6,4674,519.3
10.05.2022-15-54-45,7,2226,247.3
10.05.2022-15-54-45,8,5360,595.6
10.05.2022-15-54-45,9,13826,1536.2
10.05.2022-15-54-45,10,7203,800.3
10.05.2022-15-54-45,11,690,76.7
10.05.2022-15-56-41,0,15820,1757.8
10.05.2022-15-56-41,1,7290,810.0
10.05.2022-15-56-41,2,5472,608.0
10.05.2022-15-56-41,3,3630,403.3
10.05.2022-15-56-41,4,4012,445.8
10.05.2022-15-56-41,5,2968,329.8
10.05.2022-15-56-41,6,4731,525.7
10.05.2022-15-56-41,7,1066,118.4
10.05.2022-15-56-41,8,3696,410.7
10.05.2022-15-56-41,9,3198,355.3
10.05.2022-15-56-41,10,11375,1263.9
10.05.2022-16-00-30,0,3869,429.9
10.05.2022-16-00-30,1,416,46.2
10.05.2022-16-00-30,2,882,98.0
10.05.2022-16-00-30,3,1512,168.0
10.05.2022-16-00-30,4,1575,175.0
10.05.2022-16-00-30,5,975,108.3
10.05.2022-16-17-57,0,2112,234.7
10.05.2022-16-17-57,1,2324,258.2
10.05.2022-16-20-04,0,5264,584.9
10.05.2022-16-20-04,1,5805,645.0
10.05.2022-16-20-04,2,7360,817.8
10.05.2022-16-21-21,0,6720,746.7
10.05.2022-16-21-21,1,592,65.8
10.05.2022-16-22-41,0,12900,1433.3
11.05.2022-13-48-06,1,15958,1773.1
11.05.2022-13-49-17,2,480,53.3
11.05.2022-13-49-17,3,3150,350.0
11.05.2022-13-49-17,4,1647,183.0
11.05.2022-13-50-21,0,2304,256.0
11.05.2022-13-50-21,1,4601,511.2
11.05.2022-13-50-21,2,2156,239.6
11.05.2022-13-50-21,3,420,46.7
11.05.2022-13-50-21,4,820,91.1
11.05.2022-13-51-28,0,648,72.0
11.05.2022-13-51-28,1,3192,354.7
11.05.2022-13-51-28,2,2128,236.4
11.05.2022-13-51-28,3,3900,433.3
11.05.2022-13-51-28,4,2673,297.0
11.05.2022-13-57-38,0,880,97.8
11.05.2022-13-57-38,1,15555,1728.3
11.05.2022-14-11-05,0,3720,413.3
11.05.2022-14-11-05,1,1632,181.3
11.05.2022-14-11-05,2,1881,209.0
11.05.2022-14-11-05,3,3102,344.7
11.05.2022-14-11-05,4,3127,347.4
11.05.2022-14-11-05,5,2432,270.2
11.05.2022-14-11-05,6,2726,302.9
11.05.2022-14-11-05,7,2668,296.4
11.05.2022-14-11-05,8,2432,270.2
11.05.2022-14-11-05,9,2754,306.0
11.05.2022-14-11-05,10,2016,224.0
11.05.2022-14-11-05,11,2494,277.1
11.05.2022-14-11-05,12,3021,335.7
11.05.2022-14-11-05,13,2880,320.0
11.05.2022-14-11-05,14,1120,124.4
11.05.2022-14-11-05,15,2000,222.2
11.05.2022-14-11-05,16,1014,112.7
11.05.2022-14-12-29,0,12948,1438.7
11.05.2022-14-12-29,1,16296,1810.7
11.05.2022-14-12-29,2,20502,2278.0
11.05.2022-14-13-13,0,5985,665.0
11.05.2022-14-13-13,1,8833,981.4
11.05.2022-14-13-13,2,10934,1214.9
11.05.2022-14-14-35,0,29645,3293.9
11.05.2022-14-14-57,0,13120,1457.8
11.05.2022-14-15-18,0,7080,786.7
11.05.2022-14-15-54,0,4002,444.7
11.05.2022-14-15-54,1,2412,268.0
11.05.2022-14-15-54,2,2475,275.0
11.05.2022-14-16-59,0,756,84.0
11.05.2022-14-16-59,1,945,105.0
11.05.2022-14-18-39,0,26010,2890.0
11.05.2022-14-18-39,2,486,54.0
11.05.2022-14-20-19,1,13715,1523.9
11.05.2022-14-20-19,2,533,59.2
11.05.2022-14-24-47,0,2278,253.1
11.05.2022-14-24-47,1,14773,1641.4
11.05.2022-15-07-04,0,4264,473.8
11.05.2022-15-07-04,1,3034,337.1
11.05.2022-15-09-21,0,4646,516.2
11.05.2022-15-09-55,0,1988,220.9
11.05.2022-15-16-07,0,2695,299.4
11.05.2022-15-16-07,1,5402,600.2
11.05.2022-15-16-47,0,6970,774.4
11.05.2022-15-17-07,0,3854,428.2
11.05.2022-15-18-18,0,2470,274.4
11.05.2022-15-21-17,0,648,72.0
11.05.2022-15-21-17,1,4982,553.6
11.05.2022-15-21-51,1,2065,229.4
11.05.2022-15-23-16,0,812,90.2
11.05.2022-15-23-16,1,666,74.0
11.05.2022-15-23-43,0,1278,142.0
11.05.2022-15-23-43,1,966,107.3
11.05.2022-15-24-16,0,2176,241.8
11.05.2022-15-25-59,0,12070,1341.1
11.05.2022-16-05-57,0,3375,375.0
11.05.2022-16-05-57,1,400,44.4
11.05.2022-16-05-57,3,341,37.9
11.07.2022-09-42-25,0,4026,447.3
11.07.2022-09-43-17,0,7812,868.0
11.07.2022-09-48-42,0,14520,1613.3
11.07.2022-09-49-14,0,24346,2705.1
11.07.2022-09-49-45,0,40100,4455.6
11.07.2022-10-24-36,0,16188,1798.7
11.07.2022-10-24-36,1,1420,157.8
11.07.2022-10-26-56,0,7155,795.0
11.07.2022-10-26-56,1,528,58.7
11.07.2022-10-27-27,0,726,80.7
11.07.2022-10-27-27,1,10976,1219.6
11.07.2022-10-28-29,0,2346,260.7
11.07.2022-10-28-29,1,31031,3447.9
11.07.2022-10-32-45,0,1645,182.8
11.07.2022-10-32-45,1,656,72.9
11.07.2022-10-32-45,2,1961,217.9
11.07.2022-10-45-41,0,990,110.0
11.07.2022-10-45-41,2,891,99.0
11.07.2022-10-45-41,3,1080,120.0
11.07.2022-10-45-41,4,6320,702.2
11.07.2022-10-45-41,5,651,72.3
11.07.2022-10-45-41,7,10640,1182.2
11.07.2022-10-56-41,0,4940,548.9
11.07.2022-10-57-41,0,22680,2520.0
11.07.2022-11-08-34,0,629,69.9
11.07.2022-11-08-34,1,420,46.7
11.07.2022-11-09-09,0,2829,314.3
11.07.2022-11-09-25,0,5828,647.6
11.07.2022-11-21-42,0,21627,2403.0
11.07.2022-11-21-42,1,1134,126.0
11.07.2022-14-07-42,0,8970,996.7
11.07.2022-14-07-42,1,350,38.9
11.07.2022-14-07-42,2,396,44.0
11.07.2022-14-07-42,4,777,86.3
11.07.2022-14-10-15,0,22533,2503.7
11.07.2022-14-10-15,1,902,100.2
11.07.2022-14-12-17,0,37191,4132.3
11.07.2022-14-12-17,1,2535,281.7
11.07.2022-14-12-17,2,456,50.7
11.07.2022-14-13-17,0,2752,305.8
11.07.2022-14-13-17,1,2232,248.0
11.07.2022-14-13-17,2,37346,4149.6
11.07.2022-14-13-17,3,570,63.3
11.07.2022-14-14-13,0,2583,287.0
11.07.2022-14-14-13,1,2412,268.0
11.07.2022-14-31-44,0,560,62.2
11.07.2022-14-31-44,2,1104,122.7
11.07.2022-14-32-58,0,1342,149.1
11.07.2022-14-32-58,1,3276,364.0
11.07.2022-14-32-58,2,480,53.3
11.07.2022-14-32-58,3,408,45.3
11.07.2022-14-32-58,4,374,41.6
11.07.2022-14-32-58,5,396,44.0
11.07.2022-14-34-00,0,510,56.7
11.07.2022-14-34-00,1,464,51.6
11.07.2022-14-38-24,0,429,47.7
11.07.2022-14-38-24,1,1224,136.0
11.07.2022-14-38-24,2,1330,147.8
11.07.2022-14-38-24,3,946,105.1
11.07.2022-14-38-24,4,928,103.1
11.07.2022-14-39-44,0,1739,193.2
11.07.2022-14-39-44,1,2460,273.3
11.07.2022-14-39-44,2,680,75.6
11.07.2022-14-39-44,3,1443,160.3
11.07.2022-14-39-44,4,1890,210.0
11.07.2022-14-50-19,0,754,83.8
11.07.2022-14-50-19,1,621,69.0
11.07.2022-14-50-19,2,4080,453.3
11.07.2022-15-42-47,0,48339,5371.0
11.07.2022-15-43-01,0,35256,3917.3
11.07.2022-15-43-18,0,19350,2150.0
11.07.2022-15-43-38,0,10388,1154.2
11.07.2022-15-44-07,0,8160,906.7
11.07.2022-15-44-25,0,4550,505.6
11.07.2022-15-44-52,0,2828,314.2
11.07.2022-15-45-30,0,1292,143.6
11.07.2022-15-45-30,1,6162,684.7
11.07.2022-15-48-44,0,10584,1176.0
11.07.2022-15-49-18,0,9891,1099.0
11.07.2022-15-49-53,0,4536,504.0
11.07.2022-15-51-30,0,1464,162.7
11.07.2022-15-51-30,1,2688,298.7
11.07.2022-15-51-56,0,1200,133.3
11.07.2022-15-51-56,1,2295,255.0
11.07.2022-15-52-18,0,840,93.3
11.07.2022-15-52-18,1,1394,154.9
11.07.2022-15-55-24,0,28006,3111.8
11.07.2022-15-55-46,0,25215,2801.7
11.07.2022-15-56-00,0,19729,2192.1
11.07.2022-15-56-11,0,19780,2197.8
11.07.2022-15-56-35,0,11049,1227.7
11.07.2022-15-58-01,0,400,44.4
11.07.2022-15-58-01,1,575,63.9
11.07.2022-15-58-01,2,2660,295.6
11.07.2022-15-58-01,3,6372,708.0
11.07.2022-15-59-35,0,3864,429.3
11.07.2022-15-59-35,2,342,38.0
11.07.2022-15-59-35,3,1740,193.3
11.07.2022-16-03-51,0,1272,141.3
11.07.2022-16-03-51,1,1980,220.0
11.07.2022-16-03-51,2,4186,465.1
11.07.2022-16-03-51,3,1890,210.0
11.07.2022-16-05-06,0,3666,407.3
11.07.2022-16-05-06,1,2660,295.6
11.07.2022-16-05-06,2,2440,271.1
11.07.2022-16-05-06,3,768,85.3
11.07.2022-16-08-20,0,1326,147.3
11.07.2022-16-08-20,1,464,51.6
11.07.2022-16-08-20,2,434,48.2
11.07.2022-16-11-52,0,440,48.9
11.07.2022-16-11-52,2,702,78.0
11.07.2022-16-11-52,3,644,71.6
11.07.2022-16-11-52,4,455,50.6
11.07.2022-16-12-59,0,1116,124.0
11.07.2022-16-12-59,1,1482,164.7
11.07.2022-16-12-59,2,2745,305.0
11.07.2022-16-12-59,3,1054,117.1
12.04.2022-08-43-34,0,19669,2185.4
12.04.2022-08-43-34,1,6699,744.3
12.04.2022-08-43-34,2,1161,129.0
12.04.2022-08-43-51,0,48870,5430.0
12.04.2022-08-46-51,0,7506,834.0
12.04.2022-08-46-51,1,20424,2269.3
12.04.2022-08-46-51,2,1650,183.3
12.04.2022-08-46-51,3,1302,144.7
12.04.2022-09-08-33,0,10728,1192.0
12.04.2022-09-08-33,1,33066,3674.0
12.04.2022-09-09-40,0,1860,206.7
12.04.2022-09-09-40,1,390,43.3
12.04.2022-09-09-40,2,5000,555.6
12.04.2022-09-09-40,3,4972,552.4
12.04.2022-09-24-10,0,2050,227.8
12.04.2022-09-24-10,1,1947,216.3
12.04.2022-09-24-10,2,624,69.3
12.04.2022-09-24-10,3,3192,354.7
12.04.2022-09-24-10,4,2585,287.2
12.04.2022-09-24-10,5,1428,158.7
12.04.2022-09-24-10,6,1372,152.4
12.04.2022-09-24-10,7,3266,362.9
12.04.2022-09-24-10,8,3570,396.7
12.04.2022-09-24-10,9,1598,177.6
12.04.2022-09-24-10,10,1050,116.7
12.04.2022-09-24-10,11,1333,148.1
12.04.2022-09-24-10,13,459,51.0
12.04.2022-09-24-10,14,399,44.3
12.04.2022-09-24-10,15,1200,133.3
12.04.2022-09-24-10,16,968,107.6
12.04.2022-09-26-52,0,1944,216.0
12.04.2022-09-26-52,1,4500,500.0
12.04.2022-09-26-52,2,3504,389.3
12.04.2022-09-26-52,3,1248,138.7
12.04.2022-09-26-52,4,3168,352.0
12.04.2022-09-26-52,5,1230,136.7
12.04.2022-09-26-52,6,1120,124.4
12.04.2022-09-28-12,0,3713,412.6
12.04.2022-09-28-12,1,2964,329.3
12.04.2022-09-28-12,2,5452,605.8
12.04.2022-09-28-12,3,1674,186.0
12.04.2022-09-32-50,1,750,83.3
12.04.2022-09-32-50,2,918,102.0
12.04.2022-09-32-50,3,1120,124.4
12.04.2022-09-36-09,0,975,108.3
12.04.2022-09-36-09,1,4068,452.0
12.04.2022-09-36-55,0,5040,560.0
12.04.2022-09-36-55,1,5640,626.7
12.04.2022-09-36-55,2,4872,541.3
12.04.2022-09-37-58,0,3672,408.0
12.04.2022-09-40-51,0,4264,473.8
12.04.2022-09-40-51,1,1102,122.4
12.04.2022-09-40-51,2,1802,200.2
12.04.2022-09-43-22,0,1334,148.2
12.04.2022-09-43-22,1,420,46.7
12.04.2022-09-43-22,2,546,60.7
12.04.2022-09-43-22,3,551,61.2
12.04.2022-09-43-22,4,667,74.1
12.04.2022-09-48-01,0,6825,758.3
12.04.2022-09-48-01,1,1881,209.0
12.04.2022-09-48-01,2,2436,270.7
12.04.2022-09-48-48,0,11088,1232.0
12.04.2022-09-50-20,0,780,86.7
12.04.2022-09-50-20,1,1798,199.8
12.04.2022-09-50-20,2,1770,196.7
12.04.2022-09-50-20,3,3312,368.0
12.04.2022-09-50-47,0,3528,392.0
12.04.2022-09-50-47,1,2772,308.0
12.04.2022-09-51-28,0,1600,177.8
12.04.2022-09-51-28,1,1782,198.0
12.04.2022-09-51-28,2,561,62.3
12.04.2022-09-51-28,3,522,58.0
12.04.2022-09-52-19,0,1296,144.0
12.04.2022-09-52-19,1,3000,333.3
12.04.2022-09-52-19,2,1664,184.9
12.04.2022-09-52-19,3,1848,205.3
12.04.2022-09-52-19,4,1431,159.0
12.04.2022-09-53-08,0,448,49.8
12.04.2022-09-53-08,1,1457,161.9
12.04.2022-09-53-08,2,720,80.0
12.04.2022-09-53-08,3,646,71.8
12.04.2022-09-53-08,4,779,86.6
12.04.2022-09-55-09,0,891,99.0
12.04.2022-09-55-09,1,740,82.2
12.04.2022-09-55-09,2,943,104.8
12.04.2022-09-55-09,3,392,43.6
12.04.2022-09-55-09,5,476,52.9
12.04.2022-09-58-42,0,9035,1003.9
12.04.2022-09-58-42,1,975,108.3
12.04.2022-09-58-42,2,888,98.7
12.04.2022-09-58-42,3,17374,1930.4
12.04.2022-09-59-23,0,2108,234.2
12.04.2022-09-59-23,1,1276,141.8
12.04.2022-09-59-23,2,5070,563.3
12.04.2022-10-01-25,0,15496,1721.8
12.04.2022-10-01-25,1,5952,661.3
12.04.2022-10-01-25,2,1677,186.3
12.04.2022-10-01-25,3,828,92.0
12.04.2022-10-01-25,4,3666,407.3
12.04.2022-10-01-25,5,8820,980.0
12.04.2022-10-01-25,6,2520,280.0
12.04.2022-10-01-25,7,2600,288.9
12.04.2022-10-01-25,8,3910,434.4
12.04.2022-10-01-25,9,1462,162.4
12.04.2022-10-04-14,0,28644,3182.7
12.04.2022-10-04-14,1,700,77.8
12.04.2022-10-04-14,2,14162,1573.6
12.04.2022-10-04-14,3,40906,4545.1
12.04.2022-10-04-14,4,9810,1090.0
12.04.2022-10-04-14,5,572,63.6
12.04.2022-10-04-14,8,4095,455.0
12.04.2022-10-04-14,9,1848,205.3
12.04.2022-10-04-14,10,5929,658.8
12.04.2022-10-04-14,11,5767,640.8
12.04.2022-10-04-14,12,8925,991.7
12.04.2022-10-04-14,13,4898,544.2
12.04.2022-10-05-52,0,9576,1064.0
12.04.2022-10-05-52,1,10062,1118.0
12.04.2022-10-05-52,2,5712,634.7
12.04.2022-10-05-52,3,8320,924.4
12.04.2022-10-05-52,4,6831,759.0
12.04.2022-10-05-52,5,5440,604.4
12.04.2022-10-05-52,6,5450,605.6
12.04.2022-10-05-52,7,3312,368.0
12.04.2022-10-06-44,0,8883,987.0
12.04.2022-10-06-44,1,17480,1942.2
12.04.2022-10-07-34,0,3182,353.6
12.04.2022-10-07-34,1,3431,381.2
12.04.2022-10-08-19,0,1188,132.0
12.04.2022-10-08-19,1,1666,185.1
12.04.2022-10-08-19,2,646,71.8
12.04.2022-10-09-29,0,5000,555.6
12.04.2022-10-13-48,0,2535,281.7
12.04.2022-10-13-48,1,4964,551.6
12.04.2022-10-18-12,0,28623,3180.3
12.04.2022-10-18-12,1,10208,1134.2
12.04.2022-10-18-12,2,10400,1155.6
12.04.2022-10-18-12,3,588,65.3
12.04.2022-10-18-12,4,396,44.0
12.04.2022-10-18-12,5,1989,221.0
12.04.2022-10-18-12,6,4116,457.3
12.04.2022-10-18-12,7,4067,451.9
12.04.2022-10-18-12,8,957,106.3
12.04.2022-10-18-12,9,1092,121.3
12.04.2022-10-43-34,0,2091,232.3
12.04.2022-10-43-34,1,1125,125.0
12.04.2022-10-43-34,2,390,43.3
12.04.2022-10-43-34,3,4066,451.8
12.04.2022-10-44-22,0,1518,168.7
12.04.2022-10-44-22,1,1624,180.4
12.04.2022-10-44-22,2,646,71.8
12.04.2022-10-45-03,0,2821,313.4
12.04.2022-10-45-03,1,3182,353.6
12.04.2022-10-45-03,2,1890,210.0
12.04.2022-10-45-03,3,900,100.0
12.04.2022-10-46-42,0,1749,194.3
12.04.2022-10-46-42,1,627,69.7
12.04.2022-10-46-42,2,2788,309.8
12.04.2022-10-51-10,0,792,88.0
12.04.2022-10-51-10,1,391,43.4
12.04.2022-10-51-10,2,368,40.9
12.04.2022-10-51-10,3,6497,721.9
12.04.2022-10-51-10,4,2821,313.4
12.04.2022-10-51-10,5,527,58.6
12.04.2022-10-51-10,6,432,48.0
12.04.2022-10-57-32,0,6386,709.6
12.04.2022-10-57-32,2,6321,702.3
12.04.2022-10-57-32,3,1550,172.2
12.04.2022-10-57-32,4,1560,173.3
12.04.2022-10-57-32,5,1748,194.2
12.04.2022-10-57-32,6,15000,1666.7
12.04.2022-10-58-59,0,493,54.8
12.04.2022-10-58-59,1,4365,485.0
12.04.2022-10-58-59,2,3344,371.6
12.04.2022-10-58-59,3,1224,136.0
12.04.2022-10-58-59,4,352,39.1
12.04.2022-10-58-59,5,1166,129.6
12.04.2022-10-58-59,6,1240,137.8
12.04.2022-11-01-01,0,3825,425.0
12.04.2022-11-01-01,1,720,80.0
12.04.2022-11-05-33,0,3348,372.0
12.04.2022-11-05-33,1,4738,526.4
12.04.2022-11-05-33,2,27885,3098.3
12.04.2022-11-05-33,3,2552,283.6
12.04.2022-11-07-41,0,6762,751.3
12.04.2022-11-07-41,1,2340,260.0
12.04.2022-11-07-41,2,1736,192.9
12.04.2022-11-07-41,3,2730,303.3
12.04.2022-11-07-41,4,2450,272.2
12.04.2022-11-07-41,5,2054,228.2
12.04.2022-11-07-41,6,6579,731.0
12.04.2022-11-07-41,7,4860,540.0
12.04.2022-11-07-41,8,2178,242.0
12.04.2022-11-09-37,0,15225,1691.7
12.04.2022-11-09-37,1,14378,1597.6
12.04.2022-11-10-58,0,45149,5016.6
12.04.2022-11-10-58,1,13516,1501.8
12.04.2022-11-10-58,2,18684,2076.0
12.04.2022-11-10-58,3,12240,1360.0
12.04.2022-13-22-48,0,25628,2847.6
12.04.2022-13-22-48,1,561,62.3
12.04.2022-13-23-37,0,5100,566.7
12.04.2022-13-27-48,0,5005,556.1
12.04.2022-13-27-48,1,2640,293.3
12.04.2022-13-27-48,2,7519,835.4
12.04.2022-13-27-48,3,1624,180.4
12.04.2022-13-27-48,4,6848,760.9
12.04.2022-13-27-48,5,3648,405.3
12.04.2022-13-27-48,7,575,63.9
12.04.2022-13-29-12,0,5850,650.0
12.04.2022-13-29-12,1,13616,1512.9
12.04.2022-13-29-12,2,32736,3637.3
12.04.2022-13-29-12,3,448,49.8
12.04.2022-13-29-12,4,836,92.9
12.04.2022-13-29-12,5,663,73.7
12.04.2022-13-29-12,6,4181,464.6
12.04.2022-13-30-24,0,3510,390.0
12.04.2022-13-30-24,1,2368,263.1
12.04.2022-13-30-24,2,1140,126.7
12.04.2022-13-31-34,1,3465,385.0
12.04.2022-13-31-34,2,4700,522.2
12.04.2022-13-37-39,0,12482,1386.9
12.04.2022-13-37-39,2,8400,933.3
12.04.2022-13-39-30,0,42074,4674.9
12.04.2022-13-39-30,1,3608,400.9
12.04.2022-13-39-30,2,35084,3898.2
12.04.2022-13-41-16,0,483,53.7
12.04.2022-13-41-16,1,3618,402.0
12.04.2022-13-41-16,2,1500,166.7
12.04.2022-13-41-16,3,2291,254.6
12.04.2022-13-43-26,0,2130,236.7
12.04.2022-13-43-26,1,8928,992.0
12.04.2022-13-51-05,0,570,63.3
12.04.2022-13-51-05,2,986,109.6
12.04.2022-14-22-25,0,6510,723.3
12.04.2022-14-22-25,1,23463,2607.0
12.04.2022-14-22-25,2,31871,3541.2
12.04.2022-14-22-25,3,620,68.9
12.04.2022-14-23-39,0,2088,232.0
12.04.2022-14-23-39,1,12012,1334.7
12.04.2022-14-23-39,3,9280,1031.1
12.04.2022-14-24-51,0,2494,277.1
12.04.2022-14-24-51,1,798,88.7
12.04.2022-14-28-19,0,28250,3138.9
12.04.2022-14-28-19,1,3306,367.3
12.04.2022-14-31-18,1,6615,735.0
12.04.2022-14-31-18,2,5040,560.0
12.04.2022-14-31-18,3,11528,1280.9
12.04.2022-14-37-05,0,13560,1506.7
12.04.2022-14-37-05,1,2925,325.0
12.04.2022-14-37-05,2,5330,592.2
12.04.2022-14-37-05,3,7224,802.7
12.04.2022-14-37-05,4,5832,648.0
12.04.2022-14-37-05,5,3180,353.3
12.04.2022-14-37-05,6,4860,540.0
12.04.2022-14-37-05,7,10248,1138.7
12.04.2022-14-37-05,8,360,40.0
12.04.2022-14-37-05,9,1260,140.0
12.04.2022-14-37-05,10,1521,169.0
12.04.2022-14-43-17,0,9180,1020.0
12.04.2022-14-43-17,1,12705,1411.7
12.04.2022-14-43-17,2,3240,360.0
12.04.2022-14-43-17,3,5278,586.4
12.04.2022-14-43-17,4,2544,282.7
12.04.2022-14-43-17,5,672,74.7
12.04.2022-14-43-17,6,928,103.1
12.04.2022-14-43-17,7,1225,136.1
12.04.2022-14-43-17,8,675,75.0
12.04.2022-14-43-17,9,775,86.1
12.04.2022-14-43-17,10,1173,130.3
12.04.2022-14-43-17,11,1152,128.0
12.04.2022-14-43-17,12,2346,260.7
12.04.2022-14-43-17,13,760,84.4
12.04.2022-14-43-17,14,900,100.0
12.04.2022-14-43-17,15,1209,134.3
12.04.2022-14-43-17,16,1036,115.1
12.04.2022-14-43-17,17,798,88.7
12.04.2022-14-43-17,18,2115,235.0
12.04.2022-14-43-17,19,4902,544.7
12.04.2022-14-43-17,20,702,78.0
12.04.2022-14-46-41,0,48585,5398.3
12.04.2022-14-46-41,1,2592,288.0
12.04.2022-14-46-41,2,2046,227.3
12.04.2022-14-46-41,3,1749,194.3
12.04.2022-14-46-41,4,2773,308.1
12.04.2022-14-46-41,6,1080,120.0
12.04.2022-14-52-51,0,2403,267.0
12.04.2022-14-52-51,1,2639,293.2
12.04.2022-14-52-51,2,768,85.3
12.04.2022-14-56-27,0,12384,1376.0
12.04.2022-14-56-27,1,1575,175.0
12.04.2022-14-56-27,2,1200,133.3
12.04.2022-14-56-27,3,2079,231.0
12.04.2022-14-56-27,4,810,90.0
12.04.2022-15-04-47,1,29118,3235.3
12.04.2022-15-04-47,2,22784,2531.6
12.04.2022-15-04-47,3,2208,245.3
12.04.2022-15-04-47,4,1665,185.0
12.04.2022-15-10-03,0,9306,1034.0
12.04.2022-15-10-03,1,10890,1210.0
12.04.2022-15-10-03,2,1088,120.9
12.04.2022-15-10-03,3,676,75.1
12.04.2022-15-26-31,0,21600,2400.0
12.04.2022-15-26-31,1,7693,854.8
12.04.2022-15-26-31,2,3795,421.7
12.04.2022-15-26-31,3,12549,1394.3
12.04.2022-15-26-31,4,11858,1317.6
12.04.2022-15-28-09,0,17069,1896.6
12.04.2022-15-28-09,1,817,90.8
12.04.2022-15-29-35,0,14420,1602.2
12.04.2022-15-29-35,1,736,81.8
12.04.2022-15-29-35,2,2107,234.1
12.04.2022-15-29-35,3,345,38.3
12.04.2022-15-29-35,4,580,64.4
12.04.2022-15-32-52,1,17765,1973.9
12.04.2022-15-32-52,2,29360,3262.2
12.04.2022-15-32-52,3,2726,302.9
12.04.2022-15-35-44,0,8142,904.7
12.04.2022-15-35-44,1,33440,3715.6
12.04.2022-15-35-44,2,48906,5434.0
12.04.2022-15-35-44,3,9577,1064.1
12.04.2022-15-35-44,4,20090,2232.2
12.04.2022-15-35-44,5,6270,696.7
12.04.2022-15-37-28,0,8568,952.0
12.04.2022-15-37-28,1,9282,1031.3
12.04.2022-15-37-28,2,2607,289.7
12.04.2022-15-37-28,3,3750,416.7
12.04.2022-15-37-28,4,840,93.3
12.04.2022-15-37-28,5,1947,216.3
12.04.2022-15-37-28,6,975,108.3
12.04.2022-15-37-28,7,1023,113.7
12.04.2022-15-40-13,0,4661,517.9
12.04.2022-15-40-13,1,2310,256.7
12.04.2022-15-40-13,2,1521,169.0
12.04.2022-15-40-13,3,2655,295.0
12.04.2022-15-40-13,4,2214,246.0
12.04.2022-15-40-13,5,714,79.3
12.04.2022-15-40-13,6,650,72.2
12.04.2022-15-40-13,7,1804,200.4
12.04.2022-15-40-13,8,1974,219.3
12.04.2022-15-49-54,0,2394,266.0
12.04.2022-15-49-54,1,6402,711.3
12.04.2022-15-49-54,2,1034,114.9
12.04.2022-15-51-21,0,5194,577.1
12.04.2022-15-51-54,0,1995,221.7
12.04.2022-15-51-54,1,840,93.3
12.04.2022-15-51-54,2,1782,198.0
12.04.2022-15-57-25,0,460,51.1
12.04.2022-15-57-25,1,361,40.1
12.04.2022-15-57-25,2,462,51.3
12.04.2022-15-57-25,3,648,72.0
12.04.2022-15-57-25,4,5074,563.8
12.04.2022-16-00-05,0,2414,268.2
12.07.2022-09-56-43,1,4680,520.0
12.07.2022-09-58-58,0,26976,2997.3
12.07.2022-09-58-58,1,20776,2308.4
12.07.2022-09-59-36,0,16261,1806.8
12.07.2022-09-59-46,0,10608,1178.7
12.07.2022-09-59-53,0,6592,732.4
12.07.2022-10-00-00,0,7210,801.1
12.07.2022-10-00-08,0,12204,1356.0
12.07.2022-10-00-16,0,19376,2152.9
12.07.2022-10-00-25,0,22660,2517.8
12.07.2022-10-00-42,0,35028,3892.0
12.07.2022-10-04-00,0,16464,1829.3
12.07.2022-10-04-00,1,5005,556.1
12.07.2022-10-04-00,2,2805,311.7
12.07.2022-10-06-35,0,17751,1972.3
12.07.2022-10-06-35,1,1971,219.0
12.07.2022-10-06-58,0,6307,700.8
12.07.2022-10-06-58,1,666,74.0
12.07.2022-10-11-30,0,806,89.6
12.07.2022-10-11-30,1,5656,628.4
12.07.2022-10-11-30,2,1575,175.0
12.07.2022-10-11-30,6,1032,114.7
12.07.2022-10-11-30,7,714,79.3
12.07.2022-10-11-30,10,1232,136.9
12.07.2022-10-11-30,11,1426,158.4
12.07.2022-10-11-30,12,1596,177.3
12.07.2022-10-11-30,13,1400,155.6
12.07.2022-10-11-30,14,1100,122.2
12.07.2022-10-11-30,15,975,108.3
12.07.2022-10-11-30,16,684,76.0
12.07.2022-10-11-30,17,910,101.1
12.07.2022-10-11-30,18,1333,148.1
12.07.2022-10-11-30,19,936,104.0
12.07.2022-10-11-30,20,990,110.0
12.07.2022-10-11-30,21,1705,189.4
12.07.2022-10-11-30,22,490,54.4
12.07.2022-10-11-30,24,680,75.6
12.07.2022-10-11-30,25,432,48.0
12.07.2022-10-11-30,28,496,55.1
12.07.2022-10-11-30,30,405,45.0
12.07.2022-10-11-30,31,640,71.1
12.07.2022-10-11-30,32,594,66.0
12.07.2022-10-11-30,34,340,37.8
12.07.2022-10-11-30,39,375,41.7
12.07.2022-10-25-03,0,21840,2426.7
12.07.2022-10-25-25,0,44688,4965.3
12.07.2022-10-35-49,0,4284,476.0
12.07.2022-10-37-53,0,3348,372.0
12.07.2022-10-37-53,1,624,69.3
12.07.2022-10-38-28,0,1600,177.8
12.07.2022-10-38-28,1,4067,451.9
12.07.2022-10-38-28,2,840,93.3
12.07.2022-10-39-34,0,8874,986.0
12.07.2022-10-39-34,2,943,104.8
12.07.2022-10-40-53,0,441,49.0
12.07.2022-10-40-53,2,7200,800.0
12.07.2022-10-40-53,3,4968,552.0
12.07.2022-10-40-53,5,840,93.3
12.07.2022-10-41-48,0,567,63.0
12.07.2022-10-41-48,1,374,41.6
12.07.2022-10-41-48,2,20925,2325.0
12.07.2022-10-41-48,3,33330,3703.3
12.07.2022-10-41-48,4,4602,511.3
12.07.2022-10-45-01,0,32548,3616.4
12.07.2022-10-45-01,1,2496,277.3
12.07.2022-10-45-01,2,1254,139.3
12.07.2022-10-45-01,3,24150,2683.3
12.07.2022-10-45-01,4,17710,1967.8
12.07.2022-10-45-50,0,27195,3021.7
12.07.2022-10-45-50,1,1296,144.0
12.07.2022-10-45-50,2,380,42.2
12.07.2022-10-45-50,3,2378,264.2
12.07.2022-10-45-50,4,27742,3082.4
12.07.2022-10-45-50,5,17941,1993.4
12.07.2022-10-46-44,0,18720,2080.0
12.07.2022-10-46-44,1,2349,261.0
12.07.2022-10-46-44,2,5328,592.0
13.04.2022-09-34-56,0,880,97.8
13.04.2022-09-34-56,1,544,60.4
13.04.2022-09-34-56,2,1035,115.0
13.04.2022-09-34-56,3,627,69.7
13.04.2022-09-35-52,0,2013,223.7
13.04.2022-09-35-52,1,420,46.7
13.04.2022-09-35-52,2,450,50.0
13.04.2022-09-36-37,0,361,40.1
13.04.2022-09-36-37,1,777,86.3
13.04.2022-09-36-37,2,1222,135.8
13.04.2022-09-38-10,0,8750,972.2
13.04.2022-09-38-10,1,360,40.0
13.04.2022-09-38-10,4,504,56.0
13.04.2022-09-38-10,5,666,74.0
13.04.2022-09-40-15,0,7350,816.7
13.04.2022-09-40-15,2,504,56.0
13.04.2022-09-40-15,5,560,62.2
13.04.2022-09-41-28,0,9282,1031.3
13.04.2022-09-41-28,1,702,78.0
13.04.2022-09-41-28,3,1128,125.3
13.04.2022-09-44-58,0,1612,179.1
13.04.2022-09-44-58,1,1674,186.0
13.04.2022-09-44-58,2,1892,210.2
13.04.2022-09-44-58,3,4662,518.0
13.04.2022-09-44-58,4,2850,316.7
13.04.2022-09-44-58,5,2430,270.0
13.04.2022-09-44-58,6,2925,325.0
13.04.2022-09-44-58,7,5656,628.4
13.04.2022-09-51-06,0,6552,728.0
13.04.2022-09-51-06,1,11645,1293.9
13.04.2022-09-51-06,2,10496,1166.2
13.04.2022-09-51-06,3,11088,1232.0
13.04.2022-09-51-06,4,9265,1029.4
13.04.2022-09-51-06,5,7372,819.1
13.04.2022-09-51-06,6,8910,990.0
13.04.2022-09-51-06,7,19482,2164.7
13.04.2022-09-51-06,8,851,94.6
13.04.2022-09-51-06,9,11880,1320.0
13.04.2022-09-52-08,0,4268,474.2
13.04.2022-09-52-08,1,902,100.2
13.04.2022-09-58-41,0,3906,434.0
13.04.2022-09-58-41,1,9360,1040.0
13.04.2022-09-59-21,0,4672,519.1
13.04.2022-09-59-21,1,3050,338.9
13.04.2022-10-00-44,0,1575,175.0
13.04.2022-10-00-44,1,1464,162.7
13.04.2022-10-03-20,0,21924,2436.0
13.04.2022-10-03-20,1,5270,585.6
13.04.2022-10-03-20,2,2091,232.3
13.04.2022-10-04-52,0,4526,502.9
13.04.2022-10-34-35,0,880,97.8
13.04.2022-10-34-35,1,500,55.6
13.04.2022-10-34-35,2,2624,291.6
13.04.2022-10-36-51,0,899,99.9
13.04.2022-10-36-51,1,1254,139.3
13.04.2022-10-36-51,2,8160,906.7
13.04.2022-10-38-07,0,2730,303.3
13.04.2022-10-38-07,1,1364,151.6
13.04.2022-10-40-21,0,1485,165.0
13.04.2022-10-40-21,1,595,66.1
13.04.2022-10-40-21,2,1836,204.0
13.04.2022-10-40-21,3,490,54.4
13.04.2022-10-42-31,0,4611,512.3
13.04.2022-10-42-31,1,9711,1079.0
13.04.2022-10-42-31,2,640,71.1
13.04.2022-10-45-12,1,756,84.0
13.04.2022-10-45-12,2,532,59.1
13.04.2022-10-45-12,3,414,46.0
13.04.2022-10-46-58,0,3770,418.9
13.04.2022-10-46-58,1,544,60.4
13.04.2022-10-46-58,2,580,64.4
13.04.2022-10-46-58,3,442,49.1
13.04.2022-10-46-58,5,8113,901.4
13.04.2022-10-47-47,0,448,49.8
13.04.2022-10-47-47,2,19530,2170.0
13.04.2022-10-51-15,0,5858,650.9
13.04.2022-10-51-15,1,1188,132.0
13.04.2022-10-52-46,0,1456,161.8
13.04.2022-10-52-46,1,598,66.4
13.04.2022-10-52-46,2,476,52.9
13.04.2022-10-52-46,3,4988,554.2
13.04.2022-10-52-46,4,551,61.2
13.04.2022-10-54-36,0,17640,1960.0
13.04.2022-10-54-36,1,42117,4679.7
13.04.2022-10-54-36,2,2278,253.1
13.04.2022-10-54-36,3,992,110.2
13.04.2022-11-06-02,0,27456,3050.7
13.04.2022-11-06-02,1,493,54.8
13.04.2022-11-06-02,2,364,40.4
13.04.2022-11-06-02,3,3745,416.1
13.04.2022-11-06-02,4,6490,721.1
13.04.2022-11-06-02,5,27676,3075.1
13.04.2022-11-06-02,6,28888,3209.8
13.04.2022-11-06-02,7,520,57.8
13.04.2022-11-16-24,0,5060,562.2
13.04.2022-11-16-24,1,7866,874.0
13.04.2022-11-16-24,2,3888,432.0
13.04.2022-11-16-24,3,1892,210.2
13.04.2022-11-16-24,4,5184,576.0
13.04.2022-11-16-24,5,5920,657.8
13.04.2022-11-16-24,6,11468,1274.2
13.04.2022-11-16-24,7,16650,1850.0
13.04.2022-13-26-19,0,5600,622.2
13.04.2022-13-26-19,1,4250,472.2
13.04.2022-13-26-19,2,2847,316.3
13.04.2022-13-26-19,3,836,92.9
13.04.2022-13-26-19,4,2601,289.0
13.04.2022-13-26-19,5,1113,123.7
13.04.2022-13-26-19,6,11323,1258.1
13.04.2022-13-33-07,0,20066,2229.6
13.04.2022-13-33-07,1,24192,2688.0
13.04.2022-13-33-07,2,16965,1885.0
13.04.2022-13-33-07,3,7650,850.0
13.04.2022-13-33-07,4,3885,431.7
13.04.2022-13-33-07,5,7670,852.2
13.04.2022-13-34-49,0,4278,475.3
13.04.2022-13-34-49,1,8400,933.3
13.04.2022-13-34-49,2,4366,485.1
13.04.2022-13-34-49,3,2166,240.7
13.04.2022-13-34-49,4,2016,224.0
13.04.2022-13-34-49,5,3933,437.0
13.04.2022-13-34-49,6,7003,778.1
13.04.2022-13-34-49,7,390,43.3
13.04.2022-13-34-49,8,896,99.6
13.04.2022-13-34-49,10,4176,464.0
13.04.2022-13-37-52,1,4410,490.0
13.04.2022-13-37-52,2,2508,278.7
13.04.2022-13-37-52,3,2255,250.6
13.04.2022-13-37-52,4,7735,859.4
13.04.2022-13-37-52,5,4949,549.9
13.04.2022-13-37-52,6,3060,340.0
13.04.2022-13-37-52,7,5332,592.4
13.04.2022-13-37-52,8,784,87.1
13.04.2022-13-37-52,9,3871,430.1
13.04.2022-13-37-52,10,11315,1257.2
13.04.2022-13-37-52,11,12903,1433.7
13.04.2022-13-37-52,12,2044,227.1
13.04.2022-13-37-52,13,3915,435.0
13.04.2022-13-37-52,15,1664,184.9
13.04.2022-13-48-33,0,4576,508.4
13.04.2022-13-48-33,1,2208,245.3
13.04.2022-13-48-33,2,880,97.8
13.04.2022-13-48-33,3,2236,248.4
13.04.2022-13-48-33,4,3393,377.0
13.04.2022-13-48-33,5,2336,259.6
13.04.2022-13-48-33,6,3996,444.0
13.04.2022-13-48-33,7,2117,235.2
13.04.2022-13-48-33,8,650,72.2
13.04.2022-13-48-33,9,2016,224.0
13.04.2022-13-48-33,10,1443,160.3
13.04.2022-13-48-33,11,406,45.1
13.04.2022-13-56-20,0,9261,1029.0
13.04.2022-13-56-20,1,9660,1073.3
13.04.2022-13-56-20,2,8256,917.3
13.04.2022-13-56-20,3,3745,416.1
13.04.2022-13-56-20,4,2112,234.7
13.04.2022-13-56-20,5,3854,428.2
13.04.2022-13-56-20,6,4284,476.0
13.04.2022-13-56-20,7,10350,1150.0
13.04.2022-13-56-20,8,2058,228.7
13.04.2022-13-56-20,9,2907,323.0
13.04.2022-13-56-20,10,7956,884.0
13.04.2022-14-14-36,0,23460,2606.7
13.04.2022-14-14-36,1,2660,295.6
13.04.2022-14-14-36,2,15808,1756.4
13.04.2022-14-15-29,1,4140,460.0
13.04.2022-14-23-25,0,928,103.1
13.04.2022-14-23-25,2,1904,211.6
13.04.2022-14-23-25,3,13395,1488.3
13.04.2022-14-27-23,0,1656,184.0
13.04.2022-14-28-11,0,572,63.6
13.04.2022-14-31-51,0,714,79.3
13.04.2022-14-31-51,1,1540,171.1
13.04.2022-14-33-35,0,5561,617.9
13.04.2022-14-33-48,0,1598,177.6
13.04.2022-14-34-07,0,480,53.3
13.04.2022-14-35-42,0,2156,239.6
13.04.2022-14-35-42,1,868,96.4
13.04.2022-14-37-09,0,11385,1265.0
13.04.2022-14-37-09,1,5125,569.4
13.04.2022-14-39-41,0,2813,312.6
13.04.2022-14-40-24,0,748,83.1
13.04.2022-14-43-09,0,15132,1681.3
13.04.2022-14-44-28,0,18810,2090.0
13.04.2022-14-45-10,0,3784,420.4
13.04.2022-14-46-50,0,768,85.3
13.04.2022-14-46-50,1,2244,249.3
13.04.2022-14-46-50,3,4784,531.6
13.04.2022-14-50-31,0,4968,552.0
13.04.2022-14-50-31,1,4312,479.1
13.04.2022-14-50-31,2,792,88.0
13.04.2022-14-50-31,3,600,66.7
13.04.2022-14-50-31,4,675,75.0
13.04.2022-14-50-31,5,2993,332.6
13.04.2022-14-50-31,6,5655,628.3
13.04.2022-14-50-31,7,2091,232.3
13.04.2022-14-57-07,0,9845,1093.9
13.04.2022-14-58-22,0,3280,364.4
13.04.2022-15-02-55,0,399,44.3
13.04.2022-15-02-55,1,1728,192.0
13.04.2022-15-06-09,0,2142,238.0
13.04.2022-15-06-09,1,9945,1105.0
13.04.2022-15-07-51,0,1196,132.9
13.04.2022-15-23-22,0,6549,727.7
13.04.2022-15-25-17,0,629,69.9
13.04.2022-15-25-17,1,476,52.9
13.04.2022-15-25-17,2,551,61.2
13.04.2022-15-25-17,3,450,50.0
13.04.2022-15-25-17,4,1380,153.3
13.04.2022-15-26-27,0,9028,1003.1
13.04.2022-15-26-27,1,5782,642.4
13.04.2022-15-26-27,2,2528,280.9
13.04.2022-15-30-12,0,5152,572.4
13.04.2022-15-32-47,0,3510,390.0
13.04.2022-15-33-49,0,5100,566.7
13.04.2022-15-33-49,1,1080,120.0
13.04.2022-15-34-37,1,1110,123.3
13.04.2022-15-36-56,0,2214,246.0
13.04.2022-15-36-56,1,1650,183.3
13.04.2022-15-36-56,2,720,80.0
13.04.2022-15-39-57,0,4407,489.7
13.04.2022-15-39-57,1,2943,327.0
13.04.2022-15-39-57,2,9680,1075.6
13.04.2022-15-44-27,0,2790,310.0
13.04.2022-15-44-27,1,3689,409.9
13.04.2022-15-44-27,2,7955,883.9
13.04.2022-15-56-30,0,2183,242.6
13.04.2022-15-56-30,1,15111,1679.0
13.04.2022-15-56-30,2,1100,122.2
13.04.2022-15-59-21,0,777,86.3
13.04.2022-15-59-21,1,2440,271.1
13.04.2022-15-59-21,2,3534,392.7
13.04.2022-15-59-21,3,600,66.7
13.04.2022-16-04-13,0,5074,563.8
13.04.2022-16-04-13,1,1344,149.3
13.04.2022-16-04-13,2,4096,455.1
13.04.2022-16-04-44,0,9243,1027.0
13.04.2022-16-04-44,1,1075,119.4
13.04.2022-16-04-44,2,5632,625.8
13.04.2022-16-05-44,0,1475,163.9
13.04.2022-16-05-44,1,5673,630.3
13.04.2022-16-07-51,0,6408,712.0
13.04.2022-16-07-51,1,1242,138.0
13.04.2022-16-07-51,2,11220,1246.7
13.07.2022-13-35-06,0,31719,3524.3
13.07.2022-13-35-35,0,22320,2480.0
13.07.2022-13-35-35,1,13176,1464.0
13.07.2022-13-36-26,0,5922,658.0
13.07.2022-13-36-26,1,3424,380.4
13.07.2022-13-36-50,0,1836,204.0
13.07.2022-13-36-50,1,1037,115.2
13.07.2022-13-37-25,0,720,80.0
13.07.2022-13-37-25,1,408,45.3
13.07.2022-13-37-25,2,750,83.3
13.07.2022-13-40-30,0,29216,3246.2
13.07.2022-13-41-24,0,13080,1453.3
13.07.2022-13-41-24,1,19404,2156.0
13.07.2022-13-48-35,0,33744,3749.3
13.07.2022-13-48-35,1,4407,489.7
13.07.2022-13-49-16,0,13213,1468.1
13.07.2022-13-49-16,1,1896,210.7
13.07.2022-13-51-21,0,32895,3655.0
13.07.2022-13-51-21,1,1188,132.0
13.07.2022-13-51-52,0,16815,1868.3
13.07.2022-13-51-52,1,1768,196.4
13.07.2022-13-52-36,0,9928,1103.1
13.07.2022-13-52-36,1,2975,330.6
13.07.2022-13-53-24,0,6206,689.6
13.07.2022-13-53-53,0,4508,500.9
13.07.2022-13-55-43,0,1716,190.7
13.07.2022-13-56-36,0,864,96.0
13.07.2022-13-59-21,0,3952,439.1
13.07.2022-13-59-21,1,1080,120.0
13.07.2022-13-59-21,2,672,74.7
13.07.2022-14-00-18,0,13206,1467.3
13.07.2022-14-00-18,1,3850,427.8
13.07.2022-14-00-18,2,494,54.9
13.07.2022-14-00-18,4,672,74.7
13.07.2022-14-00-53,0,10332,1148.0
13.07.2022-14-00-53,1,4212,468.0
13.07.2022-14-00-53,2,440,48.9
13.07.2022-14-00-53,3,420,46.7
13.07.2022-14-01-23,0,4680,520.0
13.07.2022-14-01-23,1,4864,540.4
13.07.2022-14-01-23,2,663,73.7
13.07.2022-14-01-41,0,10780,1197.8
14.04.2022-08-38-47,0,1044,116.0
14.04.2022-08-38-47,1,2736,304.0
14.04.2022-08-38-47,2,1196,132.9
14.04.2022-08-38-47,3,882,98.0
14.04.2022-08-38-47,4,720,80.0
14.04.2022-08-38-47,5,798,88.7
14.04.2022-08-38-47,6,4796,532.9
14.04.2022-08-39-58,0,14329,1592.1
14.04.2022-08-39-58,1,4185,465.0
14.04.2022-08-40-35,0,6853,761.4
14.04.2022-08-41-53,0,1080,120.0
14.04.2022-08-41-53,1,1258,139.8
14.04.2022-08-41-53,2,858,95.3
14.04.2022-08-41-53,3,924,102.7
14.04.2022-08-41-53,4,1173,130.3
14.04.2022-08-41-53,5,19314,2146.0
14.04.2022-08-42-45,0,6519,724.3
14.04.2022-08-46-34,0,496,55.1
14.04.2022-08-46-34,2,2016,224.0
14.04.2022-08-56-14,0,351,39.0
14.04.2022-08-56-14,1,4650,516.7
14.04.2022-08-56-14,2,2460,273.3
14.04.2022-08-56-14,3,7869,874.3
14.04.2022-08-56-14,4,10143,1127.0
14.04.2022-08-56-14,5,408,45.3
14.04.2022-08-56-14,6,481,53.4
14.04.2022-09-00-35,0,34008,3778.7
14.04.2022-09-03-45,0,616,68.4
14.04.2022-09-03-45,1,2400,266.7
14.04.2022-09-03-45,2,625,69.4
14.04.2022-09-06-52,0,420,46.7
14.04.2022-09-06-52,1,403,44.8
14.04.2022-09-06-52,3,675,75.0
14.04.2022-09-06-52,4,924,102.7
14.04.2022-09-06-52,5,3304,367.1
14.04.2022-09-11-45,0,2106,234.0
14.04.2022-09-11-45,1,1278,142.0
14.04.2022-09-50-01,0,10530,1170.0
14.04.2022-09-50-01,1,3441,382.3
14.04.2022-09-52-55,0,816,90.7
14.04.2022-09-52-55,1,1196,132.9
14.04.2022-09-52-55,2,1015,112.8
14.04.2022-10-06-58,0,11825,1313.9
14.04.2022-10-06-58,1,2820,313.3
14.04.2022-10-06-58,2,2240,248.9
14.04.2022-10-06-58,3,21584,2398.2
14.04.2022-10-15-46,0,26605,2956.1
14.04.2022-10-15-46,1,16254,1806.0
14.04.2022-10-16-57,0,2975,330.6
14.04.2022-10-16-57,1,5963,662.6
14.04.2022-10-16-57,2,4350,483.3
14.04.2022-10-16-57,3,9338,1037.6
14.04.2022-10-16-57,4,3328,369.8
14.04.2022-10-18-10,0,945,105.0
14.04.2022-10-18-10,1,408,45.3
14.04.2022-10-18-56,0,17388,1932.0
14.04.2022-10-18-56,1,360,40.0
14.04.2022-10-21-56,0,4998,555.3
14.04.2022-10-25-38,0,693,77.0
14.04.2022-10-25-38,1,1054,117.1
14.04.2022-10-25-38,2,1156,128.4
14.04.2022-10-25-38,3,870,96.7
14.04.2022-10-25-38,4,1116,124.0
14.04.2022-10-25-38,5,1209,134.3
14.04.2022-10-25-38,6,999,111.0
14.04.2022-10-25-38,7,960,106.7
14.04.2022-10-25-38,8,1400,155.6
14.04.2022-10-25-38,9,1406,156.2
14.04.2022-10-25-38,10,1683,187.0
14.04.2022-10-25-38,11,576,64.0
14.04.2022-10-25-38,12,392,43.6
14.04.2022-10-27-06,0,2303,255.9
14.04.2022-10-27-06,1,1088,120.9
14.04.2022-10-27-06,2,1560,173.3
14.04.2022-10-27-06,3,1085,120.6
14.04.2022-10-27-06,4,1716,190.7
14.04.2022-10-27-06,5,1122,124.7
14.04.2022-10-27-06,6,992,110.2
14.04.2022-10-27-06,7,1089,121.0
14.04.2022-10-27-06,8,1320,146.7
14.04.2022-10-27-06,9,1120,124.4
14.04.2022-10-27-06,10,513,57.0
14.04.2022-10-27-06,11,576,64.0
14.04.2022-10-43-37,0,5652,628.0
14.04.2022-10-43-37,1,3660,406.7
14.04.2022-10-43-37,2,682,75.8
14.04.2022-10-43-37,3,1908,212.0
14.04.2022-10-43-37,4,754,83.8
14.04.2022-10-43-37,5,2145,238.3
14.04.2022-10-43-37,6,1625,180.6
14.04.2022-10-43-37,7,2739,304.3
14.04.2022-10-43-37,8,1798,199.8
14.04.2022-10-43-37,9,3888,432.0
14.04.2022-10-57-44,0,1300,144.4
14.04.2022-10-57-44,1,3200,355.6
14.04.2022-10-57-44,2,1769,196.6
14.04.2022-10-57-44,3,551,61.2
14.04.2022-10-57-44,4,1612,179.1
14.04.2022-10-57-44,5,667,74.1
14.04.2022-10-57-44,6,1953,217.0
14.04.2022-10-57-44,7,3072,341.3
14.04.2022-10-57-44,8,440,48.9
14.04.2022-10-57-44,9,1376,152.9
14.04.2022-10-57-44,10,2356,261.8
14.04.2022-10-57-44,11,1140,126.7
14.04.2022-10-57-44,13,567,63.0
14.04.2022-10-57-44,14,1716,190.7
14.04.2022-10-57-44,15,22050,2450.0
14.04.2022-10-57-44,16,1452,161.3
14.04.2022-11-15-42,0,1992,221.3
14.04.2022-11-15-42,1,3240,360.0
14.04.2022-11-15-42,2,8690,965.6
14.04.2022-11-20-38,0,2210,245.6
14.04.2022-11-20-38,1,1530,170.0
14.04.2022-11-20-38,2,1624,180.4
14.04.2022-11-20-38,3,2604,289.3
14.04.2022-11-20-38,4,441,49.0
14.04.2022-11-20-38,5,1320,146.7
14.04.2022-11-20-38,6,1863,207.0
14.04.2022-11-20-38,7,1204,133.8
14.04.2022-11-20-38,8,783,87.0
14.04.2022-11-20-38,9,1392,154.7
14.04.2022-11-20-38,10,936,104.0
14.04.2022-11-20-38,11,837,93.0
14.04.2022-11-20-38,12,624,69.3
14.04.2022-11-20-38,13,6975,775.0
14.04.2022-11-20-38,14,2997,333.0
14.04.2022-11-20-38,15,2343,260.3
14.04.2022-13-14-04,0,3525,391.7
14.04.2022-13-14-04,1,375,41.7
14.04.2022-13-14-04,2,765,85.0
14.04.2022-13-14-04,3,792,88.0
14.04.2022-13-23-51,0,840,93.3
14.04.2022-13-23-51,1,416,46.2
14.04.2022-13-23-51,4,403,44.8
14.04.2022-13-25-45,0,10374,1152.7
14.04.2022-13-26-43,0,11440,1271.1
14.04.2022-13-26-43,1,1078,119.8
14.04.2022-13-26-43,2,650,72.2
14.04.2022-13-32-10,0,2720,302.2
14.04.2022-13-32-10,1,3525,391.7
14.04.2022-13-32-10,2,38595,4288.3
14.04.2022-13-32-10,3,32500,3611.1
14.04.2022-13-32-10,4,20150,2238.9
14.04.2022-13-32-10,5,12408,1378.7
14.04.2022-13-32-10,6,1400,155.6
14.04.2022-13-32-10,7,713,79.2
14.04.2022-13-32-10,8,494,54.9
14.04.2022-13-32-10,9,448,49.8
14.04.2022-13-32-10,10,720,80.0
14.04.2022-13-32-10,11,370,41.1
14.04.2022-13-32-10,12,1000,111.1
14.04.2022-13-32-10,17,468,52.0
14.04.2022-13-32-10,19,429,47.7
14.04.2022-13-32-10,21,432,48.0
14.04.2022-13-35-09,0,1536,170.7
14.04.2022-13-35-24,0,1134,126.0
14.04.2022-13-35-52,0,41344,4593.8
14.04.2022-13-41-38,0,621,69.0
14.04.2022-13-41-38,1,1541,171.2
14.04.2022-13-41-38,2,750,83.3
14.04.2022-13-41-38,3,10758,1195.3
14.04.2022-13-41-38,4,7906,878.4
14.04.2022-13-41-38,5,16800,1866.7
14.04.2022-13-44-08,0,3045,338.3
14.04.2022-13-44-08,1,1848,205.3
14.04.2022-13-44-08,2,9310,1034.4
14.04.2022-13-44-08,3,912,101.3
14.04.2022-13-52-04,0,1392,154.7
14.04.2022-13-52-04,3,966,107.3
14.04.2022-13-53-40,0,7812,868.0
14.04.2022-13-53-40,2,2356,261.8
14.04.2022-13-53-40,3,6006,667.3
14.04.2022-14-02-20,0,465,51.7
14.04.2022-14-02-20,1,24738,2748.7
14.04.2022-14-02-20,2,1008,112.0
14.04.2022-14-02-20,3,1360,151.1
14.04.2022-14-02-20,4,24295,2699.4
14.04.2022-14-02-20,5,9734,1081.6
14.04.2022-14-03-05,0,2772,308.0
14.04.2022-15-17-22,0,9702,1078.0
14.04.2022-15-17-22,1,2800,311.1
14.04.2022-15-17-22,2,1435,159.4
14.04.2022-15-17-22,3,10716,1190.7
14.04.2022-15-17-22,4,10080,1120.0
14.04.2022-15-17-22,5,4029,447.7
14.04.2022-15-17-22,6,9672,1074.7
14.04.2022-15-17-22,7,6642,738.0
14.04.2022-15-17-22,8,351,39.0
14.04.2022-15-19-35,0,19339,2148.8
14.04.2022-15-19-35,1,34335,3815.0
14.04.2022-15-19-35,2,616,68.4
14.04.2022-15-19-35,3,1419,157.7
14.04.2022-15-19-35,4,7650,850.0
14.04.2022-15-19-35,5,13152,1461.3
14.04.2022-15-19-35,6,3034,337.1
14.04.2022-15-19-35,7,10660,1184.4
14.04.2022-15-19-35,8,10148,1127.6
14.04.2022-15-31-58,0,1638,182.0
14.04.2022-15-31-58,1,2442,271.3
14.04.2022-15-31-58,2,1449,161.0
14.04.2022-15-32-20,0,3434,381.6
14.04.2022-15-32-52,0,7636,848.4
14.04.2022-15-33-46,0,38430,4270.0
14.04.2022-15-33-59,0,37905,4211.7
14.04.2022-15-35-12,0,2178,242.0
14.04.2022-15-35-31,0,4410,490.0
14.04.2022-15-36-16,0,7224,802.7
14.04.2022-15-36-38,0,23478,2608.7
14.04.2022-15-40-40,0,3013,334.8
14.04.2022-15-40-40,1,2775,308.3
14.04.2022-15-41-09,0,5332,592.4
14.04.2022-15-41-09,1,5200,577.8
14.04.2022-15-41-36,0,5544,616.0
14.04.2022-15-41-36,1,6545,727.2
14.04.2022-15-42-28,0,12388,1376.4
14.04.2022-15-42-28,1,7458,828.7
14.04.2022-15-43-09,0,28884,3209.3
14.04.2022-15-43-44,0,23499,2611.0
14.04.2022-15-47-21,0,33449,3716.6
14.04.2022-15-52-28,0,4770,530.0
14.04.2022-15-52-28,1,2835,315.0
14.04.2022-15-52-28,2,1628,180.9
14.04.2022-15-52-28,3,779,86.6
14.04.2022-15-57-06,0,6272,696.9
14.04.2022-15-57-06,1,8299,922.1
14.04.2022-15-57-06,2,13668,1518.7
14.04.2022-15-57-06,3,2925,325.0
18.04.2022-09-37-33,0,624,69.3
18.04.2022-09-37-33,1,462,51.3
18.04.2022-09-37-33,3,6557,728.6
18.04.2022-09-45-29,0,1160,128.9
18.04.2022-09-45-29,1,1216,135.1
18.04.2022-09-45-29,2,1491,165.7
18.04.2022-09-45-29,3,954,106.0
18.04.2022-09-45-29,4,2204,244.9
18.04.2022-09-49-55,0,900,100.0
18.04.2022-09-49-55,1,4104,456.0
18.04.2022-09-49-55,2,29747,3305.2
18.04.2022-09-49-55,4,17252,1916.9
18.04.2022-09-49-55,5,9243,1027.0
18.04.2022-10-18-25,0,864,96.0
18.04.2022-10-18-25,1,1825,202.8
18.04.2022-10-18-25,2,2059,228.8
18.04.2022-10-18-25,3,546,60.7
18.04.2022-10-18-25,4,1037,115.2
18.04.2022-10-18-25,5,848,94.2
18.04.2022-10-24-55,0,2765,307.2
18.04.2022-10-24-55,1,1288,143.1
18.04.2022-10-24-55,2,3430,381.1
18.04.2022-10-24-55,3,648,72.0
18.04.2022-10-24-55,4,1932,214.7
18.04.2022-10-24-55,5,1470,163.3
18.04.2022-10-24-55,6,1680,186.7
18.04.2022-10-24-55,7,1456,161.8
18.04.2022-10-24-55,8,1170,130.0
18.04.2022-10-24-55,9,1330,147.8
18.04.2022-10-24-55,10,2560,284.4
18.04.2022-10-24-55,11,1860,206.7
18.04.2022-10-24-55,12,860,95.6
18.04.2022-10-24-55,13,675,75.0
18.04.2022-10-24-55,14,558,62.0
18.04.2022-10-24-55,15,1680,186.7
18.04.2022-10-24-55,16,1800,200.0
18.04.2022-10-24-55,17,825,91.7
18.04.2022-10-24-55,18,783,87.0
18.04.2022-10-24-55,19,598,66.4
18.04.2022-10-24-55,20,1110,123.3
18.04.2022-10-28-51,0,3738,415.3
18.04.2022-10-28-51,1,1248,138.7
18.04.2022-10-28-51,2,1218,135.3
18.04.2022-10-28-51,3,1118,124.2
18.04.2022-10-28-51,4,1271,141.2
18.04.2022-10-28-51,5,528,58.7
18.04.2022-10-28-51,6,1612,179.1
18.04.2022-10-28-51,7,551,61.2
18.04.2022-10-28-51,8,1749,194.3
18.04.2022-10-28-51,9,1170,130.0
18.04.2022-10-28-51,10,1560,173.3
18.04.2022-10-28-51,11,2574,286.0
18.04.2022-10-28-51,12,1353,150.3
18.04.2022-10-28-51,14,21663,2407.0
18.04.2022-10-37-09,0,6708,745.3
18.04.2022-10-45-32,0,2774,308.2
18.04.2022-10-54-34,0,4598,510.9
18.04.2022-10-55-32,0,820,91.1
18.04.2022-11-11-01,0,19040,2115.6
18.04.2022-11-11-01,1,13376,1486.2
18.04.2022-11-12-33,0,1122,124.7
18.04.2022-11-12-33,1,2418,268.7
18.04.2022-11-12-33,2,1862,206.9
18.04.2022-11-12-33,3,1440,160.0
18.04.2022-13-32-10,0,1501,166.8
18.04.2022-13-32-10,1,713,79.2
18.04.2022-13-32-10,2,432,48.0
18.04.2022-13-35-23,0,15096,1677.3
18.04.2022-13-35-43,0,2178,242.0
18.04.2022-13-38-40,0,2044,227.1
18.04.2022-13-39-05,0,3564,396.0
18.04.2022-13-41-04,0,1575,175.0
18.04.2022-13-41-21,0,4212,468.0
18.04.2022-13-42-18,0,22080,2453.3
18.04.2022-13-49-11,0,4704,522.7
18.04.2022-13-49-30,0,10956,1217.3
18.04.2022-13-50-08,0,441,49.0
18.04.2022-13-51-38,0,5671,630.1
18.04.2022-13-51-38,1,8580,953.3
18.04.2022-13-52-37,0,4686,520.7
18.04.2022-13-52-37,1,9545,1060.6
18.04.2022-13-53-27,0,5992,665.8
18.04.2022-13-53-27,1,3159,351.0
18.04.2022-13-54-58,1,989,109.9
18.04.2022-13-56-48,0,2450,272.2
18.04.2022-13-57-10,0,1089,121.0
18.04.2022-13-58-09,0,2485,276.1
18.04.2022-13-58-09,1,3420,380.0
18.04.2022-13-58-09,2,16416,1824.0
18.04.2022-13-58-32,0,3354,372.7
18.04.2022-13-58-32,1,2380,264.4
18.04.2022-13-59-51,0,1248,138.7
18.04.2022-14-00-15,0,1560,173.3
18.04.2022-14-13-22,0,8320,924.4
18.04.2022-14-13-22,1,684,76.0
18.04.2022-14-13-22,4,493,54.8
18.04.2022-14-14-32,0,595,66.1
18.04.2022-14-14-32,1,345,38.3
18.04.2022-14-14-32,2,585,65.0
18.04.2022-14-15-36,0,3526,391.8
18.04.2022-14-15-36,1,27348,3038.7
18.04.2022-14-17-06,0,1927,214.1
18.04.2022-14-17-06,1,6300,700.0
18.04.2022-14-18-53,0,43578,4842.0
18.04.2022-14-18-53,1,5208,578.7
18.04.2022-14-20-13,0,598,66.4
18.04.2022-14-20-13,1,5360,595.6
18.04.2022-14-20-13,2,4836,537.3
18.04.2022-14-20-13,3,2077,230.8
18.04.2022-14-22-05,0,2160,240.0
18.04.2022-14-23-10,0,31570,3507.8
18.04.2022-14-23-26,0,12816,1424.0
18.04.2022-14-24-12,0,1960,217.8
18.04.2022-14-24-12,1,1148,127.6
18.04.2022-14-31-15,0,3904,433.8
18.04.2022-14-31-15,1,4536,504.0
18.04.2022-14-31-15,2,1470,163.3
18.04.2022-14-31-15,3,1755,195.0
18.04.2022-14-31-15,4,2990,332.2
18.04.2022-14-31-15,5,1440,160.0
18.04.2022-14-31-15,6,4200,466.7
18.04.2022-14-33-22,0,39576,4397.3
18.04.2022-14-40-21,0,544,60.4
18.04.2022-14-40-21,1,559,62.1
18.04.2022-14-40-21,2,2850,316.7
18.04.2022-14-43-02,0,22824,2536.0
18.04.2022-14-43-02,1,1482,164.7
18.04.2022-14-43-02,2,9086,1009.6
18.04.2022-14-43-02,3,8154,906.0
18.04.2022-14-43-02,4,576,64.0
18.04.2022-14-43-02,5,416,46.2
18.04.2022-14-49-13,0,7154,794.9
18.04.2022-14-49-13,1,4770,530.0
18.04.2022-14-49-13,2,6171,685.7
18.04.2022-14-49-13,3,2144,238.2
18.04.2022-14-49-13,4,2409,267.7
18.04.2022-14-49-13,5,2173,241.4
18.04.2022-14-49-13,6,775,86.1
18.04.2022-15-00-56,0,27405,3045.0
18.04.2022-15-00-56,1,4465,496.1
18.04.2022-15-01-54,0,5040,560.0
18.04.2022-15-01-54,1,10048,1116.4
18.04.2022-15-04-03,0,858,95.3
18.04.2022-15-04-03,1,820,91.1
18.04.2022-15-04-03,2,378,42.0
18.04.2022-15-04-03,3,7700,855.6
18.04.2022-15-04-03,4,1457,161.9
18.04.2022-15-04-03,5,2208,245.3
18.04.2022-15-37-15,0,35464,3940.4
18.04.2022-15-37-15,1,5605,622.8
18.04.2022-15-38-25,0,6231,692.3
18.04.2022-15-38-25,1,2146,238.4
18.04.2022-15-38-25,2,1000,111.1
18.04.2022-15-38-25,3,1075,119.4
18.04.2022-15-38-25,4,4620,513.3
18.04.2022-15-39-28,0,3404,378.2
18.04.2022-15-40-42,0,9050,1005.6
18.04.2022-15-40-42,1,13230,1470.0
18.04.2022-15-41-28,0,5504,611.6
18.04.2022-15-41-28,1,6650,738.9
18.04.2022-15-41-28,2,2958,328.7
18.04.2022-15-41-28,3,2002,222.4
18.04.2022-15-42-31,0,8385,931.7
18.04.2022-15-42-31,1,5376,597.3
18.04.2022-15-42-31,2,6336,704.0
18.04.2022-15-42-31,3,3952,439.1
18.04.2022-15-42-31,4,2352,261.3
18.04.2022-15-43-44,0,2160,240.0
18.04.2022-15-43-44,1,12144,1349.3
18.04.2022-15-45-23,0,7535,837.2
18.04.2022-15-45-23,1,836,92.9
18.04.2022-15-45-23,2,5096,566.2
18.04.2022-15-45-23,3,2178,242.0
18.04.2022-15-45-23,4,1190,132.2
18.04.2022-15-47-11,0,35990,3998.9
18.04.2022-15-47-11,1,21111,2345.7
18.04.2022-15-48-17,0,1440,160.0
18.04.2022-15-48-17,1,4400,488.9
18.04.2022-15-48-17,2,3404,378.2
18.04.2022-15-48-17,4,4592,510.2
18.04.2022-15-51-57,0,11024,1224.9
18.04.2022-15-51-57,1,12354,1372.7
18.04.2022-15-51-57,2,21228,2358.7
18.04.2022-15-51-57,3,533,59.2
18.04.2022-15-51-57,4,510,56.7
18.04.2022-15-51-57,5,576,64.0
18.04.2022-15-54-51,0,1750,194.4
18.04.2022-15-54-51,1,2904,322.7
18.04.2022-15-54-51,2,3534,392.7
18.04.2022-15-54-51,3,2528,280.9
18.04.2022-15-54-51,4,1898,210.9
18.04.2022-15-58-53,0,7865,873.9
18.04.2022-15-58-53,1,19656,2184.0
18.04.2022-15-58-53,2,5040,560.0
18.04.2022-15-58-53,3,11550,1283.3
18.04.2022-15-58-53,4,12035,1337.2
18.04.2022-15-58-53,5,5694,632.7
18.04.2022-15-58-53,6,2142,238.0
18.04.2022-16-07-35,0,7625,847.2
18.04.2022-16-07-35,1,4860,540.0
18.04.2022-16-07-35,2,4150,461.1
18.04.2022-16-07-35,3,1890,210.0
18.04.2022-16-07-35,4,3950,438.9
18.04.2022-16-07-35,5,1794,199.3
18.04.2022-16-07-35,6,2793,310.3
18.04.2022-16-07-35,7,2193,243.7
18.04.2022-16-07-35,8,4182,464.7
18.04.2022-16-07-35,9,3828,425.3
18.04.2022-16-07-35,10,558,62.0
18.04.2022-16-10-31,0,1536,170.7
18.04.2022-16-10-31,1,2867,318.6
18.04.2022-16-11-33,0,6976,775.1
18.04.2022-16-11-33,1,2244,249.3
20.04.2022-09-26-36,0,6319,702.1
20.04.2022-09-28-31,0,528,58.7
20.04.2022-09-28-31,1,594,66.0
20.04.2022-09-28-31,2,589,65.4
20.04.2022-09-29-44,0,924,102.7
20.04.2022-09-31-11,0,2430,270.0
20.04.2022-09-31-11,1,6105,678.3
20.04.2022-09-31-11,2,928,103.1
20.04.2022-09-33-46,0,22442,2493.6
20.04.2022-09-33-46,1,8784,976.0
20.04.2022-09-33-46,2,7500,833.3
20.04.2022-09-34-52,0,5200,577.8
20.04.2022-09-34-52,1,2752,305.8
20.04.2022-09-34-52,2,6837,759.7
20.04.2022-09-34-52,3,2400,266.7
20.04.2022-09-34-52,4,2464,273.8
20.04.2022-09-36-03,0,23674,2630.4
20.04.2022-09-36-03,1,1595,177.2
20.04.2022-09-36-03,2,2200,244.4
20.04.2022-09-37-23,0,1674,186.0
20.04.2022-09-37-23,1,13056,1450.7
20.04.2022-09-37-23,3,594,66.0
20.04.2022-09-38-10,1,1595,177.2
20.04.2022-09-38-10,2,1995,221.7
20.04.2022-09-38-10,3,22165,2462.8
20.04.2022-09-39-33,1,1540,171.1
20.04.2022-09-39-33,2,1809,201.0
20.04.2022-09-40-43,0,5720,635.6
20.04.2022-09-41-35,0,6273,697.0
20.04.2022-09-41-35,1,560,62.2
20.04.2022-09-41-35,2,37700,4188.9
20.04.2022-09-45-50,0,5456,606.2
20.04.2022-09-45-50,1,391,43.4
20.04.2022-09-49-13,0,10956,1217.3
20.04.2022-09-49-13,1,1050,116.7
20.04.2022-09-49-13,2,6324,702.7
20.04.2022-09-49-13,3,6251,694.6
20.04.2022-09-51-02,0,33592,3732.4
20.04.2022-09-51-02,1,13050,1450.0
20.04.2022-09-51-02,2,14076,1564.0
20.04.2022-09-51-02,3,7998,888.7
20.04.2022-09-51-02,4,374,41.6
20.04.2022-10-02-48,0,32996,3666.2
20.04.2022-10-06-57,0,11613,1290.3
20.04.2022-10-06-57,1,4131,459.0
20.04.2022-10-06-57,2,532,59.1
20.04.2022-10-06-57,3,408,45.3
20.04.2022-10-06-57,4,1400,155.6
20.04.2022-10-06-57,5,792,88.0
20.04.2022-10-07-41,0,15330,1703.3
20.04.2022-10-07-41,1,690,76.7
20.04.2022-10-07-41,2,3135,348.3
20.04.2022-10-10-51,0,12255,1361.7
20.04.2022-10-46-40,0,1917,213.0
20.04.2022-10-46-40,1,792,88.0
20.04.2022-10-54-18,1,25431,2825.7
20.04.2022-10-54-18,2,2054,228.2
20.04.2022-10-54-18,3,2263,251.4
20.04.2022-10-54-18,4,858,95.3
20.04.2022-10-54-18,5,1608,178.7
20.04.2022-10-54-18,6,864,96.0
20.04.2022-11-05-39,0,888,98.7
20.04.2022-11-05-39,1,5280,586.7
20.04.2022-11-05-39,2,11639,1293.2
20.04.2022-11-05-39,3,13662,1518.0
20.04.2022-11-07-01,0,3245,360.6
20.04.2022-11-07-01,1,1900,211.1
20.04.2022-11-07-01,2,2640,293.3
20.04.2022-11-07-01,3,1850,205.6
20.04.2022-11-07-01,4,2208,245.3
20.04.2022-11-07-01,5,3780,420.0
20.04.2022-11-07-01,6,4350,483.3
20.04.2022-11-07-01,7,360,40.0
20.04.2022-11-08-38,0,35644,3960.4
20.04.2022-11-08-38,2,1014,112.7
20.04.2022-11-19-57,0,16740,1860.0
20.04.2022-11-19-57,1,15249,1694.3
20.04.2022-11-23-14,0,4958,550.9
20.04.2022-11-23-30,0,8648,960.9
20.04.2022-11-24-00,0,14301,1589.0
20.04.2022-11-26-19,0,2016,224.0
20.04.2022-11-26-19,1,2002,222.4
20.04.2022-11-31-35,0,44863,4984.8
20.04.2022-11-31-35,1,1120,124.4
20.04.2022-11-31-35,2,608,67.6
20.04.2022-11-31-35,3,624,69.3
20.04.2022-11-33-30,0,32342,3593.6
20.04.2022-11-33-30,1,10976,1219.6
20.04.2022-11-33-30,2,47040,5226.7
20.04.2022-11-36-18,0,33158,3684.2
20.04.2022-11-36-18,1,8446,938.4
20.04.2022-11-36-18,2,12305,1367.2
20.04.2022-11-36-18,3,1184,131.6
20.04.2022-11-36-18,4,2294,254.9
20.04.2022-11-36-18,5,2736,304.0
20.04.2022-11-36-18,6,2030,225.6
20.04.2022-11-36-18,7,3780,420.0
20.04.2022-11-39-08,1,1925,213.9
20.04.2022-11-39-08,2,4704,522.7
20.04.2022-11-39-08,3,1472,163.6
20.04.2022-11-43-40,0,16393,1821.4
20.04.2022-11-46-03,0,17100,1900.0
20.04.2022-11-48-57,0,2280,253.3
20.04.2022-11-48-57,1,384,42.7
20.04.2022-11-48-57,2,18779,2086.6
22.06.2022-14-00-39,0,432,48.0
22.06.2022-14-00-39,1,846,94.0
22.06.2022-14-03-47,0,1632,181.3
22.06.2022-14-04-25,0,924,102.7
22.06.2022-14-08-54,0,2158,239.8
22.06.2022-14-08-54,1,2072,230.2
22.06.2022-14-08-54,2,1416,157.3
22.06.2022-14-08-54,3,2100,233.3
22.06.2022-14-08-54,4,2175,241.7
22.06.2022-14-08-54,5,420,46.7
22.06.2022-14-08-54,6,621,69.0
22.06.2022-14-09-44,0,3996,444.0
22.06.2022-14-12-25,0,8892,988.0
22.06.2022-14-12-25,1,748,83.1
22.06.2022-14-12-25,2,340,37.8
22.06.2022-14-12-25,3,460,51.1
22.06.2022-14-14-28,0,960,106.7
22.06.2022-14-14-28,1,1073,119.2
22.06.2022-14-14-28,2,364,40.4
22.06.2022-14-14-28,3,494,54.9
22.06.2022-14-14-28,4,6695,743.9
22.06.2022-14-14-28,5,3538,393.1
22.06.2022-14-14-28,6,3640,404.4
22.06.2022-14-16-10,0,986,109.6
22.06.2022-14-16-10,1,1206,134.0
22.06.2022-14-16-10,2,3332,370.2
22.06.2022-14-21-23,0,1517,168.6
22.06.2022-14-30-07,0,15312,1701.3
22.06.2022-14-30-07,1,4080,453.3
22.06.2022-14-30-07,2,480,53.3
22.06.2022-14-32-26,0,9600,1066.7
22.06.2022-14-32-26,1,756,84.0
22.06.2022-14-32-26,2,462,51.3
22.06.2022-14-36-40,0,4224,469.3
22.06.2022-14-36-40,1,3243,360.3
22.06.2022-14-44-31,0,20880,2320.0
22.06.2022-14-48-29,0,1833,203.7
22.06.2022-14-48-29,1,1240,137.8
22.06.2022-14-48-29,2,748,83.1
22.06.2022-14-48-29,3,594,66.0
22.06.2022-14-48-29,4,1225,136.1
22.06.2022-14-48-29,5,754,83.8
22.06.2022-14-48-29,6,928,103.1
22.06.2022-14-48-29,8,340,37.8
22.06.2022-14-48-29,9,1440,160.0
22.06.2022-14-53-45,0,464,51.6
22.06.2022-14-53-45,1,2584,287.1
22.06.2022-14-53-45,2,1131,125.7
22.06.2022-14-53-45,4,1260,140.0
22.06.2022-14-53-45,5,2475,275.0
22.06.2022-15-01-09,0,1155,128.3
22.06.2022-15-01-09,1,7590,843.3
22.06.2022-15-01-09,2,3021,335.7
22.06.2022-15-01-09,3,7644,849.3
22.06.2022-15-01-09,4,4160,462.2
22.06.2022-15-01-09,5,792,88.0
22.06.2022-15-04-51,0,624,69.3
22.06.2022-15-04-51,1,1161,129.0
22.06.2022-15-04-51,2,1073,119.2
22.06.2022-15-21-18,0,2916,324.0
22.06.2022-15-21-54,0,2024,224.9
22.06.2022-15-23-03,0,13514,1501.6
22.06.2022-15-47-27,0,1716,190.7
22.06.2022-15-47-27,1,3465,385.0
22.06.2022-15-47-27,2,775,86.1
22.06.2022-15-47-27,3,1260,140.0
22.06.2022-15-47-27,4,1170,130.0
22.06.2022-15-47-27,5,10965,1218.3
22.06.2022-15-47-27,6,696,77.3
22.06.2022-16-27-26,0,8976,997.3
22.06.2022-16-27-26,1,3420,380.0
22.07.2022-09-51-06,0,868,96.4
22.07.2022-09-52-31,0,1122,124.7
22.07.2022-09-52-53,0,2336,259.6
22.07.2022-09-53-15,0,6832,759.1
22.07.2022-09-53-43,0,4558,506.4
22.07.2022-09-53-43,1,448,49.8
22.07.2022-09-53-43,2,464,51.6
22.07.2022-09-54-04,0,2268,252.0
22.07.2022-09-54-04,1,450,50.0
22.07.2022-09-54-04,2,522,58.0
22.07.2022-09-54-40,0,30537,3393.0
22.07.2022-09-54-53,0,41648,4627.6
22.07.2022-09-58-57,0,3379,375.4
22.07.2022-10-01-40,0,1887,209.7
22.07.2022-10-02-37,0,18400,2044.4
22.07.2022-10-03-12,0,32184,3576.0
22.07.2022-10-04-21,0,9438,1048.7
22.07.2022-10-04-21,1,3185,353.9
22.07.2022-10-04-52,0,2268,252.0
22.07.2022-10-04-52,1,8910,990.0
22.07.2022-10-07-07,0,4189,465.4
22.07.2022-10-07-41,0,1716,190.7
22.07.2022-10-07-41,1,6111,679.0
22.07.2022-10-08-04,0,1632,181.3
22.07.2022-10-08-04,1,460,51.1
22.07.2022-10-17-41,0,1848,205.3
22.07.2022-10-17-41,1,5893,654.8
22.07.2022-10-18-51,0,2580,286.7
22.07.2022-10-18-51,1,828,92.0
22.07.2022-10-18-51,2,1560,173.3
22.07.2022-10-19-11,0,770,85.6
22.07.2022-10-19-11,2,945,105.0
22.07.2022-10-19-34,2,425,47.2
22.07.2022-10-57-43,0,14453,1605.9
22.07.2022-11-00-19,0,4085,453.9
22.07.2022-11-00-19,1,1920,213.3
22.07.2022-11-02-04,1,450,50.0
22.07.2022-11-02-04,2,7298,810.9
22.07.2022-11-03-01,0,4026,447.3
22.07.2022-11-03-01,1,6004,667.1
22.07.2022-11-03-24,0,3536,392.9
22.07.2022-11-03-24,1,3552,394.7
22.07.2022-11-03-52,0,2728,303.1
22.07.2022-11-03-52,1,624,69.3
22.07.2022-11-03-52,2,2639,293.2
22.07.2022-11-04-22,0,1775,197.2
22.07.2022-11-04-22,1,350,38.9
22.07.2022-11-04-22,2,1800,200.0
22.07.2022-11-05-01,0,1421,157.9
22.07.2022-11-05-01,1,450,50.0
22.07.2022-11-05-01,2,1520,168.9
22.07.2022-11-05-16,0,342,38.0
22.07.2022-11-08-06,0,5904,656.0
22.07.2022-11-08-36,0,17272,1919.1
22.07.2022-11-08-54,0,1280,142.2
22.07.2022-11-09-23,0,13716,1524.0
22.07.2022-11-09-38,0,17595,1955.0
22.07.2022-11-13-28,0,48510,5390.0
22.07.2022-11-15-23,0,2890,321.1
22.07.2022-11-16-33,0,966,107.3
22.07.2022-11-16-33,1,858,95.3
22.07.2022-11-17-31,0,375,41.7
22.07.2022-11-17-31,1,1110,123.3
22.07.2022-11-21-59,0,950,105.6
22.07.2022-11-22-20,0,1566,174.0
22.07.2022-11-22-43,0,2964,329.3
22.07.2022-11-23-34,0,442,49.1
22.07.2022-11-23-58,0,3870,430.0
22.07.2022-11-24-20,0,1755,195.0
22.07.2022-11-25-35,0,1350,150.0
22.07.2022-11-25-57,0,3420,380.0
22.07.2022-11-26-18,0,8540,948.9
22.07.2022-13-56-51,4,1000,111.1
22.07.2022-13-56-51,5,874,97.1
22.07.2022-13-58-14,1,390,43.3
22.07.2022-13-58-14,4,760,84.4
22.07.2022-13-58-14,5,1876,208.4
22.07.2022-13-59-51,0,1056,117.3
22.07.2022-13-59-51,1,1679,186.6
22.07.2022-13-59-51,2,3008,334.2
22.07.2022-14-00-23,0,1950,216.7
22.07.2022-14-00-23,2,1386,154.0
22.07.2022-14-01-11,0,3528,392.0
22.07.2022-14-01-11,1,390,43.3
22.07.2022-14-01-11,4,1752,194.7
22.07.2022-14-05-56,1,544,60.4
22.07.2022-14-05-56,2,4056,450.7
22.07.2022-14-06-35,0,2280,253.3
22.07.2022-14-06-35,1,5952,661.3
22.07.2022-14-06-35,2,819,91.0
22.07.2022-14-07-52,0,5103,567.0
22.07.2022-14-07-52,1,1464,162.7
22.07.2022-14-07-52,2,903,100.3
22.07.2022-14-12-37,0,4440,493.3
22.07.2022-14-13-11,0,8533,948.1
22.07.2022-14-13-11,1,704,78.2
22.07.2022-14-15-05,0,4408,489.8
22.07.2022-14-15-05,1,47371,5263.4
22.07.2022-14-15-36,1,4066,451.8
22.07.2022-14-15-59,1,8960,995.6
22.07.2022-14-18-32,0,1440,160.0
22.07.2022-14-19-14,0,4800,533.3
22.07.2022-14-21-37,0,6683,742.6
22.07.2022-14-23-29,0,4142,460.2
22.07.2022-14-23-44,0,12672,1408.0
22.07.2022-14-24-13,0,34662,3851.3
22.07.2022-14-28-33,0,2664,296.0
22.07.2022-14-28-33,1,442,49.1
22.07.2022-14-28-33,2,414,46.0
22.07.2022-14-30-14,0,1175,130.6
22.07.2022-14-30-14,1,448,49.8
22.07.2022-14-31-48,0,6784,753.8
22.07.2022-14-31-48,1,5251,583.4
22.07.2022-14-31-48,2,2541,282.3
22.07.2022-14-31-48,3,3321,369.0
22.07.2022-14-32-27,0,3240,360.0
22.07.2022-14-32-27,1,6272,696.9
22.07.2022-14-32-27,2,5520,613.3
22.07.2022-14-32-27,3,2418,268.7
22.07.2022-14-33-37,0,7080,786.7
22.07.2022-14-33-37,1,10865,1207.2
22.07.2022-14-33-37,2,11316,1257.3
22.07.2022-14-34-28,0,10875,1208.3
22.07.2022-14-34-28,1,14520,1613.3
22.07.2022-14-35-04,0,20424,2269.3
22.07.2022-14-35-04,1,1071,119.0
22.07.2022-14-35-47,0,32574,3619.3
22.07.2022-14-36-03,0,26180,2908.9
22.07.2022-14-36-21,0,44805,4978.3
22.07.2022-15-37-23,2,1876,208.4
22.07.2022-15-39-25,0,2496,277.3
22.07.2022-15-39-25,1,3564,396.0
22.07.2022-15-39-25,2,1976,219.6
22.07.2022-15-39-25,3,6776,752.9
22.07.2022-15-39-50,0,2419,268.8
22.07.2022-15-39-50,1,2632,292.4
22.07.2022-15-39-50,2,1960,217.8
22.07.2022-15-39-50,3,3780,420.0
22.07.2022-15-41-17,0,704,78.2
22.07.2022-15-41-17,1,726,80.7
22.07.2022-15-41-17,2,1554,172.7
22.07.2022-15-41-17,3,1148,127.6
22.07.2022-15-41-17,4,1015,112.8
22.07.2022-15-43-12,0,5733,637.0
22.07.2022-15-43-12,1,532,59.1
22.07.2022-15-43-12,2,5040,560.0
22.07.2022-15-45-22,0,1995,221.7
22.07.2022-15-45-22,1,1044,116.0
22.07.2022-15-45-22,2,960,106.7
22.07.2022-15-45-22,3,1034,114.9
22.07.2022-15-45-22,4,1161,129.0
22.07.2022-15-45-22,5,1617,179.7
22.07.2022-15-47-30,0,1598,177.6
22.07.2022-15-47-41,0,950,105.6
22.07.2022-15-50-20,0,448,49.8
22.07.2022-15-50-20,1,375,41.7
22.07.2022-15-50-20,2,504,56.0
22.07.2022-15-50-20,3,384,42.7
22.07.2022-15-50-20,4,434,48.2
22.07.2022-15-50-20,5,420,46.7
22.07.2022-15-50-20,6,627,69.7
22.07.2022-15-50-20,8,1330,147.8
22.07.2022-15-52-39,0,784,87.1
22.07.2022-15-52-39,1,1406,156.2
22.07.2022-15-52-39,2,600,66.7
22.07.2022-15-54-15,0,3774,419.3
22.07.2022-15-54-15,1,833,92.6
22.07.2022-15-56-04,0,3648,405.3
22.07.2022-15-56-04,1,4171,463.4
22.07.2022-15-59-00,0,6944,771.6
22.07.2022-16-00-04,0,12090,1343.3
22.07.2022-16-00-04,1,8704,967.1
22.07.2022-16-00-19,0,11324,1258.2
22.07.2022-16-00-19,1,7524,836.0
22.07.2022-16-01-17,0,15622,1735.8
22.07.2022-16-01-17,1,13696,1521.8
23.06.2022-08-28-33,0,5264,584.9
23.06.2022-08-28-53,0,2006,222.9
23.06.2022-08-31-59,0,9842,1093.6
23.06.2022-08-31-59,1,594,66.0
23.06.2022-08-31-59,2,1215,135.0
23.06.2022-08-36-44,0,5612,623.6
23.06.2022-08-36-44,1,390,43.3
23.06.2022-08-40-15,0,2944,327.1
23.06.2022-08-40-38,0,992,110.2
23.06.2022-08-41-10,0,7124,791.6
23.06.2022-08-43-16,0,10494,1166.0
23.06.2022-08-43-16,1,40330,4481.1
23.06.2022-08-44-30,0,1295,143.9
23.06.2022-08-45-03,0,1968,218.7
23.06.2022-08-50-51,0,1380,153.3
23.06.2022-08-50-51,1,7644,849.3
23.06.2022-08-53-22,0,5160,573.3
23.06.2022-08-53-46,0,1403,155.9
23.06.2022-08-55-05,0,13348,1483.1
23.06.2022-08-55-05,1,884,98.2
23.06.2022-08-55-38,0,1960,217.8
23.06.2022-08-55-38,1,28350,3150.0
23.06.2022-09-13-01,0,1248,138.7
23.06.2022-09-13-44,0,6254,694.9
23.06.2022-09-16-47,0,2760,306.7
23.06.2022-09-25-18,0,1260,140.0
23.06.2022-09-32-14,0,1925,213.9
23.06.2022-09-32-14,1,2255,250.6
23.06.2022-09-32-14,2,2793,310.3
23.06.2022-09-32-14,3,4232,470.2
23.06.2022-09-32-14,4,638,70.9
23.06.2022-09-32-14,5,1484,164.9
23.06.2022-09-34-19,0,7865,873.9
23.06.2022-09-34-19,1,2832,314.7
23.06.2022-09-41-33,0,2072,230.2
23.06.2022-09-46-33,0,945,105.0
23.06.2022-09-46-33,1,3108,345.3
23.06.2022-09-46-59,0,1815,201.7
23.06.2022-09-46-59,1,6048,672.0
23.06.2022-09-47-29,0,2706,300.7
23.06.2022-09-49-46,0,25872,2874.7
23.06.2022-09-49-46,1,500,55.6
23.06.2022-09-49-46,2,672,74.7
23.06.2022-09-49-46,3,420,46.7
23.06.2022-09-54-50,0,1739,193.2
23.06.2022-09-54-50,1,1440,160.0
23.06.2022-09-54-50,2,945,105.0
23.06.2022-09-54-50,3,3776,419.6
23.06.2022-09-56-50,0,3936,437.3
23.06.2022-09-56-50,1,1682,186.9
23.06.2022-09-56-50,2,819,91.0
23.06.2022-09-56-50,3,840,93.3
23.06.2022-09-56-50,4,1740,193.3
23.06.2022-09-56-50,5,2835,315.0
23.06.2022-09-56-50,6,1032,114.7
23.06.2022-09-56-50,7,5888,654.2
23.06.2022-09-56-50,8,1924,213.8
23.06.2022-09-56-50,9,1150,127.8
23.06.2022-09-56-50,10,1666,185.1
23.06.2022-10-01-40,0,2250,250.0
23.06.2022-10-01-40,1,4410,490.0
23.06.2022-10-01-40,2,1020,113.3
23.06.2022-10-01-40,3,1624,180.4
23.06.2022-10-01-40,4,1380,153.3
23.06.2022-10-01-40,5,570,63.3
23.06.2022-10-01-40,6,966,107.3
23.06.2022-10-01-40,7,392,43.6
23.06.2022-10-01-40,8,2460,273.3
23.06.2022-10-01-40,9,4950,550.0
23.06.2022-10-41-17,0,1232,136.9
23.06.2022-10-41-17,1,1475,163.9
23.06.2022-10-41-17,2,578,64.2
23.06.2022-10-41-17,3,731,81.2
23.06.2022-10-41-17,5,1944,216.0
23.06.2022-10-41-17,6,728,80.9
23.06.2022-10-41-17,7,1836,204.0
23.06.2022-10-41-17,8,1650,183.3
23.06.2022-10-47-19,0,580,64.4
23.06.2022-10-47-19,1,850,94.4
23.06.2022-10-47-19,2,396,44.0
23.06.2022-10-47-19,3,2760,306.7
23.06.2022-10-47-19,4,1296,144.0
23.06.2022-10-47-19,5,702,78.0
23.06.2022-10-47-19,6,2599,288.8
23.06.2022-10-47-19,7,442,49.1
23.06.2022-10-47-19,8,576,64.0
23.06.2022-10-47-19,9,418,46.4
23.06.2022-10-47-19,10,342,38.0
23.06.2022-10-47-19,11,625,69.4
23.06.2022-10-47-19,12,684,76.0
23.06.2022-10-47-19,13,1596,177.3
23.06.2022-10-47-19,14,1161,129.0
23.06.2022-10-47-19,15,540,60.0
23.06.2022-10-47-19,17,1380,153.3
23.06.2022-10-47-19,18,1032,114.7
23.06.2022-10-47-19,19,4128,458.7
23.06.2022-10-47-19,20,1075,119.4
23.06.2022-10-52-29,0,2262,251.3
23.06.2022-10-52-29,1,589,65.4
23.06.2022-10-53-20,0,703,78.1
23.06.2022-10-53-20,1,1771,196.8
23.06.2022-10-54-13,0,1400,155.6
23.06.2022-10-54-13,2,4290,476.7
23.06.2022-10-55-43,0,1188,132.0
23.06.2022-10-55-43,1,1248,138.7
23.06.2022-10-55-43,2,1050,116.7
23.06.2022-10-55-43,3,2451,272.3
23.06.2022-10-55-43,4,777,86.3
23.06.2022-10-58-06,0,3128,347.6
23.06.2022-10-58-06,1,1250,138.9
23.06.2022-10-58-06,2,567,63.0
23.06.2022-10-58-06,3,2508,278.7
23.06.2022-10-58-06,4,1760,195.6
23.06.2022-10-58-06,5,1612,179.1
23.06.2022-10-58-06,6,1800,200.0
23.06.2022-10-58-06,7,2240,248.9
23.06.2022-10-58-06,8,528,58.7
23.06.2022-10-58-06,9,558,62.0
23.06.2022-10-58-06,11,840,93.3
23.06.2022-11-00-51,0,3350,372.2
23.06.2022-11-01-21,0,6696,744.0
23.06.2022-11-04-19,0,2128,236.4
23.06.2022-11-04-19,1,25506,2834.0
23.06.2022-11-04-54,0,1708,189.8
23.06.2022-11-04-54,1,13452,1494.7
23.06.2022-11-06-04,0,656,72.9
23.06.2022-11-06-04,1,5865,651.7
23.06.2022-11-10-58,0,3480,386.7
23.06.2022-11-13-49,0,780,86.7
23.06.2022-11-13-49,1,680,75.6
23.06.2022-11-13-49,2,374,41.6
23.06.2022-11-13-49,3,522,58.0
23.06.2022-11-14-27,0,399,44.3
23.06.2022-11-14-27,1,377,41.9
23.06.2022-11-14-27,2,560,62.2
23.06.2022-11-14-27,3,448,49.8
23.06.2022-11-14-27,4,609,67.7
23.06.2022-11-16-30,0,1272,141.3
23.06.2022-11-16-30,1,882,98.0
23.06.2022-11-16-30,2,1344,149.3
23.06.2022-11-16-30,3,658,73.1
23.06.2022-11-17-31,0,8938,993.1
23.06.2022-11-19-54,0,25296,2810.7
23.06.2022-11-20-28,0,4950,550.0
23.06.2022-11-20-28,1,28899,3211.0
23.06.2022-11-21-11,0,2800,311.1
23.06.2022-11-21-11,1,1591,176.8
23.06.2022-11-25-14,0,615,68.3
23.06.2022-11-25-14,1,756,84.0
23.06.2022-11-25-14,2,884,98.2
23.06.2022-11-25-14,3,780,86.7
23.06.2022-11-25-14,4,462,51.3
23.06.2022-11-25-14,5,3916,435.1
23.06.2022-13-45-18,0,1872,208.0
23.06.2022-13-45-18,1,405,45.0
23.06.2022-13-45-18,2,950,105.6
23.06.2022-13-45-18,3,510,56.7
23.06.2022-13-45-53,0,1683,187.0
23.06.2022-13-45-53,1,1824,202.7
23.06.2022-13-45-53,2,2624,291.6
23.06.2022-13-46-44,1,406,45.1
23.06.2022-13-46-44,2,490,54.4
23.06.2022-13-50-54,0,1856,206.2
23.06.2022-13-54-55,0,1375,152.8
23.06.2022-13-54-55,1,912,101.3
23.06.2022-13-54-55,2,2496,277.3
23.06.2022-14-03-40,2,1400,155.6
23.06.2022-14-03-40,3,17556,1950.7
23.06.2022-14-11-03,0,15138,1682.0
23.06.2022-14-11-03,1,4620,513.3
23.06.2022-14-11-03,2,3124,347.1
23.06.2022-14-11-03,3,2646,294.0
23.06.2022-14-11-03,4,4556,506.2
23.06.2022-14-11-03,5,4543,504.8
23.06.2022-14-11-03,6,814,90.4
23.06.2022-14-12-29,0,14168,1574.2
23.06.2022-14-12-29,1,800,88.9
23.06.2022-14-12-29,3,615,68.3
23.06.2022-14-16-46,0,1404,156.0
23.06.2022-14-16-46,1,540,60.0
23.06.2022-14-16-46,2,864,96.0
23.06.2022-14-16-46,3,500,55.6
23.06.2022-14-16-46,4,1075,119.4
23.06.2022-14-16-46,5,420,46.7
23.06.2022-14-19-01,0,22572,2508.0
23.06.2022-14-19-01,2,2968,329.8
23.06.2022-14-23-07,0,396,44.0
23.06.2022-14-23-07,1,620,68.9
23.06.2022-14-23-07,2,2775,308.3
23.06.2022-14-23-07,3,5508,612.0
23.06.2022-14-23-07,4,2944,327.1
23.06.2022-14-23-07,5,672,74.7
23.06.2022-14-23-07,6,7436,826.2
23.06.2022-14-23-07,7,4984,553.8
23.06.2022-14-23-07,8,2508,278.7
23.06.2022-14-27-53,0,9540,1060.0
23.06.2022-14-27-53,1,10659,1184.3
23.06.2022-14-27-53,2,504,56.0
23.06.2022-14-27-53,3,380,42.2
23.06.2022-14-56-41,0,4508,500.9
23.06.2022-14-56-41,1,901,100.1
23.06.2022-14-59-32,0,19845,2205.0
23.06.2022-15-04-53,0,722,80.2
23.06.2022-15-04-53,1,726,80.7
23.06.2022-15-04-53,2,930,103.3
23.06.2022-15-04-53,3,616,68.4
23.06.2022-15-04-53,4,864,96.0
23.06.2022-15-04-53,5,984,109.3
23.06.2022-15-04-53,6,27648,3072.0
23.06.2022-15-11-51,0,1311,145.7
23.06.2022-15-11-51,1,1776,197.3
23.06.2022-15-11-51,2,1134,126.0
23.06.2022-15-11-51,3,2212,245.8
23.06.2022-15-11-51,4,1512,168.0
23.06.2022-15-52-58,2,884,98.2
23.06.2022-15-52-58,3,1113,123.7
23.06.2022-15-52-58,6,396,44.0
23.06.2022-15-52-58,7,16354,1817.1
23.06.2022-15-56-51,0,7102,789.1
23.06.2022-15-58-28,0,836,92.9
23.06.2022-15-58-28,1,832,92.4
23.06.2022-15-58-28,3,936,104.0
23.06.2022-16-01-57,0,1034,114.9
23.06.2022-16-01-57,1,2774,308.2
23.06.2022-16-01-57,2,625,69.4
23.06.2022-16-01-57,3,1131,125.7
23.06.2022-16-01-57,4,1440,160.0
23.06.2022-16-01-57,5,2128,236.4
23.06.2022-16-01-57,6,432,48.0
23.06.2022-16-01-57,7,403,44.8
23.06.2022-16-01-57,8,1152,128.0
23.06.2022-16-01-57,9,2304,256.0
23.06.2022-16-07-51,0,682,75.8
23.06.2022-16-07-51,1,884,98.2
23.06.2022-16-08-17,0,782,86.9
23.06.2022-16-08-17,1,475,52.8
23.06.2022-16-10-31,0,702,78.0
23.06.2022-16-10-31,1,1148,127.6
23.06.2022-16-12-57,0,10354,1150.4
23.06.2022-16-13-59,0,2059,228.8
23.06.2022-16-15-05,0,2584,287.1
23.06.2022-16-17-01,0,638,70.9
23.06.2022-16-17-01,1,40657,4517.4
23.06.2022-16-17-01,2,625,69.4
23.06.2022-16-17-01,3,529,58.8
23.06.2022-16-17-01,4,399,44.3
23.06.2022-16-18-39,0,11956,1328.4
23.06.2022-16-18-39,2,340,37.8
23.06.2022-16-18-39,3,440,48.9
24.06.2022-09-17-10,0,19040,2115.6
24.06.2022-09-17-10,1,19344,2149.3
24.06.2022-09-17-10,2,5490,610.0
24.06.2022-09-17-10,3,592,65.8
24.06.2022-09-18-55,0,2812,312.4
24.06.2022-09-18-55,1,4656,517.3
24.06.2022-09-18-55,2,629,69.9
24.06.2022-09-19-41,0,2201,244.6
24.06.2022-09-19-41,1,760,84.4
24.06.2022-09-19-41,2,2886,320.7
24.06.2022-09-20-28,0,672,74.7
24.06.2022-09-22-30,0,4212,468.0
24.06.2022-09-22-30,1,1342,149.1
24.06.2022-09-22-30,2,11607,1289.7
24.06.2022-09-23-22,0,2035,226.1
24.06.2022-09-23-22,1,5830,647.8
24.06.2022-09-23-22,2,720,80.0
24.06.2022-09-28-12,0,420,46.7
24.06.2022-09-28-12,12,931,103.4
24.06.2022-09-29-02,0,585,65.0
24.06.2022-09-29-02,1,1224,136.0
24.06.2022-09-33-41,0,1716,190.7
24.06.2022-09-41-38,0,594,66.0
24.06.2022-09-41-38,1,504,56.0
24.06.2022-09-41-38,2,7208,800.9
24.06.2022-09-41-38,3,1680,186.7
24.06.2022-09-41-38,4,1708,189.8
24.06.2022-09-41-38,5,1725,191.7
24.06.2022-09-45-34,0,5664,629.3
24.06.2022-09-45-34,1,5593,621.4
24.06.2022-09-45-34,2,2772,308.0
24.06.2022-09-46-42,0,2352,261.3
24.06.2022-09-46-42,1,966,107.3
24.06.2022-09-46-42,2,1102,122.4
24.06.2022-09-46-42,3,2077,230.8
24.06.2022-09-47-55,0,5922,658.0
24.06.2022-09-47-55,1,1846,205.1
24.06.2022-09-47-55,2,897,99.7
24.06.2022-09-47-55,3,1512,168.0
24.06.2022-09-47-55,4,1860,206.7
24.06.2022-09-48-48,0,714,79.3
24.06.2022-09-48-48,1,1400,155.6
24.06.2022-09-48-48,2,1596,177.3
24.06.2022-09-50-26,0,400,44.4
24.06.2022-09-50-26,2,6936,770.7
24.06.2022-10-12-57,0,34580,3842.2
24.06.2022-10-14-43,0,13020,1446.7
24.06.2022-10-14-43,1,6120,680.0
24.06.2022-10-15-39,0,9612,1068.0
24.06.2022-10-15-39,1,2788,309.8
24.06.2022-10-21-09,0,552,61.3
24.06.2022-10-24-50,0,3390,376.7
24.06.2022-10-24-50,1,1600,177.8
24.06.2022-10-24-50,2,1197,133.0
24.06.2022-10-25-44,0,1920,213.3
24.06.2022-10-25-44,1,2890,321.1
24.06.2022-10-27-30,1,15813,1757.0
24.06.2022-10-27-30,2,1080,120.0
24.06.2022-10-28-49,0,7155,795.0
24.06.2022-10-28-49,1,2418,268.7
24.06.2022-10-55-33,0,525,58.3
24.06.2022-10-55-33,1,3256,361.8
24.06.2022-10-55-33,2,6048,672.0
24.06.2022-10-55-33,3,1700,188.9
24.06.2022-10-55-33,4,3816,424.0
24.06.2022-10-55-33,5,1863,207.0
24.06.2022-10-55-33,6,1488,165.3
24.06.2022-10-55-33,7,1650,183.3
24.06.2022-10-55-33,8,2139,237.7
24.06.2022-10-55-33,9,1775,197.2
24.06.2022-10-55-33,10,738,82.0
24.06.2022-11-01-11,0,8052,894.7
24.06.2022-11-01-11,1,29524,3280.4
24.06.2022-11-04-12,0,770,85.6
24.06.2022-11-04-12,1,1216,135.1
24.06.2022-11-04-12,2,408,45.3
24.06.2022-11-08-25,0,1914,212.7
24.06.2022-11-08-25,1,1428,158.7
24.06.2022-11-08-25,2,1562,173.6
24.06.2022-11-08-25,3,3366,374.0
24.06.2022-11-08-25,4,1925,213.9
24.06.2022-11-08-25,5,1120,124.4
24.06.2022-11-16-53,1,3780,420.0
24.06.2022-11-16-53,2,1914,212.7
24.06.2022-11-16-53,3,1344,149.3
24.06.2022-11-16-53,4,1248,138.7
24.06.2022-11-16-53,5,598,66.4
24.06.2022-11-21-50,0,1035,115.0
24.06.2022-11-22-56,0,3978,442.0
24.06.2022-11-22-56,1,4108,456.4
24.06.2022-13-49-22,0,602,66.9
24.06.2022-13-49-22,1,714,79.3
24.06.2022-13-49-22,2,624,69.3
24.06.2022-13-50-28,0,832,92.4
24.06.2022-13-50-28,1,576,64.0
24.06.2022-13-50-28,2,540,60.0
24.06.2022-13-50-28,3,588,65.3
24.06.2022-13-57-10,0,26670,2963.3
24.06.2022-13-57-10,3,4440,493.3
24.06.2022-13-57-10,4,3795,421.7
24.06.2022-13-57-10,5,374,41.6
24.06.2022-13-58-24,0,4674,519.3
24.06.2022-13-59-37,0,18165,2018.3
24.06.2022-14-01-40,0,1200,133.3
24.06.2022-14-01-40,1,2052,228.0
24.06.2022-14-03-36,0,912,101.3
24.06.2022-14-04-01,0,800,88.9
24.06.2022-14-06-01,0,3358,373.1
24.06.2022-14-07-22,0,8084,898.2
24.06.2022-14-07-22,1,6720,746.7
24.06.2022-14-07-22,2,1540,171.1
24.06.2022-14-09-15,0,696,77.3
24.06.2022-14-11-59,0,989,109.9
24.06.2022-14-42-55,0,11305,1256.1
24.06.2022-14-43-46,0,1480,164.4
24.06.2022-14-43-46,1,840,93.3
24.06.2022-14-43-46,2,1368,152.0
24.06.2022-14-50-07,0,3304,367.1
24.06.2022-14-50-21,0,1036,115.1
24.06.2022-14-51-14,0,544,60.4
24.06.2022-14-51-14,1,2314,257.1
24.06.2022-14-51-14,2,3825,425.0
24.06.2022-14-51-14,3,4234,470.4
24.06.2022-14-54-02,0,4292,476.9
24.06.2022-14-54-38,0,2365,262.8
24.06.2022-14-55-30,0,665,73.9
24.06.2022-14-56-22,0,476,52.9
24.06.2022-15-11-33,0,33210,3690.0
24.06.2022-15-11-33,1,36320,4035.6
24.06.2022-15-11-33,2,10339,1148.8
24.06.2022-15-11-33,3,16400,1822.2
24.06.2022-15-13-05,0,3528,392.0
24.06.2022-15-13-05,1,3390,376.7
24.06.2022-15-13-05,2,4692,521.3
24.06.2022-15-13-05,3,13524,1502.7
24.06.2022-15-13-05,4,3010,334.4
24.06.2022-15-30-14,3,1026,114.0
24.06.2022-15-30-14,4,651,72.3
24.06.2022-15-30-14,5,9744,1082.7
24.06.2022-15-30-14,6,1518,168.7
24.06.2022-15-32-33,2,432,48.0
24.06.2022-15-32-33,3,782,86.9
24.06.2022-15-32-33,4,390,43.3
24.06.2022-15-32-33,5,644,71.6
24.06.2022-15-32-33,6,4851,539.0
24.06.2022-15-35-01,0,384,42.7
24.06.2022-15-35-01,1,1248,138.7
24.06.2022-15-35-01,2,1488,165.3
24.06.2022-15-35-01,3,374,41.6
24.06.2022-15-35-59,1,819,91.0
24.06.2022-15-35-59,3,1457,161.9
24.06.2022-15-38-38,0,2409,267.7
24.06.2022-15-53-04,1,1394,154.9
24.06.2022-15-53-04,2,910,101.1
24.06.2022-15-53-04,3,1280,142.2
24.06.2022-15-53-04,4,1400,155.6
24.06.2022-15-55-19,0,340,37.8
24.06.2022-15-55-19,1,600,66.7
24.06.2022-15-55-19,2,1032,114.7
24.06.2022-15-55-19,3,416,46.2
24.06.2022-15-55-19,4,480,53.3
24.06.2022-15-55-19,5,460,51.1
24.06.2022-15-55-19,6,510,56.7
24.06.2022-15-58-27,0,357,39.7
24.06.2022-16-00-36,0,10241,1137.9
24.06.2022-16-03-23,0,4620,513.3
24.06.2022-16-03-49,0,1640,182.2
24.06.2022-16-04-10,0,2320,257.8
24.06.2022-16-13-33,0,1927,214.1
24.06.2022-16-16-19,0,880,97.8
25.04.2022-16-10-49,0,13524,1502.7
25.04.2022-16-10-49,1,14178,1575.3
25.04.2022-16-10-49,2,11760,1306.7
25.04.2022-16-13-26,0,34086,3787.3
25.04.2022-16-13-26,1,28248,3138.7
27.04.2022-08-46-34,0,10200,1133.3
27.04.2022-08-46-34,1,420,46.7
27.04.2022-08-46-34,3,13221,1469.0
27.04.2022-08-46-34,4,714,79.3
27.04.2022-08-46-34,5,3996,444.0
27.04.2022-08-48-19,0,2928,325.3
27.04.2022-08-48-19,1,19600,2177.8
27.04.2022-08-52-35,0,4182,464.7
27.04.2022-08-52-35,1,41391,4599.0
27.04.2022-08-52-35,2,32271,3585.7
27.04.2022-08-57-55,0,646,71.8
27.04.2022-08-57-55,1,9116,1012.9
27.04.2022-08-57-55,2,8120,902.2
27.04.2022-08-59-49,0,6432,714.7
27.04.2022-08-59-49,2,1332,148.0
27.04.2022-08-59-49,3,1248,138.7
27.04.2022-08-59-49,4,2418,268.7
27.04.2022-08-59-49,5,5508,612.0
27.04.2022-08-59-49,6,588,65.3
27.04.2022-08-59-49,7,1088,120.9
27.04.2022-09-06-34,0,9350,1038.9
27.04.2022-09-06-34,1,7552,839.1
27.04.2022-09-06-34,2,1232,136.9
27.04.2022-09-06-34,3,2349,261.0
27.04.2022-09-06-34,4,1520,168.9
27.04.2022-09-06-34,5,1848,205.3
27.04.2022-09-06-34,6,1357,150.8
27.04.2022-09-06-34,7,2232,248.0
27.04.2022-09-06-34,8,1988,220.9
27.04.2022-09-06-34,9,3825,425.0
27.04.2022-09-24-00,0,18084,2009.3
27.04.2022-09-24-00,1,720,80.0
27.04.2022-09-24-00,2,2550,283.3
27.04.2022-09-24-00,3,4982,553.6
27.04.2022-09-24-00,4,4080,453.3
27.04.2022-09-24-00,5,2415,268.3
27.04.2022-09-24-00,6,1536,170.7
27.04.2022-09-29-06,0,4818,535.3
27.04.2022-09-29-06,1,1628,180.9
27.04.2022-09-29-06,2,1368,152.0
27.04.2022-09-29-06,3,1300,144.4
27.04.2022-09-29-06,4,8844,982.7
27.04.2022-10-22-49,0,17112,1901.3
27.04.2022-10-22-49,1,6040,671.1
27.04.2022-10-22-49,2,3600,400.0
27.04.2022-10-26-07,0,961,106.8
27.04.2022-10-26-07,1,6720,746.7
27.04.2022-10-33-15,2,16445,1827.2
27.04.2022-10-33-15,3,26793,2977.0
27.04.2022-10-36-16,0,1426,158.4
27.04.2022-10-39-47,0,19125,2125.0
27.04.2022-10-39-47,1,11040,1226.7
27.04.2022-10-40-58,0,4503,500.3
27.04.2022-10-40-58,1,780,86.7
27.04.2022-10-40-58,2,340,37.8
27.04.2022-10-42-23,0,2400,266.7
27.04.2022-10-42-23,1,1008,112.0
27.04.2022-10-42-23,2,350,38.9
27.04.2022-10-47-11,0,6623,735.9
27.04.2022-10-47-11,1,7912,879.1
27.04.2022-10-47-11,2,8325,925.0
27.04.2022-10-47-11,3,2759,306.6
27.04.2022-10-48-41,0,1862,206.9
27.04.2022-10-48-41,1,2112,234.7
27.04.2022-10-48-41,2,2231,247.9
27.04.2022-10-48-41,3,640,71.1
27.04.2022-10-50-53,0,672,74.7
27.04.2022-10-50-53,1,2332,259.1
27.04.2022-10-52-14,0,3120,346.7
27.04.2022-10-52-14,1,1160,128.9
27.04.2022-10-52-14,2,3552,394.7
27.04.2022-10-53-59,0,4428,492.0
27.04.2022-10-53-59,1,17250,1916.7
27.04.2022-10-55-25,0,2184,242.7
27.04.2022-10-55-25,1,3484,387.1
27.04.2022-10-58-19,0,21762,2418.0
27.04.2022-10-58-19,1,15525,1725.0
27.04.2022-10-58-19,2,16102,1789.1
27.04.2022-11-00-27,0,2574,286.0
27.04.2022-11-00-27,1,1664,184.9
27.04.2022-11-00-27,2,22950,2550.0
27.04.2022-11-00-27,4,1148,127.6
27.04.2022-11-00-27,5,34706,3856.2
27.04.2022-11-18-23,0,4212,468.0
27.04.2022-11-18-23,1,12024,1336.0
27.04.2022-11-18-23,2,11070,1230.0
27.04.2022-11-18-23,3,22464,2496.0
27.04.2022-11-18-23,4,27641,3071.2
27.04.2022-11-18-23,5,3087,343.0
27.04.2022-11-18-23,6,28520,3168.9
27.04.2022-11-18-23,7,13630,1514.4
27.04.2022-11-18-23,8,6970,774.4
27.04.2022-11-18-23,9,836,92.9
27.04.2022-11-18-23,10,528,58.7
27.04.2022-11-20-13,0,31768,3529.8
27.04.2022-11-20-13,1,14535,1615.0
27.04.2022-11-20-13,2,2240,248.9
27.04.2022-11-20-13,3,7224,802.7
27.04.2022-11-20-13,4,5568,618.7
27.04.2022-11-20-13,5,8924,991.6
27.04.2022-11-20-13,6,26864,2984.9
27.04.2022-11-20-13,7,8664,962.7
27.04.2022-11-20-13,8,4964,551.6
27.04.2022-11-21-03,1,1416,157.3
27.04.2022-11-24-40,0,2730,303.3
27.04.2022-11-24-40,1,1081,120.1
27.04.2022-11-24-40,4,1564,173.8
27.04.2022-11-25-29,0,3640,404.4
27.04.2022-15-03-46,0,1984,220.4
27.04.2022-15-42-01,0,1458,162.0
27.04.2022-15-42-01,1,3224,358.2
27.04.2022-15-42-01,2,1034,114.9
27.04.2022-15-42-01,3,1406,156.2
27.04.2022-15-42-01,4,1360,151.1
27.04.2022-15-43-18,0,650,72.2
27.04.2022-15-43-18,1,946,105.1
27.04.2022-15-48-10,0,416,46.2
27.04.2022-16-03-13,0,1564,173.8
27.04.2022-16-03-13,1,546,60.7
27.04.2022-16-03-13,2,2128,236.4
27.04.2022-16-03-53,0,3572,396.9
27.04.2022-16-03-53,1,6016,668.4
27.04.2022-16-05-04,0,34846,3871.8
27.04.2022-16-05-41,0,8820,980.0
27.04.2022-16-05-41,1,377,41.9
27.04.2022-16-06-31,0,1377,153.0
27.04.2022-16-06-31,1,1155,128.3
27.04.2022-16-06-31,2,986,109.6
27.04.2022-16-06-31,3,1022,113.6
27.04.2022-16-07-01,0,2450,272.2
27.04.2022-16-07-01,1,1024,113.8
27.04.2022-16-09-17,0,4500,500.0
27.04.2022-16-09-17,1,17384,1931.6
27.04.2022-16-09-17,2,928,103.1
27.04.2022-16-09-17,3,602,66.9
27.04.2022-16-10-16,0,37076,4119.6
27.04.2022-16-10-16,1,3780,420.0
27.04.2022-16-10-16,2,611,67.9
27.04.2022-16-11-32,1,36942,4104.7
27.04.2022-16-11-32,2,4392,488.0
27.04.2022-16-11-32,3,588,65.3
27.06.2022-08-37-21,0,9639,1071.0
27.06.2022-08-37-21,1,3528,392.0
27.06.2022-08-45-23,0,3650,405.6
27.06.2022-08-45-23,1,22946,2549.6
27.06.2022-08-48-20,0,820,91.1
27.06.2022-08-53-21,1,30849,3427.7
27.06.2022-08-53-21,2,1334,148.2
27.06.2022-08-53-21,3,672,74.7
27.06.2022-08-53-21,4,646,71.8
27.06.2022-08-53-21,5,624,69.3
27.06.2022-08-53-21,6,1160,128.9
27.06.2022-08-54-23,0,2773,308.1
27.06.2022-08-54-23,1,615,68.3
27.06.2022-08-54-23,2,348,38.7
27.06.2022-09-01-40,0,17316,1924.0
27.06.2022-09-01-40,1,3780,420.0
27.06.2022-09-01-40,3,810,90.0
27.06.2022-09-01-40,4,533,59.2
27.06.2022-09-03-31,0,7840,871.1
27.06.2022-09-05-50,0,656,72.9
27.06.2022-09-07-18,0,12240,1360.0
27.06.2022-09-07-40,0,16464,1829.3
27.06.2022-09-08-11,0,21825,2425.0
27.06.2022-09-10-54,0,1638,182.0
27.06.2022-09-11-15,0,3102,344.7
27.06.2022-09-13-51,0,7181,797.9
27.06.2022-09-13-51,1,13440,1493.3
27.06.2022-09-14-48,0,2064,229.3
27.06.2022-09-14-48,1,3120,346.7
27.06.2022-09-15-40,0,1610,178.9
27.06.2022-09-15-40,1,2241,249.0
27.06.2022-09-15-40,2,1922,213.6
27.06.2022-09-17-36,0,496,55.1
27.06.2022-09-17-36,1,444,49.3
27.06.2022-09-17-36,2,600,66.7
27.06.2022-09-17-36,3,14091,1565.7
27.06.2022-09-18-42,0,4136,459.6
27.06.2022-09-18-42,1,2958,328.7
27.06.2022-09-18-42,2,4978,553.1
27.06.2022-09-20-37,0,1008,112.0
27.06.2022-09-20-37,4,1334,148.2
27.06.2022-09-21-30,0,33120,3680.0
27.06.2022-09-21-44,0,36356,4039.6
27.06.2022-09-48-05,0,630,70.0
27.06.2022-09-48-05,1,1334,148.2
27.06.2022-09-48-05,2,2016,224.0
27.06.2022-09-51-33,0,2070,230.0
27.06.2022-09-51-33,1,1060,117.8
27.06.2022-09-51-33,2,1280,142.2
27.06.2022-09-55-21,0,4263,473.7
27.06.2022-09-55-21,1,1917,213.0
27.06.2022-09-55-21,2,3683,409.2
27.06.2022-10-06-27,0,2730,303.3
27.06.2022-10-06-50,0,840,93.3
27.06.2022-13-45-53,0,4462,495.8
27.06.2022-13-45-53,1,6290,698.9
27.06.2022-13-45-53,2,6300,700.0
27.06.2022-13-45-53,3,800,88.9
27.06.2022-13-45-53,4,6110,678.9
27.06.2022-13-45-53,5,1739,193.2
27.06.2022-13-45-53,6,2553,283.7
27.06.2022-13-45-53,7,7208,800.9
27.06.2022-14-00-22,0,1824,202.7
27.06.2022-14-00-22,1,792,88.0
27.06.2022-14-05-02,0,26344,2927.1
27.06.2022-14-05-30,0,6650,738.9
27.06.2022-14-07-20,0,3968,440.9
27.06.2022-14-07-32,0,3136,348.4
27.06.2022-14-15-56,0,3652,405.8
27.06.2022-14-15-56,1,868,96.4
27.06.2022-14-15-56,2,1394,154.9
27.06.2022-14-37-13,0,2590,287.8
27.06.2022-14-39-08,0,968,107.6
27.06.2022-14-39-08,1,1012,112.4
27.06.2022-14-39-08,2,1340,148.9
27.06.2022-14-39-08,3,2130,236.7
27.06.2022-14-40-20,0,704,78.2
27.06.2022-14-40-20,1,1062,118.0
27.06.2022-14-40-20,2,760,84.4
27.06.2022-14-40-20,3,779,86.6
27.06.2022-14-40-20,4,840,93.3
27.06.2022-14-41-10,1,540,60.0
27.06.2022-14-41-10,2,612,68.0
27.06.2022-14-41-10,3,480,53.3
27.06.2022-14-41-10,4,810,90.0
27.06.2022-14-41-10,5,418,46.4
27.06.2022-14-44-26,0,738,82.0
27.06.2022-14-44-26,1,630,70.0
27.06.2022-14-44-26,2,7336,815.1
27.06.2022-14-44-26,4,782,86.9
27.06.2022-14-44-26,5,672,74.7
27.06.2022-14-48-58,0,6570,730.0
27.06.2022-14-48-58,1,1998,222.0
27.06.2022-14-48-58,2,378,42.0
27.06.2022-14-48-58,3,1829,203.2
27.06.2022-14-48-58,4,560,62.2
27.06.2022-14-48-58,5,378,42.0
27.06.2022-14-50-50,0,1914,212.7
27.06.2022-14-50-50,1,462,51.3
27.06.2022-14-50-50,2,3770,418.9
27.06.2022-14-50-50,3,784,87.1
27.06.2022-14-50-50,4,1148,127.6
27.06.2022-14-50-50,5,1898,210.9
27.06.2022-14-52-16,0,3569,396.6
27.06.2022-14-53-25,0,7440,826.7
27.06.2022-14-53-25,1,1260,140.0
27.06.2022-14-56-33,0,23180,2575.6
27.06.2022-14-56-33,1,38528,4280.9
27.06.2022-14-56-33,2,13680,1520.0
27.06.2022-15-10-05,0,540,60.0
27.06.2022-15-10-05,1,660,73.3
27.06.2022-15-14-56,1,5472,608.0
27.06.2022-15-14-56,2,19188,2132.0
27.06.2022-15-15-52,0,7290,810.0
27.06.2022-15-15-52,1,2553,283.7
27.06.2022-15-15-52,2,2296,255.1
27.06.2022-15-15-52,3,39852,4428.0
27.06.2022-15-22-56,0,7776,864.0
27.06.2022-15-45-31,0,23100,2566.7
27.06.2022-15-45-31,1,364,40.4
27.06.2022-15-45-56,0,11088,1232.0
27.06.2022-15-48-01,0,7455,828.3
27.06.2022-15-48-01,1,15481,1720.1
27.06.2022-15-49-09,0,6160,684.4
27.06.2022-15-49-09,1,7426,825.1
27.06.2022-15-49-09,2,4785,531.7
27.06.2022-15-49-41,0,2006,222.9
27.06.2022-15-49-41,1,2904,322.7
27.06.2022-15-49-41,2,2412,268.0
27.06.2022-15-50-31,0,1540,171.1
27.06.2022-15-50-31,1,1104,122.7
27.06.2022-15-50-31,2,1152,128.0
27.06.2022-15-51-03,0,899,99.9
27.06.2022-15-51-03,1,782,86.9
27.06.2022-15-51-03,2,722,80.2
27.06.2022-15-53-25,0,3290,365.6
27.06.2022-15-53-37,0,1750,194.4
27.06.2022-15-58-11,0,30340,3371.1
27.06.2022-15-58-42,0,16008,1778.7
27.06.2022-16-14-25,0,17850,1983.3
27.06.2022-16-14-25,1,4816,535.1
27.06.2022-16-14-25,3,28677,3186.3
28.06.2022-08-24-56,0,4914,546.0
28.06.2022-08-28-29,0,4131,459.0
28.06.2022-08-28-29,1,936,104.0
28.06.2022-08-28-29,2,798,88.7
28.06.2022-08-30-37,0,20145,2238.3
28.06.2022-08-31-27,0,4440,493.3
28.06.2022-08-31-27,1,1160,128.9
28.06.2022-08-37-24,3,615,68.3
28.06.2022-08-37-24,4,1541,171.2
28.06.2022-08-37-24,5,500,55.6
28.06.2022-08-38-13,0,518,57.6
28.06.2022-08-38-13,1,552,61.3
28.06.2022-08-39-10,0,6720,746.7
28.06.2022-08-39-25,0,2968,329.8
28.06.2022-08-40-10,0,1332,148.0
28.06.2022-08-40-10,1,833,92.6
28.06.2022-08-40-37,0,624,69.3
28.06.2022-08-40-37,1,675,75.0
28.06.2022-08-56-47,0,4983,553.7
28.06.2022-09-12-32,0,1566,174.0
28.06.2022-09-12-32,2,688,76.4
28.06.2022-09-12-32,3,1150,127.8
28.06.2022-09-16-34,0,7740,860.0
28.06.2022-09-16-34,1,3055,339.4
28.06.2022-09-16-34,2,4998,555.3
28.06.2022-09-17-24,0,3096,344.0
28.06.2022-09-17-24,1,480,53.3
28.06.2022-09-17-24,2,13986,1554.0
28.06.2022-09-17-24,3,10716,1190.7
28.06.2022-09-18-40,0,1000,111.1
28.06.2022-09-18-40,1,3045,338.3
28.06.2022-09-18-40,2,2146,238.4
28.06.2022-09-20-50,0,792,88.0
28.06.2022-09-20-50,1,814,90.4
28.06.2022-09-20-50,2,646,71.8
28.06.2022-09-23-19,0,1568,174.2
28.06.2022-09-23-19,1,418,46.4
28.06.2022-09-23-19,2,403,44.8
28.06.2022-09-23-19,3,2925,325.0
28.06.2022-09-23-19,4,2214,246.0
28.06.2022-09-24-58,0,3068,340.9
28.06.2022-09-24-58,1,740,82.2
28.06.2022-09-25-40,0,527,58.6
28.06.2022-09-25-40,1,1920,213.3
28.06.2022-09-30-17,0,1485,165.0
28.06.2022-09-30-17,1,11590,1287.8
28.06.2022-09-31-02,0,1564,173.8
28.06.2022-09-31-02,1,4556,506.2
28.06.2022-09-31-02,2,1024,113.8
28.06.2022-09-34-51,0,15480,1720.0
28.06.2022-09-34-51,1,2592,288.0
28.06.2022-09-34-51,2,1326,147.3
28.06.2022-09-34-51,3,7560,840.0
28.06.2022-09-35-35,0,896,99.6
28.06.2022-09-35-35,1,1705,189.4
28.06.2022-09-35-35,2,5795,643.9
28.06.2022-09-35-35,3,9486,1054.0
28.06.2022-09-37-40,0,2990,332.2
28.06.2022-09-37-40,1,551,61.2
28.06.2022-09-37-40,2,340,37.8
28.06.2022-09-37-40,3,1530,170.0
28.06.2022-09-37-40,4,1924,213.8
28.06.2022-09-53-04,1,1428,158.7
28.06.2022-09-54-07,1,3570,396.7
28.06.2022-09-54-32,1,2312,256.9
28.06.2022-09-58-58,0,3864,429.3
28.06.2022-09-59-10,0,2346,260.7
28.06.2022-09-59-56,1,816,90.7
28.06.2022-09-59-56,2,4576,508.4
28.06.2022-10-03-49,0,1404,156.0
28.06.2022-10-03-49,1,1450,161.1
28.06.2022-10-04-31,0,1272,141.3
28.06.2022-10-04-31,1,741,82.3
28.06.2022-10-04-31,2,24341,2704.6
28.06.2022-10-06-02,0,2835,315.0
28.06.2022-10-06-02,1,810,90.0
28.06.2022-10-06-21,0,3913,434.8
28.06.2022-10-06-37,0,9588,1065.3
28.06.2022-10-06-37,1,990,110.0
28.06.2022-10-16-31,0,1680,186.7
28.06.2022-10-20-24,0,43974,4886.0
28.06.2022-10-20-54,0,28770,3196.7
28.06.2022-10-21-29,0,19008,2112.0
28.06.2022-10-22-02,0,13193,1465.9
28.06.2022-10-22-39,0,9453,1050.3
28.06.2022-10-23-51,1,5832,648.0
28.06.2022-10-27-08,0,36036,4004.0
28.06.2022-10-53-13,0,836,92.9
28.06.2022-10-53-50,0,846,94.0
28.06.2022-10-53-50,1,1978,219.8
28.06.2022-10-53-50,2,6370,707.8
28.06.2022-10-54-53,0,19608,2178.7
28.06.2022-10-54-53,1,5504,611.6
28.06.2022-10-55-30,0,3813,423.7
28.06.2022-10-55-30,1,924,102.7
28.06.2022-10-55-30,2,512,56.9
28.06.2022-10-56-03,0,480,53.3
28.06.2022-10-56-03,1,405,45.0
28.06.2022-10-56-03,2,1728,192.0
28.06.2022-10-57-42,0,1674,186.0
28.06.2022-10-57-42,1,378,42.0
28.06.2022-10-57-42,2,660,73.3
28.06.2022-11-02-00,0,375,41.7
28.06.2022-11-02-33,3,756,84.0
28.06.2022-11-03-19,0,1682,186.9
28.06.2022-11-03-47,0,2278,253.1
28.06.2022-11-05-16,0,392,43.6
28.06.2022-11-08-11,0,969,107.7
28.06.2022-11-08-11,1,3294,366.0
28.06.2022-11-08-11,2,2448,272.0
28.06.2022-11-08-46,0,484,53.8
28.06.2022-11-08-46,1,975,108.3
28.06.2022-11-08-46,2,1071,119.0
28.06.2022-11-09-33,0,3115,346.1
28.06.2022-11-12-44,0,2204,244.9
28.06.2022-11-12-44,1,4738,526.4
28.06.2022-11-13-05,0,850,94.4
28.06.2022-11-13-05,1,2380,264.4
28.06.2022-11-13-45,0,559,62.1
28.06.2022-11-13-45,1,1400,155.6
28.06.2022-11-15-43,0,650,72.2
28.06.2022-11-15-43,1,1081,120.1
28.06.2022-11-18-29,0,1176,130.7
28.06.2022-11-18-29,1,432,48.0
28.06.2022-11-18-29,2,368,40.9
28.06.2022-11-18-29,3,544,60.4
28.06.2022-11-18-29,5,384,42.7
28.06.2022-11-31-07,0,918,102.0
28.06.2022-11-42-23,0,3024,336.0
28.06.2022-11-42-23,1,8684,964.9
28.06.2022-11-42-23,2,483,53.7
29.04.2022-14-26-47,0,7560,840.0
29.04.2022-14-27-34,0,5320,591.1
29.04.2022-14-27-34,1,1040,115.6
29.04.2022-14-35-53,0,6480,720.0
29.04.2022-14-35-53,1,972,108.0
29.04.2022-14-38-05,0,2107,234.1
29.04.2022-14-38-05,1,5076,564.0
29.04.2022-14-38-05,2,7847,871.9
29.04.2022-14-38-05,3,5400,600.0
29.04.2022-14-38-05,4,8360,928.9
29.04.2022-14-39-33,0,2688,298.7
29.04.2022-14-39-33,1,700,77.8
29.04.2022-14-39-33,2,1672,185.8
29.04.2022-14-39-33,3,3290,365.6
29.04.2022-14-39-33,4,3145,349.4
29.04.2022-14-39-33,5,2590,287.8
29.04.2022-14-39-33,6,12190,1354.4
29.04.2022-14-41-26,0,1782,198.0
29.04.2022-14-41-26,1,2880,320.0
29.04.2022-14-41-26,2,800,88.9
29.04.2022-14-41-26,3,1794,199.3
29.04.2022-14-41-26,4,3700,411.1
29.04.2022-14-41-26,5,2508,278.7
29.04.2022-14-41-26,6,3219,357.7
29.04.2022-14-41-26,7,2310,256.7
29.04.2022-14-41-26,8,13746,1527.3
29.04.2022-14-41-26,9,1722,191.3
29.04.2022-14-48-50,0,3952,439.1
29.04.2022-14-48-50,1,6579,731.0
29.04.2022-15-10-15,0,3551,394.6
29.04.2022-15-10-15,1,5487,609.7
29.04.2022-15-10-15,2,4935,548.3
29.04.2022-15-10-15,3,1404,156.0
29.04.2022-15-10-15,4,19680,2186.7
29.04.2022-15-16-00,0,21052,2339.1
29.04.2022-15-16-00,1,3182,353.6
29.04.2022-15-16-00,2,588,65.3
29.04.2022-15-17-33,0,345,38.3
29.04.2022-15-17-33,1,2848,316.4
29.04.2022-15-17-33,2,5733,637.0
29.04.2022-15-17-33,3,5904,656.0
29.04.2022-15-21-31,0,1040,115.6
29.04.2022-15-21-31,1,7458,828.7
29.04.2022-15-21-31,2,1120,124.4
29.04.2022-15-21-31,3,9720,1080.0
29.04.2022-15-21-31,4,858,95.3
29.04.2022-15-21-31,5,24651,2739.0
29.04.2022-15-21-31,6,23540,2615.6
29.04.2022-15-49-27,0,900,100.0
29.04.2022-15-49-27,1,2425,269.4
29.04.2022-15-49-27,3,1300,144.4
29.04.2022-15-49-27,4,2720,302.2
29.04.2022-15-49-27,5,3960,440.0
29.04.2022-15-49-27,6,6223,691.4
29.04.2022-15-49-27,7,8340,926.7
